CARD_TXN_ID,CARD_ID,TXN_DATE,AMOUNT,MERCHANT_CATEGORY,IS_FRAUD
1,690,2024-03-14,4031.7,Dining,0
2,283,2024-02-10,7186.59,Entertainment,0
3,490,2024-10-02,2330.82,Grocery,0
4,217,2024-12-07,4020.32,Travel,0
5,220,2026-01-11,814.8,Online Retail,0
6,580,2024-07-05,1882.26,Dining,0
7,291,2026-02-05,1528.44,Fuel,0
8,372,2025-04-27,628.95,Grocery,0
9,84,2024-03-10,135.77,Grocery,0
10,241,2026-07-18,1949.99,Electronics,0
11,456,2025-07-10,879.18,Dining,1
12,372,2026-04-09,3056.89,Fuel,0
13,212,2024-03-26,3490.28,Healthcare,0
14,21,2025-03-16,9567.86,Grocery,0
15,385,2024-07-01,2911.01,Dining,0
16,245,2025-05-17,564.34,Travel,0
17,646,2026-02-03,5497.88,Entertainment,0
18,31,2026-04-07,2610.95,Entertainment,0
19,479,2026-08-05,243.04,Grocery,1
20,269,2024-09-12,6913.52,Online Retail,0
21,188,2024-09-21,644.92,Fuel,0
22,500,2026-01-17,574.11,Grocery,0
23,361,2026-01-27,999.21,Fuel,0
24,53,2024-11-17,3408.1,Online Retail,0
25,422,2024-11-29,942.35,Fuel,0
26,126,2024-07-09,297.98,Online Retail,0
27,596,2026-02-03,265.42,Fuel,0
28,169,2024-04-18,6587.47,Entertainment,0
29,556,2025-07-10,1047.65,Fuel,0
30,231,2025-01-11,8962.37,Online Retail,0
31,221,2025-06-16,5893.95,Entertainment,0
32,2,2026-06-19,2552.81,Fuel,0
33,644,2026-02-27,3303.27,Travel,0
34,387,2026-05-31,305.33,Online Retail,0
35,104,2025-11-09,1409.35,Online Retail,0
36,25,2025-02-21,3026.67,Healthcare,0
37,194,2026-08-04,2563.6,Electronics,0
38,345,2025-06-30,7473.74,Grocery,0
39,24,2024-12-19,2065.93,Travel,0
40,253,2026-04-14,4746.75,Healthcare,0
41,218,2026-07-20,854.07,Fuel,0
42,612,2025-04-10,3739.31,Grocery,0
43,290,2026-03-17,137.22,Online Retail,0
44,74,2025-04-25,7189.43,Fuel,0
45,169,2025-04-26,4257.11,Entertainment,0
46,579,2025-05-30,2428.38,Dining,0
47,9,2025-05-03,1073.71,Online Retail,0
48,94,2026-05-20,4162.34,Healthcare,0
49,8,2026-05-29,1304.21,Online Retail,1
50,35,2026-02-12,1667.57,Entertainment,0
51,647,2025-07-26,2756.49,Dining,0
52,694,2024-04-20,4964.82,Grocery,0
53,515,2024-11-25,3824.16,Electronics,0
54,65,2024-05-17,8535.16,Electronics,0
55,489,2024-02-10,3563.35,Online Retail,0
56,541,2025-09-08,12010.54,Online Retail,0
57,551,2024-10-19,2842.35,Travel,0
58,523,2024-03-17,89.61,Dining,0
59,486,2024-07-30,5874.17,Healthcare,0
60,310,2024-03-05,8358.54,Travel,0
61,44,2024-05-05,3872.62,Healthcare,0
62,577,2025-04-29,3428.68,Electronics,0
63,649,2025-10-17,2114.32,Grocery,0
64,351,2026-02-07,8839.69,Travel,0
65,301,2025-01-20,652.21,Grocery,0
66,643,2025-12-23,9819.63,Grocery,0
67,318,2024-04-02,3104.9,Dining,0
68,260,2024-05-05,5106.68,Dining,0
69,621,2024-11-14,183.82,Electronics,0
70,649,2025-09-13,1103.54,Electronics,0
71,144,2024-05-16,2300.09,Electronics,0
72,193,2024-01-02,5355.15,Online Retail,0
73,219,2025-08-06,2747.08,Dining,0
74,112,2025-02-01,3195.71,Fuel,0
75,599,2025-02-20,2809.87,Healthcare,0
76,682,2025-02-14,567.9,Healthcare,0
77,364,2026-06-29,2722.92,Electronics,0
78,498,2024-04-22,1669.71,Fuel,0
79,295,2025-08-16,2146.07,Entertainment,0
80,697,2026-01-17,325.11,Dining,0
81,669,2026-01-16,5459.54,Fuel,0
82,525,2024-03-24,1978.43,Entertainment,0
83,623,2024-11-22,7827.0,Healthcare,0
84,95,2026-07-25,3283.95,Travel,0
85,622,2026-01-05,6139.1,Electronics,0
86,299,2026-06-18,3278.7,Online Retail,0
87,149,2025-12-17,3618.97,Electronics,0
88,652,2024-03-08,8170.13,Travel,1
89,591,2026-08-24,708.36,Travel,0
90,95,2026-03-25,5830.22,Electronics,0
91,460,2025-10-06,1826.73,Entertainment,0
92,618,2024-01-01,234.51,Healthcare,0
93,485,2026-06-12,1771.08,Healthcare,0
94,338,2026-05-18,4217.62,Travel,0
95,34,2026-04-25,975.35,Travel,0
96,348,2024-10-18,777.01,Dining,0
97,390,2026-06-14,2448.48,Dining,0
98,590,2024-01-08,1280.39,Travel,0
99,153,2025-07-12,2443.48,Dining,0
100,145,2026-01-19,4074.68,Online Retail,0
101,649,2024-08-06,2057.94,Travel,0
102,587,2026-08-01,2378.52,Healthcare,0
103,394,2025-07-24,3569.94,Entertainment,0
104,313,2024-06-08,9243.19,Fuel,0
105,433,2026-06-17,1673.94,Online Retail,0
106,107,2024-05-03,3347.45,Fuel,0
107,171,2026-08-06,2396.79,Dining,0
108,380,2026-08-12,715.58,Grocery,0
109,295,2026-07-11,4689.8,Grocery,0
110,125,2024-11-10,7467.36,Dining,0
111,371,2025-03-06,4079.48,Grocery,0
112,458,2026-01-08,89.68,Travel,0
113,569,2026-02-23,1779.8,Fuel,0
114,441,2024-07-22,4066.65,Grocery,0
115,429,2025-04-21,5877.06,Healthcare,0
116,390,2025-01-09,344.93,Fuel,0
117,80,2025-11-05,689.92,Fuel,0
118,270,2026-01-23,3448.23,Electronics,0
119,316,2025-02-24,2724.41,Healthcare,0
120,367,2026-05-19,2451.29,Fuel,0
121,207,2024-10-22,8848.08,Healthcare,0
122,521,2026-01-07,9525.54,Grocery,0
123,378,2025-03-06,901.83,Healthcare,0
124,214,2024-04-13,214.78,Fuel,0
125,329,2024-10-26,2293.04,Fuel,0
126,497,2026-03-28,4607.4,Grocery,0
127,16,2025-02-16,6339.84,Healthcare,0
128,239,2026-02-07,1702.75,Grocery,0
129,146,2025-10-22,1166.68,Travel,0
130,226,2025-02-06,3628.44,Travel,0
131,463,2024-07-14,1984.58,Electronics,0
132,150,2025-12-05,2595.36,Entertainment,0
133,382,2025-10-21,4099.61,Healthcare,0
134,265,2024-11-01,2116.43,Fuel,0
135,38,2024-03-12,442.44,Travel,0
136,620,2025-01-14,1203.76,Healthcare,0
137,419,2024-01-02,1275.15,Electronics,0
138,209,2026-01-23,1289.91,Travel,0
139,353,2024-08-15,154.67,Fuel,0
140,691,2025-01-18,10665.42,Fuel,0
141,106,2024-07-16,682.18,Fuel,0
142,597,2026-06-10,4835.05,Electronics,0
143,2,2026-03-23,1004.67,Grocery,0
144,605,2026-06-30,1685.67,Dining,0
145,235,2026-01-07,2530.18,Fuel,0
146,208,2024-04-30,1368.17,Grocery,0
147,546,2025-10-11,8196.45,Electronics,0
148,115,2025-03-20,23083.62,Dining,0
149,94,2025-11-19,6012.67,Electronics,0
150,327,2025-11-05,2933.06,Entertainment,0
151,662,2025-10-08,1781.56,Entertainment,0
152,232,2025-09-03,5202.88,Fuel,0
153,380,2026-03-16,6471.48,Travel,1
154,279,2026-04-28,2287.57,Entertainment,0
155,531,2025-06-04,7412.01,Dining,0
156,630,2024-01-02,118.12,Fuel,0
157,684,2024-01-18,4582.13,Electronics,0
158,189,2024-02-03,2602.52,Travel,0
159,184,2026-04-21,3102.61,Entertainment,0
160,648,2025-03-20,5903.47,Fuel,0
161,409,2025-04-03,4175.81,Grocery,0
162,230,2024-10-03,10880.28,Dining,0
163,239,2026-06-24,12354.68,Grocery,0
164,124,2024-08-21,2101.37,Dining,0
165,60,2026-05-20,562.29,Dining,0
166,243,2025-10-15,2477.0,Fuel,0
167,556,2025-01-24,897.95,Grocery,0
168,462,2025-10-07,1594.3,Electronics,0
169,9,2026-06-28,2842.3,Electronics,1
170,32,2024-03-05,3976.43,Healthcare,0
171,609,2024-02-27,2297.17,Travel,0
172,556,2024-06-16,1117.16,Online Retail,0
173,557,2025-10-07,38.31,Dining,0
174,604,2025-05-26,5743.9,Travel,0
175,447,2025-10-26,6508.84,Entertainment,0
176,237,2025-01-29,5953.17,Fuel,0
177,414,2026-03-30,890.07,Dining,0
178,450,2025-04-01,3655.91,Grocery,0
179,592,2025-04-04,6715.24,Healthcare,0
180,373,2025-04-14,3354.47,Fuel,0
181,39,2024-08-22,3088.49,Entertainment,0
182,436,2026-08-09,9804.19,Healthcare,0
183,516,2024-02-13,1595.15,Healthcare,0
184,662,2024-01-25,1311.77,Healthcare,0
185,127,2025-03-31,1022.85,Healthcare,0
186,603,2025-11-02,171.51,Healthcare,0
187,15,2025-03-17,8177.14,Healthcare,0
188,512,2026-02-10,3308.37,Online Retail,0
189,219,2024-12-13,1630.8,Grocery,0
190,83,2024-08-14,2749.38,Travel,0
191,230,2025-09-12,8775.01,Electronics,0
192,387,2024-08-26,369.42,Entertainment,0
193,135,2025-06-02,7950.58,Travel,0
194,386,2025-09-13,2511.02,Travel,0
195,498,2024-04-22,3882.8,Online Retail,0
196,614,2024-08-10,4087.33,Grocery,0
197,392,2024-02-16,9183.48,Dining,0
198,422,2024-07-25,960.64,Fuel,0
199,645,2026-05-18,513.12,Fuel,0
200,25,2024-01-13,1198.08,Grocery,0
201,534,2025-12-24,4697.11,Healthcare,0
202,685,2024-06-21,8317.43,Dining,0
203,579,2025-03-27,1019.73,Grocery,0
204,646,2024-01-08,418.57,Grocery,0
205,632,2025-04-28,8684.12,Healthcare,0
206,413,2026-06-28,1678.04,Entertainment,0
207,565,2024-04-21,1811.81,Fuel,0
208,255,2024-10-30,2908.93,Online Retail,0
209,83,2024-09-13,2384.5,Fuel,0
210,60,2025-11-16,4831.7,Fuel,0
211,130,2026-03-15,552.43,Travel,0
212,507,2024-09-21,341.56,Electronics,0
213,282,2024-05-03,3834.42,Electronics,0
214,568,2026-05-16,4035.71,Grocery,0
215,233,2024-04-11,4815.63,Fuel,0
216,554,2026-04-16,4584.68,Online Retail,0
217,620,2025-06-28,352.28,Healthcare,0
218,229,2026-02-01,4519.67,Entertainment,1
219,367,2026-03-30,4348.92,Healthcare,0
220,376,2025-11-05,455.29,Online Retail,0
221,614,2025-01-04,6486.61,Healthcare,0
222,263,2024-11-11,978.06,Fuel,0
223,272,2025-09-21,834.26,Travel,0
224,543,2025-05-18,4922.22,Dining,0
225,635,2026-05-29,626.9,Online Retail,0
226,20,2026-01-14,2054.59,Fuel,0
227,51,2026-05-18,1735.93,Fuel,0
228,654,2025-01-22,1417.01,Healthcare,0
229,312,2025-04-01,1076.68,Grocery,0
230,392,2026-05-09,12673.52,Online Retail,0
231,631,2024-10-15,4672.22,Fuel,0
232,278,2026-03-15,1236.95,Grocery,0
233,315,2025-07-13,1277.62,Grocery,0
234,594,2025-02-10,3501.86,Grocery,1
235,513,2026-06-20,1726.04,Online Retail,0
236,486,2024-09-15,3712.12,Entertainment,0
237,253,2025-10-25,701.4,Entertainment,0
238,492,2024-12-12,2898.19,Grocery,0
239,581,2026-07-20,5196.82,Entertainment,0
240,640,2025-06-17,2745.79,Fuel,0
241,442,2025-07-18,1865.54,Travel,0
242,611,2024-11-04,4068.05,Electronics,0
243,569,2024-01-21,100.61,Fuel,0
244,513,2026-08-24,5182.95,Electronics,0
245,376,2025-03-12,143.14,Online Retail,0
246,305,2025-10-06,5951.3,Electronics,0
247,447,2026-05-30,1788.78,Online Retail,0
248,620,2024-12-11,5559.71,Entertainment,0
249,371,2024-02-02,6668.96,Grocery,0
250,490,2026-01-31,1919.16,Electronics,0
251,398,2025-08-25,6250.47,Fuel,0
252,455,2025-09-19,3284.71,Fuel,0
253,483,2025-01-03,4039.51,Fuel,0
254,37,2026-06-04,7546.65,Electronics,0
255,85,2025-01-28,3633.72,Healthcare,0
256,28,2024-02-04,5570.96,Travel,0
257,539,2025-07-07,11886.31,Healthcare,0
258,627,2026-01-27,5530.48,Entertainment,0
259,249,2025-02-05,1737.41,Online Retail,0
260,54,2025-03-19,3387.33,Healthcare,0
261,9,2026-06-16,1267.65,Electronics,0
262,312,2025-07-27,3535.09,Travel,0
263,451,2024-10-23,2001.94,Fuel,0
264,234,2024-12-18,3867.08,Dining,0
265,430,2026-01-10,5632.81,Entertainment,0
266,108,2025-12-29,1216.34,Entertainment,0
267,509,2024-03-30,2816.1,Electronics,0
268,232,2026-01-24,877.65,Entertainment,0
269,699,2024-11-20,1292.09,Healthcare,0
270,539,2024-05-10,3258.98,Travel,0
271,324,2024-06-02,1849.7,Grocery,0
272,663,2026-05-10,8674.99,Dining,0
273,682,2024-08-02,258.92,Entertainment,0
274,139,2025-05-15,10141.28,Grocery,0
275,405,2025-07-04,5540.02,Entertainment,0
276,459,2025-05-01,4626.84,Electronics,0
277,251,2024-11-29,5236.74,Entertainment,0
278,700,2024-01-25,5143.33,Fuel,0
279,475,2024-02-17,1703.17,Travel,0
280,534,2025-04-14,5788.67,Online Retail,0
281,138,2026-04-21,3514.36,Healthcare,1
282,632,2026-04-01,342.32,Travel,0
283,677,2025-10-20,1316.09,Travel,0
284,634,2024-10-02,889.54,Online Retail,0
285,309,2026-07-20,2256.11,Grocery,0
286,654,2025-01-08,147.18,Online Retail,0
287,8,2026-02-19,5020.26,Dining,0
288,143,2024-05-13,5804.94,Travel,0
289,459,2025-06-29,1647.39,Healthcare,0
290,541,2024-08-01,3930.91,Fuel,0
291,85,2025-03-24,8942.39,Grocery,0
292,206,2026-02-01,1820.43,Entertainment,0
293,63,2026-07-11,1821.55,Dining,0
294,73,2024-03-07,2120.78,Grocery,0
295,17,2025-02-17,4674.79,Fuel,0
296,694,2024-03-11,1783.76,Travel,0
297,619,2025-06-15,2160.96,Healthcare,0
298,427,2026-08-28,4526.68,Online Retail,0
299,24,2024-11-21,4297.61,Electronics,0
300,512,2025-01-06,1554.04,Entertainment,0
301,377,2024-09-30,843.57,Grocery,0
302,544,2026-04-06,1909.51,Travel,0
303,343,2026-04-04,2389.72,Electronics,0
304,6,2026-02-28,3310.97,Electronics,0
305,638,2024-08-28,2773.36,Fuel,0
306,616,2024-07-29,608.86,Healthcare,0
307,638,2024-05-20,1739.69,Fuel,0
308,464,2024-07-03,167.04,Grocery,0
309,645,2025-12-10,3294.93,Travel,0
310,50,2025-06-18,791.66,Fuel,0
311,281,2026-03-31,404.78,Fuel,0
312,225,2025-10-03,2001.78,Dining,0
313,332,2026-06-23,3779.99,Travel,0
314,29,2024-02-21,2703.12,Electronics,0
315,578,2025-10-12,9717.0,Grocery,0
316,210,2024-04-25,260.62,Grocery,0
317,85,2024-12-05,236.75,Grocery,0
318,139,2025-03-18,1426.54,Healthcare,0
319,81,2025-05-12,5599.78,Fuel,0
320,481,2024-07-24,1567.88,Healthcare,0
321,646,2024-06-30,979.45,Entertainment,0
322,59,2024-05-24,4006.94,Grocery,0
323,21,2024-07-25,1750.45,Dining,0
324,617,2025-11-04,7385.19,Travel,0
325,269,2026-05-23,2068.19,Fuel,0
326,85,2024-11-28,5676.8,Online Retail,0
327,137,2026-04-07,2245.58,Healthcare,0
328,474,2026-03-05,3799.34,Dining,0
329,59,2024-09-29,6401.02,Fuel,0
330,282,2024-07-06,234.05,Grocery,0
331,682,2025-01-05,124.35,Grocery,0
332,302,2024-04-23,289.3,Travel,0
333,117,2026-07-23,845.52,Dining,0
334,532,2026-03-02,6635.78,Dining,0
335,303,2025-01-17,10788.01,Grocery,0
336,279,2025-05-12,2408.89,Electronics,0
337,180,2024-11-15,1673.2,Entertainment,0
338,528,2024-01-03,3629.35,Grocery,0
339,344,2024-07-14,1203.76,Entertainment,0
340,339,2024-02-17,3444.05,Online Retail,0
341,537,2025-02-01,6422.91,Electronics,0
342,255,2025-02-10,3658.58,Healthcare,0
343,462,2024-12-20,717.02,Fuel,0
344,121,2025-10-31,2326.21,Fuel,0
345,401,2025-12-17,11787.35,Grocery,0
346,301,2025-06-21,4037.01,Fuel,0
347,358,2024-12-04,1519.32,Electronics,0
348,256,2024-12-06,1165.26,Travel,0
349,93,2025-03-22,1469.04,Grocery,0
350,645,2025-12-16,5135.73,Healthcare,0
351,282,2024-11-09,3196.73,Grocery,0
352,524,2025-11-26,811.56,Fuel,0
353,634,2024-11-07,6120.55,Online Retail,0
354,311,2025-06-14,11507.17,Dining,0
355,575,2024-09-01,3351.35,Dining,0
356,308,2024-03-28,7104.16,Travel,0
357,46,2025-04-30,672.76,Online Retail,0
358,618,2025-11-18,2172.93,Online Retail,0
359,589,2025-02-22,572.55,Entertainment,0
360,397,2026-01-28,5323.29,Grocery,0
361,580,2024-02-26,2610.13,Entertainment,0
362,469,2024-02-14,124.8,Dining,0
363,562,2026-06-26,688.4,Grocery,0
364,40,2025-07-06,2312.21,Entertainment,0
365,571,2024-12-06,296.63,Dining,0
366,151,2025-09-21,747.82,Online Retail,0
367,689,2026-01-08,6643.89,Entertainment,0
368,677,2026-05-10,1111.32,Online Retail,0
369,39,2026-06-03,3311.56,Entertainment,0
370,457,2024-12-09,5851.32,Travel,0
371,269,2024-01-12,4985.19,Online Retail,0
372,179,2025-02-01,9220.99,Grocery,0
373,678,2024-04-30,6237.36,Travel,0
374,281,2025-05-18,3203.14,Electronics,0
375,387,2024-07-04,368.03,Dining,0
376,220,2025-10-15,2425.45,Grocery,0
377,478,2026-05-13,5022.47,Travel,0
378,177,2024-07-14,922.56,Grocery,0
379,254,2025-06-16,6724.97,Travel,0
380,494,2026-07-22,2615.85,Grocery,0
381,149,2024-10-30,4998.79,Travel,0
382,550,2026-02-10,4969.54,Healthcare,0
383,685,2024-02-13,5178.58,Online Retail,0
384,493,2025-09-11,1557.12,Grocery,0
385,254,2024-02-04,9322.76,Online Retail,1
386,128,2024-03-11,7807.57,Entertainment,0
387,393,2025-07-17,2940.31,Fuel,0
388,307,2026-04-30,630.09,Travel,0
389,171,2025-11-16,1632.19,Entertainment,0
390,257,2025-02-06,1551.5,Entertainment,0
391,677,2025-01-10,329.54,Healthcare,0
392,119,2025-04-04,1216.13,Dining,0
393,181,2024-10-07,2246.49,Dining,0
394,245,2024-01-16,2784.17,Travel,0
395,640,2026-02-25,1934.17,Healthcare,0
396,251,2025-05-31,427.61,Healthcare,0
397,205,2026-04-23,7936.49,Electronics,0
398,209,2025-07-20,2164.25,Dining,0
399,663,2025-01-08,3234.56,Dining,0
400,248,2024-02-29,759.73,Healthcare,0
401,258,2025-12-30,2581.91,Grocery,0
402,256,2025-08-14,1530.55,Dining,0
403,611,2026-04-27,6703.89,Entertainment,0
404,498,2024-08-26,6768.17,Fuel,0
405,420,2025-01-06,593.79,Travel,1
406,150,2024-08-23,1064.15,Entertainment,0
407,80,2024-06-05,790.14,Grocery,0
408,62,2026-05-18,6529.33,Dining,0
409,207,2024-12-25,9095.14,Healthcare,0
410,555,2024-01-05,2065.02,Dining,0
411,533,2024-03-01,5476.39,Entertainment,0
412,548,2024-11-27,5104.78,Healthcare,0
413,468,2024-02-04,5021.47,Healthcare,0
414,361,2026-05-15,689.99,Dining,0
415,250,2026-03-15,1600.21,Travel,0
416,509,2026-06-02,3567.38,Online Retail,0
417,137,2026-04-11,1495.98,Entertainment,0
418,48,2024-02-17,9139.07,Fuel,0
419,581,2025-09-23,1309.1,Travel,0
420,333,2026-04-12,1666.62,Entertainment,0
421,436,2026-04-15,325.22,Electronics,0
422,670,2025-03-24,1599.29,Electronics,0
423,478,2026-07-01,4349.37,Electronics,0
424,536,2024-06-12,6444.09,Electronics,0
425,336,2025-10-31,10733.59,Grocery,0
426,223,2024-09-17,8669.56,Travel,0
427,246,2026-06-07,1402.12,Fuel,0
428,631,2026-05-23,1724.01,Entertainment,0
429,268,2026-06-15,2885.06,Online Retail,0
430,654,2024-03-02,2080.78,Online Retail,0
431,22,2024-09-24,3992.07,Fuel,0
432,205,2025-01-15,9915.84,Healthcare,0
433,661,2026-07-15,5935.36,Fuel,0
434,406,2025-10-09,4517.97,Healthcare,0
435,257,2026-08-17,3130.93,Online Retail,0
436,123,2026-04-25,1061.74,Electronics,0
437,339,2024-09-29,274.72,Healthcare,0
438,671,2024-07-03,944.7,Online Retail,0
439,251,2025-09-03,7639.16,Travel,0
440,338,2026-02-02,436.4,Healthcare,0
441,249,2024-08-02,7744.9,Dining,0
442,603,2025-10-16,7527.0,Grocery,0
443,480,2025-01-18,1360.79,Entertainment,0
444,432,2026-01-31,4630.57,Dining,0
445,470,2025-08-31,1049.65,Travel,0
446,289,2025-11-10,2419.65,Dining,0
447,568,2024-02-06,4459.89,Grocery,0
448,430,2026-04-01,5687.66,Entertainment,0
449,51,2025-09-22,3573.66,Travel,0
450,262,2024-07-14,2897.19,Dining,0
451,612,2025-04-18,2721.46,Online Retail,0
452,179,2024-09-29,2125.38,Dining,0
453,670,2024-04-30,720.16,Grocery,0
454,571,2025-04-08,5101.41,Dining,0
455,693,2025-10-29,1574.11,Electronics,0
456,559,2026-02-04,549.59,Travel,0
457,91,2026-07-07,820.21,Dining,0
458,134,2025-09-04,3271.21,Grocery,0
459,341,2024-01-03,4873.56,Dining,0
460,251,2025-01-23,3162.84,Electronics,0
461,658,2025-03-02,2338.2,Entertainment,0
462,595,2026-08-15,2550.14,Dining,0
463,532,2024-05-02,1091.33,Fuel,0
464,659,2026-05-11,6237.02,Grocery,0
465,43,2024-07-20,840.41,Entertainment,0
466,492,2025-10-14,3665.62,Grocery,0
467,610,2025-04-24,5882.7,Dining,0
468,683,2026-08-05,3378.53,Online Retail,0
469,587,2024-10-11,4564.1,Fuel,0
470,567,2025-04-08,1216.45,Fuel,0
471,547,2025-09-24,3555.04,Fuel,0
472,90,2024-07-01,5584.82,Travel,0
473,289,2024-09-14,5133.7,Electronics,0
474,614,2026-01-01,5639.35,Entertainment,0
475,443,2026-01-26,1986.41,Grocery,0
476,183,2025-10-19,6524.23,Electronics,0
477,502,2024-06-27,3032.49,Travel,0
478,19,2024-07-28,1876.43,Travel,0
479,278,2026-06-03,9212.1,Grocery,0
480,528,2026-05-27,173.67,Online Retail,0
481,549,2025-01-25,2818.62,Online Retail,0
482,357,2025-06-21,1302.68,Electronics,0
483,192,2024-02-24,5107.38,Healthcare,0
484,348,2025-10-01,1184.85,Travel,0
485,129,2024-04-07,342.94,Travel,0
486,656,2024-03-24,1744.23,Dining,0
487,602,2025-06-03,1947.1,Electronics,0
488,506,2026-04-08,1461.4,Healthcare,0
489,238,2026-06-07,567.57,Electronics,0
490,101,2025-02-22,2315.65,Healthcare,0
491,40,2025-05-17,239.1,Fuel,0
492,269,2025-06-14,2311.95,Electronics,0
493,583,2025-03-14,2410.05,Dining,0
494,259,2025-12-04,8468.73,Healthcare,0
495,560,2026-01-23,3253.63,Entertainment,0
496,124,2025-03-29,262.28,Travel,0
497,562,2024-08-09,4054.5,Entertainment,0
498,54,2026-03-28,9540.6,Fuel,0
499,239,2025-10-21,1199.82,Entertainment,0
500,106,2025-02-01,2419.59,Dining,0
501,423,2024-07-31,1971.39,Online Retail,0
502,132,2025-02-01,2556.9,Online Retail,0
503,10,2026-04-04,2474.41,Healthcare,0
504,226,2024-11-18,2379.22,Dining,0
505,2,2026-05-09,1351.19,Healthcare,0
506,266,2024-08-28,2127.0,Electronics,0
507,182,2024-07-08,2823.94,Travel,0
508,654,2024-03-04,3111.54,Grocery,0
509,368,2024-05-19,3605.93,Fuel,0
510,308,2024-09-11,7180.0,Dining,0
511,421,2025-12-06,4538.01,Fuel,0
512,96,2025-05-31,3122.28,Dining,0
513,94,2025-09-28,1906.92,Fuel,0
514,108,2024-04-05,12930.5,Fuel,0
515,608,2025-08-29,246.3,Dining,0
516,522,2025-09-25,3567.1,Entertainment,0
517,672,2025-05-11,5281.96,Electronics,0
518,569,2025-09-14,2847.93,Fuel,0
519,84,2024-05-05,1263.8,Healthcare,0
520,116,2025-04-27,4008.44,Online Retail,0
521,577,2025-12-02,813.44,Electronics,0
522,383,2024-05-14,5309.89,Online Retail,0
523,430,2024-06-07,713.9,Travel,0
524,164,2025-12-30,7789.19,Dining,0
525,352,2025-06-13,4020.72,Healthcare,0
526,632,2024-08-05,2977.62,Dining,0
527,343,2024-12-03,2247.99,Entertainment,0
528,482,2026-05-08,2511.22,Fuel,0
529,525,2024-11-19,934.14,Entertainment,0
530,648,2024-12-15,2790.14,Online Retail,0
531,147,2026-03-22,1744.64,Entertainment,0
532,638,2024-07-17,1585.46,Travel,0
533,427,2025-03-20,12299.97,Electronics,0
534,584,2024-10-31,1781.75,Entertainment,0
535,183,2025-04-26,2058.67,Fuel,0
536,83,2024-09-14,6251.07,Entertainment,0
537,60,2026-05-23,927.19,Electronics,0
538,269,2024-05-13,7629.6,Entertainment,0
539,388,2025-06-28,1986.26,Dining,0
540,202,2025-09-10,1113.27,Grocery,0
541,189,2026-02-20,236.41,Online Retail,0
542,572,2024-04-05,6878.23,Fuel,0
543,520,2026-04-21,1481.78,Entertainment,0
544,445,2024-08-31,1931.36,Online Retail,0
545,456,2025-11-08,1964.56,Entertainment,0
546,593,2024-02-21,1476.75,Entertainment,0
547,158,2024-05-20,3990.73,Fuel,0
548,658,2025-06-01,12858.36,Online Retail,0
549,604,2024-04-26,8146.56,Dining,0
550,241,2025-03-11,2915.63,Healthcare,0
551,243,2025-02-27,5352.65,Travel,0
552,130,2025-04-07,10009.88,Entertainment,0
553,497,2024-03-02,6051.66,Fuel,0
554,213,2025-12-15,3069.09,Entertainment,0
555,188,2024-10-20,4051.91,Grocery,0
556,471,2025-11-29,7706.51,Travel,0
557,138,2024-07-22,138.0,Dining,0
558,80,2024-07-22,2230.35,Online Retail,0
559,603,2024-02-07,73.37,Electronics,0
560,28,2026-04-13,658.35,Travel,0
561,644,2025-01-24,2045.38,Grocery,0
562,479,2024-05-11,9329.03,Travel,0
563,247,2024-08-30,6975.14,Entertainment,0
564,395,2024-05-13,1113.29,Entertainment,0
565,221,2024-04-09,4022.65,Travel,0
566,287,2024-03-12,861.94,Online Retail,0
567,492,2025-12-13,2929.53,Dining,1
568,637,2025-07-22,8426.01,Travel,0
569,160,2026-06-08,546.74,Online Retail,0
570,374,2026-08-08,3498.1,Travel,0
571,605,2025-08-28,5198.97,Fuel,0
572,10,2025-06-09,1400.53,Grocery,0
573,6,2026-06-25,3468.77,Entertainment,0
574,431,2026-07-08,1065.47,Entertainment,0
575,100,2024-06-11,3081.95,Entertainment,0
576,696,2025-08-06,3082.13,Dining,0
577,85,2026-01-18,431.42,Travel,0
578,517,2026-04-30,316.56,Fuel,0
579,223,2025-02-02,235.01,Dining,0
580,647,2025-09-13,4258.26,Travel,0
581,607,2025-04-22,3648.77,Electronics,0
582,559,2025-09-05,2795.95,Travel,0
583,449,2025-10-09,2108.73,Entertainment,0
584,152,2025-07-22,5562.35,Online Retail,0
585,76,2026-02-02,1856.09,Grocery,0
586,184,2024-03-12,1188.27,Electronics,0
587,56,2024-02-28,634.42,Healthcare,0
588,550,2026-03-24,2625.44,Travel,0
589,202,2025-01-13,3218.86,Healthcare,1
590,309,2025-01-10,2491.32,Online Retail,0
591,434,2026-01-15,4962.64,Entertainment,0
592,492,2025-06-17,1923.32,Entertainment,0
593,416,2025-06-05,15312.46,Online Retail,0
594,516,2026-06-29,2638.13,Healthcare,0
595,80,2024-11-29,1573.15,Fuel,0
596,196,2024-09-13,1738.75,Entertainment,0
597,533,2024-02-09,3717.49,Fuel,0
598,503,2026-07-08,12713.85,Grocery,0
599,443,2024-01-08,1207.75,Electronics,0
600,658,2025-02-10,4568.78,Dining,0
601,689,2025-02-18,3498.35,Electronics,0
602,59,2026-06-22,8628.69,Electronics,0
603,387,2025-04-16,1133.44,Healthcare,0
604,631,2024-01-07,4055.62,Grocery,0
605,230,2024-08-11,6198.48,Fuel,0
606,42,2025-05-12,4502.54,Healthcare,0
607,84,2026-02-18,5646.01,Entertainment,0
608,506,2024-02-23,1835.65,Dining,0
609,644,2025-12-06,3303.46,Travel,0
610,496,2024-06-18,7300.16,Online Retail,0
611,27,2024-07-02,334.77,Travel,0
612,289,2024-05-18,1875.27,Grocery,0
613,245,2024-07-02,1036.41,Fuel,0
614,639,2025-08-22,979.09,Travel,0
615,372,2026-04-23,3585.48,Grocery,0
616,165,2024-03-07,3525.4,Online Retail,0
617,399,2026-06-15,1962.89,Online Retail,0
618,525,2024-08-03,3094.51,Entertainment,0
619,408,2026-08-17,2476.26,Electronics,0
620,293,2026-02-27,248.65,Healthcare,0
621,502,2025-10-31,620.39,Fuel,0
622,213,2025-04-23,4582.32,Electronics,1
623,90,2026-06-24,830.37,Grocery,0
624,604,2025-04-07,1928.64,Electronics,0
625,504,2024-05-24,3848.08,Dining,0
626,512,2024-11-18,3484.94,Online Retail,0
627,623,2024-05-31,1299.16,Fuel,0
628,500,2024-09-12,2653.78,Electronics,0
629,22,2024-02-10,1851.36,Fuel,0
630,591,2025-04-02,2326.06,Dining,0
631,26,2025-06-09,8388.98,Entertainment,0
632,485,2025-05-11,4027.86,Entertainment,0
633,694,2024-08-03,2323.75,Online Retail,0
634,283,2024-09-16,2721.08,Online Retail,0
635,219,2025-07-08,70.32,Fuel,0
636,650,2024-11-13,17866.74,Fuel,0
637,319,2024-01-08,7224.81,Online Retail,0
638,646,2025-12-02,1723.12,Entertainment,0
639,218,2025-05-30,230.66,Online Retail,0
640,130,2024-07-05,1817.21,Healthcare,0
641,390,2026-05-16,6254.64,Entertainment,0
642,261,2024-09-06,5667.84,Electronics,0
643,499,2025-12-08,2612.34,Electronics,0
644,209,2024-02-14,10852.46,Entertainment,0
645,532,2024-12-23,2144.76,Online Retail,0
646,248,2024-08-31,1937.16,Electronics,0
647,249,2024-03-07,3829.07,Grocery,0
648,497,2025-02-25,1156.06,Dining,0
649,183,2024-08-26,1501.28,Grocery,0
650,200,2024-09-01,4659.31,Online Retail,1
651,383,2025-05-05,1012.1,Online Retail,0
652,232,2026-05-03,3827.61,Dining,0
653,269,2024-09-07,5894.2,Fuel,0
654,238,2024-06-01,1742.88,Online Retail,1
655,436,2026-01-26,2105.62,Healthcare,0
656,235,2025-02-09,2930.21,Healthcare,0
657,429,2026-06-30,1008.86,Dining,0
658,164,2025-11-22,1676.51,Dining,0
659,627,2024-06-20,391.93,Electronics,0
660,666,2026-01-18,773.04,Travel,0
661,3,2024-01-06,2394.98,Online Retail,0
662,74,2025-03-21,3590.68,Healthcare,0
663,72,2024-03-22,3616.34,Fuel,0
664,128,2026-01-24,1301.39,Electronics,0
665,551,2026-02-21,1328.6,Travel,0
666,173,2026-07-04,1532.83,Dining,0
667,409,2024-02-22,2609.44,Dining,0
668,177,2026-04-06,765.93,Entertainment,1
669,44,2025-12-28,303.7,Fuel,0
670,59,2026-04-11,3012.38,Healthcare,0
671,660,2025-01-30,1389.59,Electronics,0
672,391,2025-09-28,3637.31,Electronics,0
673,456,2025-02-19,1446.39,Online Retail,0
674,132,2025-10-22,3900.2,Dining,0
675,341,2025-12-13,123.51,Fuel,0
676,461,2024-10-12,1755.48,Dining,0
677,546,2024-11-08,2847.79,Grocery,0
678,460,2026-08-17,80.91,Travel,0
679,418,2026-03-01,7677.05,Fuel,0
680,438,2024-02-22,1055.44,Fuel,0
681,262,2024-04-02,5210.23,Travel,0
682,490,2026-02-12,4189.0,Dining,0
683,208,2025-12-01,9116.38,Entertainment,0
684,504,2024-07-27,127.25,Fuel,0
685,318,2026-05-31,3283.47,Dining,0
686,404,2024-01-17,2311.22,Travel,0
687,333,2024-06-09,64.41,Electronics,0
688,398,2025-06-21,2122.86,Entertainment,0
689,499,2025-06-24,1884.91,Online Retail,0
690,197,2024-07-28,544.54,Electronics,0
691,332,2025-09-16,1981.79,Travel,0
692,283,2026-03-29,1793.11,Entertainment,0
693,13,2024-05-09,1456.97,Entertainment,0
694,597,2026-02-04,3382.89,Fuel,0
695,480,2025-06-13,4769.75,Grocery,0
696,32,2026-05-28,1072.36,Healthcare,0
697,49,2024-09-02,2199.06,Electronics,1
698,649,2025-10-30,8924.83,Online Retail,0
699,593,2026-01-04,2173.82,Entertainment,0
700,511,2024-12-16,1031.44,Grocery,0
701,496,2025-07-07,667.67,Entertainment,0
702,589,2025-12-16,4015.1,Grocery,1
703,419,2025-02-04,1135.42,Grocery,0
704,5,2025-10-06,889.6,Fuel,0
705,318,2025-12-24,3782.97,Dining,0
706,232,2024-08-20,435.55,Electronics,0
707,121,2025-12-14,3587.02,Entertainment,0
708,602,2025-08-01,714.66,Dining,0
709,459,2024-07-24,899.92,Travel,0
710,632,2026-03-31,416.72,Healthcare,0
711,77,2024-01-25,957.01,Healthcare,0
712,683,2025-08-15,6311.72,Online Retail,0
713,424,2024-08-30,16679.87,Fuel,0
714,398,2025-11-22,2008.73,Dining,0
715,129,2026-05-10,1657.24,Healthcare,0
716,438,2025-10-11,4806.39,Online Retail,0
717,418,2025-01-21,3642.85,Online Retail,0
718,492,2025-09-15,5691.66,Entertainment,0
719,106,2024-07-15,3332.86,Healthcare,0
720,446,2024-03-23,6363.94,Healthcare,0
721,67,2024-12-25,3165.78,Travel,0
722,50,2025-08-21,8936.94,Healthcare,1
723,330,2025-01-08,4687.69,Entertainment,0
724,84,2024-04-19,8301.55,Online Retail,0
725,497,2025-03-18,1663.32,Dining,0
726,338,2026-04-28,1918.63,Grocery,0
727,167,2025-03-14,2969.8,Grocery,0
728,191,2025-03-24,3132.09,Travel,0
729,349,2024-10-17,2300.53,Healthcare,1
730,419,2025-04-09,2537.12,Grocery,0
731,560,2024-10-18,1858.96,Electronics,0
732,401,2026-07-22,2949.05,Travel,0
733,385,2026-02-18,1496.57,Grocery,0
734,425,2025-11-14,6164.84,Fuel,0
735,418,2025-10-08,4464.8,Online Retail,0
736,245,2024-11-13,2986.37,Grocery,0
737,155,2025-10-24,297.66,Healthcare,0
738,369,2026-07-26,234.04,Electronics,0
739,88,2024-07-04,2546.98,Online Retail,0
740,170,2026-04-19,815.93,Grocery,0
741,105,2026-08-25,3983.21,Electronics,0
742,344,2024-03-01,76.35,Online Retail,0
743,681,2024-03-25,10139.72,Electronics,0
744,613,2025-04-19,516.92,Online Retail,0
745,61,2025-10-27,5726.66,Travel,0
746,575,2025-05-23,1776.74,Entertainment,0
747,107,2025-12-25,272.72,Online Retail,0
748,638,2026-03-13,1925.43,Travel,0
749,144,2024-09-17,7621.22,Grocery,0
750,89,2025-05-22,1746.85,Healthcare,0
751,552,2024-03-16,7090.19,Healthcare,0
752,584,2024-04-25,2375.59,Dining,0
753,279,2025-12-19,4383.26,Entertainment,0
754,383,2026-05-24,1230.94,Dining,0
755,554,2025-07-05,945.43,Entertainment,0
756,598,2025-12-11,570.95,Electronics,0
757,294,2026-07-30,3005.94,Dining,1
758,550,2024-03-16,3763.12,Online Retail,0
759,557,2025-12-10,1877.79,Fuel,0
760,556,2025-08-30,1102.91,Fuel,0
761,627,2026-06-25,8755.21,Fuel,0
762,586,2024-10-20,2387.96,Grocery,0
763,314,2025-09-10,3449.7,Fuel,0
764,221,2026-04-01,1474.66,Grocery,0
765,691,2025-04-30,294.45,Healthcare,0
766,313,2024-09-20,908.35,Dining,0
767,654,2026-07-10,2222.55,Healthcare,0
768,699,2024-06-01,397.6,Travel,0
769,11,2026-03-09,4008.98,Travel,0
770,99,2026-03-28,2288.12,Online Retail,0
771,395,2024-02-04,2032.27,Grocery,0
772,62,2024-12-08,101.51,Fuel,0
773,460,2025-07-22,2203.47,Fuel,0
774,8,2024-04-09,2732.2,Travel,0
775,591,2024-05-25,766.72,Grocery,0
776,300,2024-11-18,1351.06,Healthcare,0
777,472,2026-07-13,2680.1,Online Retail,1
778,326,2025-02-21,853.38,Healthcare,0
779,482,2025-10-20,1319.71,Online Retail,0
780,477,2025-08-13,1014.53,Entertainment,0
781,203,2025-03-16,3834.37,Online Retail,0
782,561,2024-03-24,5896.21,Grocery,0
783,575,2026-07-24,2747.89,Travel,0
784,225,2025-06-07,1674.45,Online Retail,0
785,45,2024-11-23,4391.39,Online Retail,0
786,314,2025-03-07,278.44,Healthcare,0
787,461,2025-03-09,2153.3,Travel,0
788,545,2026-08-12,6169.19,Travel,0
789,142,2025-01-24,1133.76,Dining,0
790,337,2026-08-18,3431.84,Entertainment,0
791,536,2024-05-08,4663.23,Online Retail,0
792,368,2024-07-14,2648.51,Online Retail,0
793,554,2024-05-26,875.4,Travel,0
794,472,2026-07-12,1327.29,Travel,0
795,123,2025-07-30,3885.64,Entertainment,0
796,148,2025-04-23,3810.8,Fuel,0
797,556,2024-03-08,2474.22,Travel,0
798,493,2024-06-11,156.31,Dining,1
799,587,2026-06-26,463.38,Healthcare,0
800,206,2026-07-28,2085.22,Grocery,0
801,38,2024-11-15,1076.73,Entertainment,0
802,167,2025-11-24,619.17,Fuel,0
803,302,2024-11-08,630.24,Travel,0
804,86,2026-07-28,12182.34,Travel,0
805,135,2024-05-16,2914.3,Grocery,0
806,102,2024-03-29,3845.16,Healthcare,1
807,89,2024-12-08,1780.33,Travel,1
808,268,2024-06-22,5300.27,Grocery,0
809,563,2025-11-04,3542.99,Healthcare,0
810,266,2026-06-13,2671.78,Online Retail,0
811,206,2026-07-22,2726.35,Grocery,0
812,384,2026-08-15,959.3,Dining,0
813,451,2024-07-06,889.13,Entertainment,0
814,245,2024-02-20,2859.37,Electronics,0
815,3,2024-06-22,4802.6,Fuel,0
816,209,2026-01-09,6442.93,Fuel,0
817,56,2024-05-15,4162.74,Healthcare,0
818,102,2025-10-28,7063.69,Electronics,0
819,428,2025-07-13,6168.42,Healthcare,0
820,126,2026-02-09,1955.62,Grocery,0
821,260,2024-04-24,8464.21,Healthcare,0
822,275,2025-03-04,2350.14,Grocery,0
823,616,2024-03-26,2197.07,Grocery,0
824,108,2024-01-22,3868.22,Grocery,0
825,58,2025-12-26,6430.84,Online Retail,0
826,375,2025-06-22,1162.46,Healthcare,0
827,437,2026-02-12,2338.38,Online Retail,0
828,352,2024-03-17,1937.05,Entertainment,0
829,493,2024-11-02,775.45,Fuel,0
830,605,2024-05-13,1158.44,Entertainment,0
831,428,2025-07-20,822.93,Healthcare,0
832,377,2025-07-02,3701.1,Online Retail,0
833,477,2025-12-24,1844.69,Fuel,0
834,150,2024-03-28,1548.34,Fuel,1
835,175,2024-02-17,3331.15,Fuel,0
836,260,2026-04-13,3411.75,Travel,0
837,538,2025-09-10,6172.28,Fuel,0
838,597,2024-04-25,141.46,Grocery,0
839,389,2024-10-06,5186.14,Online Retail,0
840,434,2025-02-02,719.31,Entertainment,0
841,552,2025-02-02,3116.69,Entertainment,0
842,170,2025-12-15,649.62,Online Retail,0
843,86,2024-12-13,4117.39,Fuel,0
844,523,2025-08-04,1263.27,Dining,0
845,89,2025-12-01,3591.79,Travel,0
846,111,2024-04-08,1046.79,Electronics,0
847,277,2025-04-02,244.34,Fuel,0
848,550,2024-09-05,1086.47,Online Retail,0
849,273,2026-01-11,3414.92,Entertainment,0
850,84,2024-05-08,1799.19,Fuel,0
851,90,2024-11-03,4544.47,Electronics,0
852,178,2025-08-27,2069.5,Fuel,0
853,57,2025-06-11,2975.27,Entertainment,0
854,230,2024-02-08,3427.55,Dining,0
855,57,2026-06-03,4989.62,Healthcare,1
856,592,2024-03-16,490.3,Healthcare,0
857,37,2025-03-03,9522.3,Travel,0
858,139,2024-02-28,2863.74,Online Retail,0
859,24,2025-07-15,1836.25,Entertainment,0
860,205,2024-12-11,1596.85,Electronics,0
861,566,2025-10-15,4060.03,Online Retail,0
862,404,2025-09-03,1722.07,Dining,0
863,655,2026-06-08,2468.65,Entertainment,0
864,432,2024-02-14,5038.05,Entertainment,0
865,298,2025-09-12,2050.94,Fuel,0
866,671,2024-11-27,5861.1,Online Retail,0
867,131,2025-08-20,255.82,Online Retail,0
868,79,2026-07-26,3238.28,Travel,0
869,230,2026-03-23,1309.79,Travel,0
870,651,2026-08-06,3362.14,Online Retail,0
871,573,2026-08-25,1805.7,Dining,0
872,376,2026-01-29,6203.43,Grocery,0
873,651,2026-05-26,4297.07,Electronics,0
874,453,2025-10-31,1362.99,Travel,0
875,168,2024-05-01,1241.13,Fuel,1
876,4,2026-05-21,3198.03,Online Retail,0
877,22,2025-10-21,1937.6,Grocery,0
878,595,2026-04-22,2791.64,Travel,0
879,217,2024-11-16,3774.5,Entertainment,0
880,296,2025-07-25,5148.11,Electronics,0
881,270,2025-02-08,1659.89,Travel,0
882,62,2024-01-12,872.52,Online Retail,0
883,3,2025-09-21,6265.63,Fuel,0
884,509,2024-10-22,5030.66,Entertainment,0
885,477,2024-05-21,3414.99,Entertainment,0
886,158,2024-07-24,3997.75,Travel,0
887,88,2025-11-06,2181.81,Dining,0
888,362,2025-11-26,3887.95,Travel,0
889,58,2024-10-13,7150.66,Grocery,0
890,204,2024-11-28,741.52,Healthcare,0
891,504,2026-03-09,990.41,Dining,0
892,122,2025-04-07,4316.51,Online Retail,0
893,540,2024-12-28,7499.48,Entertainment,0
894,619,2026-04-13,8735.69,Fuel,0
895,129,2024-02-18,881.59,Entertainment,0
896,466,2025-10-23,897.84,Dining,0
897,538,2025-08-06,871.8,Online Retail,0
898,364,2025-01-22,2314.54,Online Retail,1
899,209,2026-01-01,220.0,Online Retail,0
900,689,2024-09-29,5481.83,Entertainment,0
901,216,2025-08-24,5153.38,Dining,0
902,174,2024-09-07,2906.54,Fuel,0
903,86,2026-01-29,1290.68,Fuel,0
904,635,2025-02-11,1100.99,Healthcare,0
905,159,2026-02-23,4120.6,Fuel,0
906,94,2025-07-20,6512.8,Electronics,0
907,28,2024-02-11,1279.64,Dining,0
908,204,2025-08-23,6672.89,Grocery,0
909,471,2024-01-02,3478.56,Healthcare,0
910,479,2025-12-15,6822.43,Fuel,0
911,596,2024-08-06,1658.81,Entertainment,0
912,468,2026-08-15,503.25,Fuel,0
913,34,2024-08-07,6828.33,Healthcare,0
914,590,2025-03-18,1160.09,Healthcare,0
915,179,2025-07-02,5592.2,Travel,0
916,670,2024-05-19,2445.42,Fuel,0
917,243,2024-08-11,3512.58,Electronics,0
918,12,2026-08-05,2870.63,Travel,1
919,275,2024-12-21,2925.69,Entertainment,0
920,316,2026-01-22,2120.17,Dining,0
921,577,2025-03-18,1948.23,Electronics,0
922,387,2024-07-26,3218.25,Entertainment,0
923,31,2025-08-08,6351.34,Travel,0
924,34,2024-05-15,1152.97,Online Retail,0
925,430,2026-08-29,4286.47,Grocery,0
926,59,2025-10-20,526.4,Grocery,0
927,373,2025-11-02,3754.44,Electronics,0
928,628,2024-01-26,1429.97,Entertainment,0
929,587,2024-09-16,949.53,Dining,0
930,443,2025-01-11,3156.03,Entertainment,0
931,215,2024-12-08,7211.3,Grocery,0
932,361,2024-04-20,788.48,Online Retail,0
933,72,2024-02-12,600.72,Fuel,0
934,518,2025-08-03,2417.18,Travel,0
935,92,2025-02-13,998.29,Dining,0
936,37,2024-08-21,2497.39,Travel,0
937,442,2025-07-28,1637.18,Dining,0
938,401,2026-08-23,611.85,Fuel,0
939,383,2026-07-14,1172.14,Healthcare,0
940,333,2026-05-05,5651.93,Healthcare,0
941,415,2024-09-18,1847.65,Dining,0
942,309,2024-06-14,2320.74,Healthcare,0
943,96,2024-08-25,950.93,Grocery,0
944,399,2024-10-29,3136.17,Dining,0
945,30,2024-01-17,4452.76,Online Retail,0
946,45,2024-11-02,2691.01,Healthcare,0
947,397,2025-07-14,1760.2,Online Retail,0
948,493,2024-08-31,5145.67,Dining,0
949,57,2026-08-28,2401.64,Fuel,0
950,264,2026-04-07,6226.39,Dining,0
951,651,2024-12-27,3956.11,Grocery,0
952,547,2025-02-05,1715.72,Healthcare,1
953,563,2025-04-30,353.12,Entertainment,0
954,460,2024-11-19,4050.47,Dining,0
955,126,2024-02-26,6257.43,Travel,0
956,272,2025-01-09,754.53,Healthcare,0
957,419,2025-07-10,2180.9,Travel,0
958,467,2024-09-05,4010.38,Healthcare,0
959,93,2024-07-23,1730.57,Electronics,0
960,680,2025-05-22,2435.81,Grocery,0
961,656,2024-01-16,8307.02,Online Retail,0
962,26,2025-12-22,3094.09,Healthcare,0
963,413,2025-10-28,998.61,Fuel,0
964,101,2026-07-30,2397.86,Dining,0
965,223,2024-05-24,2437.41,Entertainment,0
966,621,2026-02-17,770.63,Online Retail,0
967,477,2024-04-08,10922.84,Online Retail,0
968,247,2026-01-20,360.73,Grocery,0
969,2,2024-08-10,746.28,Travel,0
970,586,2026-03-12,366.11,Grocery,0
971,202,2024-05-14,193.05,Healthcare,0
972,424,2026-03-01,8320.79,Electronics,0
973,164,2025-08-30,4234.58,Travel,0
974,553,2024-02-14,5342.36,Travel,0
975,243,2024-09-17,1612.28,Entertainment,0
976,518,2025-04-08,6499.21,Fuel,0
977,60,2025-10-16,4052.24,Grocery,0
978,431,2025-12-17,1538.12,Electronics,0
979,678,2025-06-16,3676.3,Dining,0
980,332,2025-11-04,434.45,Dining,0
981,328,2024-12-10,3187.91,Entertainment,0
982,481,2024-11-14,1991.04,Healthcare,0
983,600,2024-07-07,8242.07,Healthcare,0
984,568,2025-10-12,5687.18,Entertainment,0
985,42,2025-10-17,422.45,Travel,0
986,208,2026-06-09,853.62,Fuel,0
987,592,2025-05-26,11296.92,Online Retail,0
988,683,2025-08-21,1604.44,Healthcare,0
989,458,2025-12-03,407.01,Grocery,0
990,4,2026-04-30,4416.9,Travel,0
991,476,2025-05-08,7298.18,Grocery,0
992,663,2025-12-29,1908.17,Grocery,0
993,565,2026-02-21,3563.1,Dining,0
994,507,2025-07-22,2200.43,Dining,0
995,369,2025-06-19,4468.4,Entertainment,0
996,632,2025-10-12,993.63,Travel,0
997,444,2026-03-04,2966.34,Fuel,0
998,358,2025-06-27,5562.67,Healthcare,0
999,630,2025-06-19,1542.86,Grocery,0
1000,3,2024-07-31,5219.96,Online Retail,0
1001,88,2026-07-26,4277.46,Fuel,0
1002,590,2024-02-25,592.66,Healthcare,0
1003,39,2026-04-11,1036.53,Entertainment,0
1004,629,2025-01-08,4752.75,Dining,0
1005,688,2024-09-04,1022.37,Fuel,0
1006,183,2024-08-08,52.55,Electronics,0
1007,618,2025-12-10,2750.86,Travel,0
1008,383,2024-10-09,2559.67,Dining,0
1009,360,2024-05-08,4536.86,Entertainment,0
1010,646,2025-03-25,6856.92,Fuel,0
1011,547,2026-06-07,2575.53,Entertainment,0
1012,623,2026-04-26,3265.35,Travel,0
1013,618,2024-12-02,375.55,Dining,0
1014,509,2025-09-22,1648.57,Travel,0
1015,327,2025-04-10,13675.24,Healthcare,0
1016,130,2025-01-23,3924.06,Online Retail,0
1017,69,2024-01-21,7080.44,Travel,0
1018,177,2024-05-31,1633.48,Electronics,0
1019,337,2026-04-25,1377.07,Electronics,0
1020,97,2026-07-27,1334.8,Entertainment,0
1021,246,2026-07-13,5420.61,Dining,0
1022,557,2026-07-20,1979.62,Healthcare,0
1023,17,2025-04-03,356.77,Entertainment,0
1024,216,2024-03-05,2162.91,Fuel,0
1025,672,2024-07-02,1414.4,Healthcare,0
1026,227,2026-02-13,5705.17,Travel,0
1027,502,2025-11-07,10781.71,Entertainment,0
1028,427,2026-08-21,374.59,Fuel,0
1029,551,2024-10-16,4040.96,Healthcare,0
1030,511,2025-01-23,6399.6,Fuel,0
1031,418,2026-07-25,4756.27,Healthcare,0
1032,680,2026-06-10,1394.79,Entertainment,0
1033,189,2024-10-30,1779.15,Healthcare,0
1034,196,2026-07-22,2487.55,Travel,0
1035,410,2025-07-15,1145.05,Grocery,0
1036,501,2026-08-25,2997.29,Dining,0
1037,477,2024-02-18,7474.55,Online Retail,0
1038,670,2025-07-15,3992.29,Healthcare,1
1039,419,2026-08-23,237.33,Grocery,0
1040,534,2026-07-27,2209.37,Fuel,0
1041,90,2025-07-15,9927.55,Dining,0
1042,27,2024-02-11,985.04,Fuel,0
1043,570,2026-08-08,4744.99,Dining,0
1044,314,2024-06-03,597.7,Healthcare,0
1045,209,2024-10-20,3960.25,Healthcare,0
1046,526,2026-05-04,1780.91,Electronics,0
1047,278,2025-05-28,8259.73,Entertainment,0
1048,21,2024-09-08,8217.71,Online Retail,0
1049,386,2024-01-18,396.49,Electronics,0
1050,88,2024-06-26,2145.28,Fuel,0
1051,685,2026-01-21,1596.27,Entertainment,0
1052,230,2025-11-29,4632.45,Electronics,0
1053,219,2024-06-11,2018.92,Online Retail,0
1054,591,2026-05-28,7543.99,Healthcare,0
1055,30,2025-02-18,1872.22,Fuel,0
1056,475,2025-11-12,2836.08,Fuel,0
1057,681,2025-10-15,2056.18,Online Retail,1
1058,21,2024-04-22,4660.01,Dining,0
1059,671,2024-03-21,8688.75,Electronics,0
1060,432,2025-08-20,5530.31,Grocery,0
1061,139,2026-02-03,1732.05,Grocery,0
1062,598,2026-07-04,585.04,Online Retail,0
1063,581,2026-02-24,1138.85,Electronics,0
1064,688,2025-07-25,7025.9,Travel,0
1065,644,2025-06-02,2932.57,Travel,0
1066,428,2025-01-29,3217.51,Fuel,0
1067,10,2025-08-12,5261.07,Dining,0
1068,524,2026-07-22,2543.95,Healthcare,0
1069,529,2024-04-01,5864.99,Grocery,0
1070,542,2025-04-11,2077.74,Grocery,1
1071,126,2025-03-13,1644.77,Healthcare,0
1072,514,2024-10-23,690.72,Travel,0
1073,580,2026-03-31,90.84,Fuel,0
1074,53,2025-06-17,2995.93,Fuel,0
1075,15,2024-03-28,4972.37,Online Retail,0
1076,59,2025-11-09,4941.7,Online Retail,0
1077,484,2026-08-21,7253.15,Grocery,0
1078,211,2024-07-02,2367.51,Travel,0
1079,572,2025-04-18,7164.95,Fuel,0
1080,671,2024-08-22,2671.62,Electronics,0
1081,25,2024-01-13,675.67,Healthcare,0
1082,517,2025-02-23,3876.08,Travel,0
1083,530,2024-11-27,735.91,Healthcare,0
1084,53,2026-05-29,2364.96,Dining,0
1085,84,2025-05-03,6222.58,Online Retail,0
1086,564,2025-09-06,27.51,Entertainment,0
1087,56,2026-07-24,2806.47,Fuel,0
1088,140,2025-05-31,1179.75,Travel,0
1089,645,2025-11-18,6251.21,Entertainment,0
1090,510,2025-05-26,9330.87,Electronics,0
1091,647,2025-07-20,1919.35,Grocery,0
1092,192,2024-07-22,4449.97,Grocery,0
1093,519,2026-07-31,405.2,Grocery,0
1094,427,2024-10-25,3357.35,Travel,0
1095,624,2024-10-14,827.52,Online Retail,0
1096,159,2024-11-25,966.96,Online Retail,0
1097,12,2025-01-05,2203.04,Travel,0
1098,280,2024-12-09,982.52,Healthcare,0
1099,359,2026-01-19,3489.13,Electronics,0
1100,402,2025-12-05,2554.04,Dining,0
1101,611,2025-08-02,1277.96,Entertainment,0
1102,481,2024-10-18,1165.48,Entertainment,0
1103,625,2024-08-01,4031.47,Grocery,0
1104,511,2025-10-27,4908.79,Travel,0
1105,257,2026-01-02,2800.46,Healthcare,0
1106,572,2025-01-26,4577.09,Entertainment,0
1107,228,2024-09-17,711.89,Dining,0
1108,569,2025-03-20,863.23,Travel,0
1109,490,2025-06-28,1335.75,Dining,0
1110,155,2024-02-27,634.5,Fuel,0
1111,43,2026-04-14,1976.31,Dining,0
1112,621,2025-11-30,1084.01,Healthcare,0
1113,547,2024-09-25,1644.96,Travel,0
1114,36,2026-03-22,955.29,Healthcare,0
1115,175,2026-01-12,1555.89,Grocery,0
1116,338,2025-05-08,2532.78,Entertainment,0
1117,366,2026-04-19,4392.82,Online Retail,0
1118,265,2024-07-18,6772.65,Online Retail,0
1119,135,2024-11-05,1881.54,Fuel,0
1120,468,2026-08-29,1059.97,Grocery,0
1121,515,2024-07-10,235.07,Dining,0
1122,449,2026-04-11,12020.69,Fuel,0
1123,670,2026-04-24,4820.89,Fuel,0
1124,276,2025-01-04,2912.74,Electronics,0
1125,379,2025-03-30,450.34,Dining,0
1126,223,2026-07-03,60.47,Online Retail,0
1127,666,2024-10-30,218.52,Electronics,0
1128,294,2024-12-27,1392.05,Healthcare,0
1129,282,2024-01-11,1122.57,Electronics,0
1130,521,2024-12-14,1023.23,Grocery,0
1131,201,2024-07-08,1214.5,Healthcare,0
1132,255,2024-07-17,5508.97,Fuel,0
1133,588,2025-05-14,444.75,Online Retail,0
1134,16,2026-01-21,670.29,Online Retail,0
1135,27,2026-03-19,703.68,Electronics,0
1136,607,2024-12-31,1348.94,Electronics,0
1137,197,2025-05-04,229.63,Grocery,0
1138,547,2024-03-15,3782.49,Travel,0
1139,484,2024-09-26,1045.74,Fuel,0
1140,140,2024-10-30,2013.0,Fuel,0
1141,133,2026-06-24,2408.66,Online Retail,0
1142,689,2026-04-08,1624.93,Dining,0
1143,624,2024-12-26,4893.96,Fuel,0
1144,181,2024-06-17,6614.96,Grocery,0
1145,338,2024-06-07,514.03,Travel,0
1146,604,2025-05-14,986.12,Healthcare,0
1147,173,2026-07-10,761.91,Online Retail,0
1148,464,2025-08-06,353.97,Healthcare,1
1149,260,2025-01-21,4244.19,Electronics,0
1150,618,2026-03-18,3481.51,Fuel,0
1151,199,2025-04-15,1024.94,Fuel,0
1152,304,2024-07-31,976.94,Fuel,0
1153,491,2026-03-20,2835.23,Electronics,0
1154,471,2026-06-08,1747.99,Electronics,1
1155,77,2024-10-07,2888.39,Travel,0
1156,62,2026-08-14,1231.3,Dining,0
1157,598,2025-05-30,2620.0,Dining,0
1158,534,2024-08-23,5104.09,Healthcare,0
1159,105,2026-04-24,2025.22,Fuel,0
1160,454,2024-05-17,2948.21,Entertainment,0
1161,198,2024-09-06,1854.01,Grocery,0
1162,285,2024-12-23,3970.89,Healthcare,0
1163,439,2026-05-21,3271.45,Travel,0
1164,447,2026-07-14,3908.62,Online Retail,0
1165,248,2024-07-05,2536.79,Fuel,0
1166,582,2024-01-16,7733.74,Grocery,1
1167,358,2026-04-13,4373.62,Healthcare,0
1168,570,2025-06-04,2341.1,Travel,0
1169,399,2025-01-18,2957.46,Travel,0
1170,250,2024-01-08,1801.06,Electronics,0
1171,182,2025-06-18,3023.56,Healthcare,0
1172,10,2024-05-10,7674.98,Online Retail,0
1173,375,2025-06-21,666.86,Entertainment,0
1174,390,2024-05-28,1430.61,Electronics,0
1175,658,2024-07-18,5395.6,Online Retail,0
1176,182,2024-05-02,935.25,Electronics,0
1177,2,2024-06-17,1780.75,Online Retail,0
1178,627,2025-11-13,2862.99,Electronics,0
1179,418,2025-11-24,4756.6,Healthcare,0
1180,35,2025-03-22,437.54,Dining,0
1181,225,2026-03-15,5049.94,Healthcare,0
1182,680,2026-07-26,2616.37,Dining,0
1183,604,2024-05-13,2792.62,Grocery,0
1184,388,2024-08-12,247.92,Electronics,0
1185,68,2026-01-02,2188.14,Travel,0
1186,456,2025-07-28,540.82,Electronics,0
1187,43,2024-11-14,8289.47,Fuel,0
1188,275,2025-07-20,1635.39,Healthcare,0
1189,284,2025-08-02,6861.62,Travel,0
1190,544,2025-07-31,2725.72,Grocery,0
1191,472,2025-06-05,6954.05,Electronics,0
1192,336,2024-01-31,118.26,Dining,0
1193,5,2025-12-25,865.29,Entertainment,0
1194,13,2024-07-01,6539.28,Fuel,0
1195,568,2025-06-12,9684.82,Healthcare,0
1196,456,2025-06-04,1889.94,Electronics,0
1197,236,2024-04-01,1259.66,Electronics,0
1198,526,2024-10-07,391.45,Grocery,0
1199,645,2024-09-29,189.51,Electronics,0
1200,10,2024-07-15,159.41,Entertainment,0
1201,635,2025-01-22,2382.86,Online Retail,0
1202,174,2024-10-12,2237.59,Fuel,0
1203,535,2025-07-11,536.07,Dining,0
1204,414,2024-03-01,1049.85,Grocery,0
1205,516,2024-06-14,1674.21,Travel,0
1206,83,2025-05-17,103.39,Electronics,0
1207,421,2024-11-24,2862.08,Healthcare,0
1208,677,2025-02-08,3221.34,Travel,0
1209,557,2024-03-02,4003.96,Entertainment,0
1210,559,2024-09-04,3677.87,Electronics,0
1211,125,2024-11-10,2026.66,Travel,0
1212,193,2024-01-22,8215.87,Grocery,0
1213,572,2025-05-14,1326.99,Online Retail,0
1214,283,2024-02-19,3610.43,Electronics,0
1215,396,2026-07-02,491.47,Travel,0
1216,118,2024-02-08,508.23,Entertainment,0
1217,548,2024-06-22,3357.75,Entertainment,0
1218,313,2025-05-23,726.18,Grocery,0
1219,346,2024-01-27,3321.11,Dining,0
1220,667,2025-08-31,3495.04,Fuel,0
1221,442,2025-01-02,8922.59,Electronics,0
1222,309,2024-01-19,442.96,Grocery,0
1223,240,2025-08-15,340.38,Dining,0
1224,421,2024-03-13,2510.74,Dining,0
1225,298,2025-08-15,6378.5,Travel,0
1226,159,2025-10-10,2390.32,Healthcare,0
1227,256,2024-12-02,17254.59,Fuel,0
1228,201,2025-08-14,3255.19,Dining,0
1229,519,2024-02-06,3035.21,Grocery,0
1230,352,2026-04-28,1660.64,Entertainment,0
1231,141,2026-06-14,3746.4,Fuel,0
1232,105,2024-06-14,6203.53,Entertainment,0
1233,652,2025-05-04,2737.29,Healthcare,0
1234,623,2025-02-08,5701.03,Fuel,0
1235,581,2026-01-27,2707.17,Travel,0
1236,515,2024-07-28,391.81,Travel,0
1237,604,2025-01-21,4455.35,Travel,0
1238,453,2024-12-29,2812.45,Online Retail,0
1239,640,2026-03-21,6020.2,Travel,0
1240,644,2025-05-20,4601.84,Electronics,0
1241,306,2026-02-04,269.1,Fuel,0
1242,175,2024-03-14,1386.93,Grocery,0
1243,625,2024-04-02,760.37,Grocery,0
1244,579,2026-07-10,2287.32,Healthcare,0
1245,311,2024-02-19,2075.36,Fuel,0
1246,637,2025-10-15,222.65,Electronics,0
1247,72,2024-05-25,1235.67,Online Retail,0
1248,576,2025-05-19,1241.91,Dining,0
1249,35,2026-03-13,3517.26,Entertainment,0
1250,72,2025-04-07,2177.77,Healthcare,0
1251,45,2024-09-19,1030.93,Entertainment,0
1252,56,2024-06-08,838.48,Travel,0
1253,132,2025-01-20,213.06,Travel,0
1254,254,2026-07-09,4441.36,Fuel,0
1255,252,2025-07-17,4548.88,Online Retail,0
1256,295,2025-03-28,6505.7,Electronics,0
1257,686,2025-09-27,1153.98,Online Retail,0
1258,358,2025-06-01,8204.62,Dining,0
1259,169,2025-02-19,4510.23,Healthcare,0
1260,97,2024-06-10,5031.66,Dining,0
1261,640,2025-03-13,1544.48,Grocery,0
1262,194,2024-09-21,1428.23,Fuel,0
1263,568,2024-11-15,4025.44,Electronics,0
1264,553,2024-10-22,6698.27,Online Retail,0
1265,603,2024-04-01,8230.92,Travel,0
1266,103,2025-05-22,7309.1,Fuel,1
1267,550,2024-05-24,3443.49,Travel,0
1268,548,2025-02-02,490.53,Electronics,0
1269,682,2026-05-17,4833.44,Healthcare,0
1270,496,2026-04-03,832.14,Electronics,0
1271,84,2026-08-08,10571.77,Healthcare,0
1272,321,2024-05-25,7094.11,Online Retail,0
1273,336,2026-03-15,2376.79,Dining,0
1274,332,2026-03-04,2641.36,Dining,0
1275,240,2024-10-25,4098.72,Dining,0
1276,562,2024-12-20,2558.18,Dining,0
1277,199,2024-06-22,4342.75,Fuel,0
1278,312,2026-07-31,2329.69,Grocery,1
1279,313,2025-05-11,1414.36,Grocery,0
1280,451,2024-10-08,838.87,Online Retail,0
1281,337,2024-04-02,1507.67,Dining,0
1282,680,2025-05-02,2880.55,Healthcare,0
1283,691,2026-06-11,749.88,Grocery,0
1284,326,2025-01-07,5444.59,Grocery,0
1285,186,2026-01-18,2900.51,Electronics,0
1286,533,2024-11-25,1844.14,Healthcare,0
1287,639,2026-08-07,705.42,Online Retail,0
1288,621,2025-09-11,5898.62,Dining,0
1289,117,2026-04-14,7925.01,Fuel,0
1290,38,2025-08-08,33.53,Travel,0
1291,466,2025-02-02,2682.09,Dining,0
1292,211,2024-02-15,6818.05,Travel,0
1293,214,2024-11-02,4139.84,Healthcare,0
1294,21,2024-08-08,276.15,Healthcare,0
1295,673,2026-03-24,1724.74,Fuel,0
1296,1,2025-07-07,598.34,Electronics,0
1297,445,2025-07-27,735.44,Travel,0
1298,648,2026-08-08,2445.37,Dining,0
1299,45,2026-05-06,3702.66,Online Retail,0
1300,432,2025-10-17,1217.43,Entertainment,0
1301,647,2024-11-13,2217.07,Travel,0
1302,288,2024-04-15,3696.41,Healthcare,0
1303,206,2025-06-16,290.54,Grocery,0
1304,494,2026-08-21,723.3,Electronics,0
1305,650,2025-03-26,902.0,Entertainment,1
1306,392,2026-08-14,1540.68,Travel,0
1307,10,2024-06-27,1763.17,Healthcare,0
1308,480,2024-03-01,2508.83,Travel,0
1309,154,2025-06-11,1223.32,Fuel,0
1310,693,2024-12-30,3949.61,Grocery,0
1311,195,2024-03-22,1347.54,Grocery,0
1312,446,2026-07-08,495.86,Entertainment,0
1313,482,2024-12-31,1057.98,Dining,0
1314,312,2024-09-04,594.07,Healthcare,0
1315,559,2025-06-04,65.67,Fuel,0
1316,628,2026-04-04,9682.73,Online Retail,0
1317,442,2024-05-21,63.41,Travel,0
1318,529,2024-12-22,1446.14,Entertainment,0
1319,44,2026-01-04,2178.71,Electronics,0
1320,170,2025-10-12,2096.8,Online Retail,0
1321,304,2024-07-05,46.32,Fuel,0
1322,92,2024-01-27,2427.64,Fuel,0
1323,346,2025-12-11,5879.66,Entertainment,0
1324,52,2024-07-23,286.1,Grocery,0
1325,252,2024-01-24,2371.2,Travel,0
1326,44,2026-05-07,2426.4,Healthcare,0
1327,294,2025-11-02,1880.92,Healthcare,0
1328,285,2025-03-18,10810.67,Entertainment,0
1329,338,2025-01-25,1824.96,Dining,0
1330,694,2026-04-29,1106.29,Dining,0
1331,388,2026-02-09,166.66,Travel,0
1332,104,2025-05-29,6638.07,Dining,0
1333,442,2025-07-01,580.56,Healthcare,0
1334,686,2025-06-07,2754.6,Travel,0
1335,148,2025-01-05,7271.68,Grocery,0
1336,57,2025-05-03,3416.59,Entertainment,0
1337,632,2025-10-09,251.04,Healthcare,0
1338,121,2025-09-22,4142.81,Electronics,0
1339,580,2025-01-13,1018.76,Dining,0
1340,300,2026-03-17,3847.48,Healthcare,0
1341,551,2024-12-13,3540.56,Grocery,0
1342,499,2025-12-20,2046.81,Electronics,0
1343,565,2025-02-18,867.52,Online Retail,0
1344,533,2026-07-08,537.07,Healthcare,0
1345,368,2025-11-23,3488.46,Travel,0
1346,171,2025-11-29,6907.71,Grocery,0
1347,668,2025-08-22,3157.33,Healthcare,0
1348,132,2024-06-23,2388.37,Online Retail,0
1349,257,2026-06-12,2357.39,Fuel,0
1350,197,2025-11-17,1959.11,Travel,0
1351,294,2024-01-01,6262.55,Healthcare,0
1352,175,2024-10-19,4404.6,Online Retail,0
1353,572,2024-06-05,7881.51,Grocery,0
1354,307,2024-05-11,7246.7,Healthcare,0
1355,609,2025-04-26,12210.69,Dining,0
1356,22,2026-02-13,5166.88,Online Retail,0
1357,315,2025-10-14,4505.71,Fuel,0
1358,410,2026-06-29,2083.24,Grocery,0
1359,594,2024-03-28,1153.98,Healthcare,0
1360,512,2025-09-01,3872.13,Entertainment,0
1361,444,2024-10-13,1847.24,Healthcare,0
1362,592,2024-01-15,5254.15,Fuel,0
1363,272,2026-08-21,4729.54,Dining,0
1364,670,2024-05-03,15652.59,Electronics,0
1365,634,2024-11-15,2988.64,Travel,0
1366,636,2025-05-18,8454.4,Electronics,0
1367,353,2025-01-05,808.85,Dining,0
1368,66,2024-05-30,3924.69,Online Retail,0
1369,595,2024-08-20,5176.73,Online Retail,0
1370,292,2025-10-27,2122.55,Dining,0
1371,569,2024-01-18,9279.58,Grocery,0
1372,39,2024-02-28,3212.08,Entertainment,0
1373,68,2024-10-05,3464.62,Entertainment,0
1374,245,2026-08-09,1093.42,Online Retail,0
1375,610,2024-06-06,401.99,Online Retail,0
1376,22,2025-09-28,2928.11,Entertainment,0
1377,114,2025-01-06,5714.9,Dining,0
1378,347,2025-05-12,130.25,Fuel,0
1379,570,2024-08-14,1400.8,Fuel,0
1380,109,2026-06-16,10641.2,Fuel,0
1381,529,2025-01-28,1697.12,Entertainment,0
1382,343,2024-02-12,725.62,Electronics,0
1383,517,2024-09-19,5181.81,Dining,0
1384,503,2024-11-09,4521.8,Entertainment,0
1385,645,2026-06-11,4169.5,Electronics,0
1386,41,2024-01-28,3718.19,Fuel,0
1387,421,2024-10-11,288.43,Online Retail,0
1388,320,2024-06-24,1418.52,Healthcare,0
1389,238,2024-07-02,1429.77,Grocery,0
1390,519,2026-08-19,707.97,Fuel,0
1391,416,2026-01-12,654.15,Dining,0
1392,312,2026-07-11,1670.25,Dining,0
1393,488,2026-03-02,965.75,Electronics,0
1394,403,2026-04-18,1629.76,Travel,0
1395,256,2025-07-02,4061.61,Healthcare,0
1396,236,2025-05-25,3459.38,Entertainment,0
1397,179,2024-12-02,2768.78,Healthcare,0
1398,208,2024-03-10,3388.54,Online Retail,0
1399,343,2026-03-24,4375.83,Healthcare,1
1400,127,2025-01-05,5149.62,Online Retail,0
1401,629,2025-10-15,3937.74,Grocery,0
1402,408,2026-07-23,10416.3,Online Retail,0
1403,442,2025-01-06,434.0,Electronics,0
1404,402,2024-05-15,751.55,Travel,0
1405,629,2025-01-16,4755.09,Entertainment,0
1406,574,2026-07-18,658.0,Entertainment,0
1407,333,2024-01-03,806.14,Fuel,0
1408,241,2024-09-08,1373.99,Online Retail,0
1409,663,2024-02-26,296.5,Travel,0
1410,420,2026-01-19,14407.49,Healthcare,0
1411,555,2024-05-11,6776.76,Fuel,0
1412,98,2024-09-17,4776.35,Fuel,0
1413,249,2024-08-29,1428.82,Online Retail,0
1414,186,2024-02-11,3808.8,Entertainment,0
1415,314,2026-06-21,2495.63,Online Retail,0
1416,353,2025-01-09,1966.36,Dining,0
1417,699,2026-03-12,2151.2,Travel,0
1418,74,2025-05-23,3948.97,Travel,0
1419,668,2024-02-09,836.53,Fuel,0
1420,569,2024-06-29,954.84,Travel,0
1421,288,2024-01-15,2455.97,Grocery,0
1422,197,2024-08-27,733.13,Fuel,0
1423,584,2025-07-25,2005.21,Entertainment,0
1424,96,2024-05-01,790.17,Grocery,0
1425,637,2025-01-02,1558.22,Healthcare,0
1426,661,2024-01-29,4703.75,Healthcare,0
1427,177,2026-02-20,733.79,Entertainment,0
1428,393,2024-12-09,335.3,Grocery,0
1429,363,2026-08-06,4236.7,Travel,0
1430,537,2024-11-14,1062.29,Healthcare,0
1431,530,2025-04-26,941.29,Electronics,0
1432,697,2025-05-02,5883.59,Entertainment,0
1433,54,2024-06-21,3473.16,Fuel,0
1434,573,2025-12-21,1726.76,Travel,0
1435,564,2026-05-20,724.15,Dining,0
1436,519,2026-04-16,1755.47,Dining,0
1437,148,2025-02-15,6237.48,Electronics,0
1438,521,2026-01-17,2141.62,Travel,0
1439,336,2025-02-10,8787.73,Healthcare,0
1440,196,2024-05-21,12393.76,Grocery,0
1441,263,2025-11-17,1913.59,Grocery,0
1442,291,2025-02-01,10875.07,Dining,0
1443,519,2024-12-26,6906.42,Grocery,0
1444,141,2024-03-13,987.54,Dining,0
1445,164,2024-08-16,2318.05,Healthcare,0
1446,260,2025-02-09,2843.1,Fuel,0
1447,327,2025-12-24,3459.72,Electronics,0
1448,663,2025-01-20,1119.6,Grocery,0
1449,186,2024-06-30,2990.13,Entertainment,0
1450,635,2025-01-22,3661.27,Healthcare,0
1451,39,2024-02-08,967.05,Fuel,0
1452,358,2025-03-25,1474.15,Travel,0
1453,591,2025-04-30,3135.65,Fuel,0
1454,218,2025-11-16,332.31,Healthcare,0
1455,158,2024-02-03,1586.64,Grocery,0
1456,424,2025-09-08,319.53,Online Retail,0
1457,163,2026-02-10,1001.67,Dining,0
1458,11,2026-02-28,1308.6,Dining,0
1459,33,2026-08-10,2302.78,Entertainment,0
1460,336,2025-10-22,6280.58,Healthcare,0
1461,352,2026-07-13,1858.6,Online Retail,0
1462,19,2024-11-29,2936.42,Online Retail,0
1463,189,2024-05-25,4564.79,Travel,0
1464,530,2024-01-01,2745.75,Entertainment,0
1465,396,2026-06-27,4020.61,Grocery,0
1466,429,2024-04-25,1521.74,Travel,0
1467,507,2024-04-19,1325.06,Electronics,0
1468,633,2025-12-16,1546.41,Electronics,0
1469,33,2024-12-11,1686.0,Healthcare,0
1470,338,2025-05-16,409.9,Electronics,0
1471,141,2024-03-23,6236.9,Dining,0
1472,468,2025-02-17,1802.17,Online Retail,0
1473,274,2026-03-13,4755.89,Dining,0
1474,108,2025-07-13,3504.0,Travel,0
1475,616,2024-08-06,1893.29,Healthcare,0
1476,362,2024-05-28,1438.28,Travel,0
1477,77,2025-10-10,361.44,Dining,0
1478,158,2025-11-14,1176.29,Electronics,0
1479,521,2026-01-13,525.74,Dining,0
1480,330,2024-04-29,756.91,Grocery,0
1481,668,2025-01-06,4657.39,Grocery,0
1482,36,2024-03-02,1462.64,Grocery,0
1483,55,2026-02-08,1007.23,Healthcare,0
1484,483,2024-09-03,1523.89,Travel,0
1485,234,2024-11-13,518.29,Dining,0
1486,613,2025-07-06,623.33,Dining,0
1487,539,2024-05-24,5189.69,Entertainment,0
1488,16,2026-01-22,7741.65,Healthcare,0
1489,655,2025-03-24,2241.91,Electronics,0
1490,668,2025-06-29,177.99,Grocery,0
1491,173,2025-11-23,7327.94,Electronics,0
1492,429,2025-10-05,10459.77,Electronics,0
1493,450,2024-02-08,3051.23,Grocery,0
1494,27,2024-04-06,1094.68,Online Retail,1
1495,513,2026-02-25,4751.67,Online Retail,0
1496,678,2026-05-07,2121.24,Fuel,0
1497,283,2024-09-06,4298.74,Fuel,0
1498,691,2024-01-22,279.06,Travel,0
1499,469,2025-10-26,1375.17,Travel,0
1500,515,2026-08-17,489.6,Grocery,0
1501,385,2024-04-21,767.0,Travel,0
1502,485,2024-03-29,257.35,Dining,0
1503,657,2025-01-14,774.05,Travel,0
1504,414,2025-08-23,6145.15,Entertainment,0
1505,378,2025-03-29,905.56,Dining,0
1506,119,2025-04-02,245.78,Healthcare,0
1507,362,2025-04-01,891.89,Travel,0
1508,605,2026-08-22,283.13,Entertainment,0
1509,469,2024-09-23,2337.88,Dining,0
1510,502,2024-04-03,936.73,Healthcare,0
1511,107,2025-05-30,1718.6,Healthcare,0
1512,593,2025-04-10,1105.65,Healthcare,0
1513,372,2024-09-27,1710.09,Fuel,0
1514,320,2026-07-31,223.82,Healthcare,1
1515,36,2024-06-11,828.87,Healthcare,0
1516,626,2024-05-11,3602.37,Electronics,0
1517,439,2024-05-10,3903.07,Fuel,0
1518,219,2026-07-06,1823.04,Fuel,0
1519,375,2026-05-22,1970.65,Travel,0
1520,637,2026-07-21,2974.87,Online Retail,0
1521,588,2024-05-07,6085.44,Entertainment,0
1522,209,2024-01-24,286.82,Dining,0
1523,559,2025-01-20,4455.34,Electronics,0
1524,6,2025-04-09,271.35,Online Retail,0
1525,303,2024-09-02,2285.84,Entertainment,0
1526,384,2025-08-23,211.17,Grocery,0
1527,462,2025-08-23,349.39,Entertainment,0
1528,1,2025-10-18,746.47,Online Retail,0
1529,213,2024-12-03,594.81,Electronics,0
1530,180,2024-01-31,5563.05,Travel,0
1531,272,2024-10-06,2454.66,Electronics,0
1532,485,2024-06-15,636.38,Fuel,0
1533,55,2026-08-02,3624.9,Travel,0
1534,525,2026-03-30,4200.05,Online Retail,0
1535,71,2026-08-29,3120.5,Fuel,0
1536,355,2026-01-04,2730.07,Healthcare,0
1537,574,2024-05-09,2751.31,Dining,0
1538,616,2025-03-18,587.47,Fuel,0
1539,681,2025-11-06,2260.04,Healthcare,0
1540,303,2024-03-05,5595.46,Dining,0
1541,343,2026-05-17,8694.49,Entertainment,0
1542,631,2026-04-06,1963.64,Dining,1
1543,90,2026-08-04,1025.58,Dining,0
1544,637,2024-10-18,720.95,Fuel,0
1545,62,2024-10-17,5232.1,Grocery,1
1546,64,2025-09-05,726.06,Fuel,0
1547,32,2026-02-03,1641.4,Entertainment,0
1548,162,2024-09-20,1607.55,Online Retail,0
1549,616,2024-11-15,4072.04,Dining,0
1550,146,2024-12-05,2935.21,Dining,0
1551,310,2025-08-29,10400.66,Fuel,0
1552,564,2024-04-14,2855.53,Grocery,0
1553,617,2025-05-15,5386.82,Online Retail,0
1554,308,2024-08-23,1239.95,Grocery,0
1555,254,2025-11-20,2876.19,Healthcare,0
1556,326,2025-12-25,5671.63,Grocery,0
1557,412,2026-06-08,5043.29,Dining,0
1558,226,2024-12-18,380.58,Entertainment,0
1559,472,2024-04-19,615.98,Grocery,0
1560,566,2024-08-14,2968.58,Grocery,0
1561,36,2024-08-05,1681.01,Fuel,0
1562,576,2024-01-03,2151.91,Online Retail,0
1563,478,2025-07-25,1597.58,Dining,0
1564,41,2025-10-03,4712.58,Electronics,0
1565,560,2024-12-14,2567.38,Fuel,0
1566,347,2024-10-05,1828.91,Online Retail,0
1567,16,2025-06-27,13247.69,Travel,0
1568,58,2024-05-29,5572.02,Electronics,0
1569,42,2026-02-02,6666.78,Grocery,0
1570,285,2024-08-15,536.27,Entertainment,1
1571,366,2025-11-13,14034.91,Electronics,0
1572,169,2025-10-19,12691.85,Online Retail,0
1573,680,2026-01-17,4630.1,Fuel,0
1574,22,2025-06-06,2490.59,Fuel,0
1575,682,2024-06-06,956.69,Online Retail,0
1576,106,2024-02-11,5075.01,Electronics,0
1577,77,2024-01-30,10715.41,Grocery,0
1578,345,2024-05-15,2589.73,Fuel,0
1579,533,2026-04-29,619.61,Dining,0
1580,463,2024-04-14,2213.63,Fuel,0
1581,556,2025-03-16,1319.15,Online Retail,0
1582,318,2025-04-19,757.58,Entertainment,0
1583,614,2025-09-11,241.83,Dining,0
1584,535,2024-04-28,9719.28,Online Retail,0
1585,31,2024-03-12,7165.27,Online Retail,0
1586,352,2026-04-03,1526.41,Travel,0
1587,681,2025-11-21,46.31,Entertainment,0
1588,509,2025-08-17,3473.89,Entertainment,0
1589,576,2024-04-09,7703.45,Travel,1
1590,504,2025-11-18,10550.26,Travel,0
1591,426,2026-02-06,3425.3,Healthcare,0
1592,235,2026-04-04,973.29,Online Retail,0
1593,47,2024-02-29,2971.32,Electronics,0
1594,212,2025-07-03,1914.37,Electronics,0
1595,169,2024-03-22,1631.13,Fuel,0
1596,508,2024-11-22,5121.32,Online Retail,0
1597,243,2024-11-30,2990.93,Healthcare,0
1598,248,2024-05-13,5363.54,Dining,0
1599,601,2024-07-25,6067.77,Entertainment,0
1600,137,2026-06-29,5802.57,Healthcare,0
1601,533,2026-08-17,2083.36,Dining,0
1602,247,2025-05-19,3493.26,Healthcare,0
1603,659,2025-03-16,1850.51,Healthcare,0
1604,669,2026-08-06,204.82,Entertainment,0
1605,296,2025-04-02,2968.11,Dining,0
1606,548,2025-02-25,4848.49,Fuel,0
1607,642,2024-02-15,2987.77,Online Retail,0
1608,423,2024-05-18,7385.62,Travel,0
1609,627,2025-04-24,2787.63,Fuel,0
1610,479,2024-11-02,212.11,Fuel,0
1611,13,2024-03-03,1081.48,Fuel,0
1612,426,2025-12-14,5819.92,Travel,0
1613,168,2025-09-04,1171.15,Grocery,0
1614,414,2024-02-28,2881.04,Fuel,0
1615,560,2026-08-15,5879.04,Healthcare,0
1616,139,2024-09-02,8068.27,Online Retail,0
1617,466,2024-11-17,1808.2,Travel,0
1618,380,2024-06-19,2336.48,Fuel,0
1619,157,2026-02-26,1272.48,Grocery,0
1620,532,2026-07-18,2532.81,Online Retail,0
1621,548,2026-07-30,507.59,Travel,0
1622,5,2024-04-05,3688.76,Fuel,0
1623,222,2026-08-01,20.63,Grocery,0
1624,52,2024-02-24,3357.97,Dining,0
1625,422,2025-12-28,1888.86,Grocery,0
1626,618,2025-10-01,6035.52,Healthcare,0
1627,655,2026-04-28,4741.95,Travel,0
1628,278,2025-06-04,1549.43,Entertainment,0
1629,168,2024-12-08,4475.16,Dining,0
1630,220,2025-10-05,572.77,Grocery,0
1631,39,2025-07-23,265.19,Entertainment,0
1632,245,2024-06-27,3281.36,Dining,0
1633,463,2025-10-08,231.29,Dining,0
1634,13,2025-11-01,8686.89,Online Retail,0
1635,510,2024-07-30,128.08,Healthcare,0
1636,591,2025-09-11,5609.52,Online Retail,0
1637,219,2024-11-01,1879.94,Fuel,0
1638,538,2025-05-28,3824.91,Entertainment,0
1639,328,2024-12-18,2589.29,Dining,0
1640,692,2025-10-10,1181.71,Dining,0
1641,351,2024-03-05,962.85,Grocery,0
1642,420,2024-07-07,4077.01,Fuel,0
1643,572,2025-03-21,6115.96,Healthcare,0
1644,192,2025-10-19,2951.44,Travel,0
1645,486,2026-02-02,3696.17,Fuel,0
1646,596,2024-07-02,2759.23,Healthcare,0
1647,192,2025-09-25,405.86,Electronics,0
1648,565,2026-08-20,463.21,Grocery,0
1649,192,2025-09-01,8052.65,Travel,0
1650,427,2024-02-20,1888.4,Grocery,0
1651,228,2025-08-13,5431.27,Online Retail,0
1652,441,2025-01-04,1443.8,Travel,0
1653,103,2024-01-22,817.89,Healthcare,0
1654,567,2025-02-06,1408.15,Healthcare,0
1655,94,2024-01-04,4341.26,Online Retail,0
1656,235,2024-04-24,941.83,Travel,0
1657,573,2024-06-13,2778.61,Electronics,0
1658,68,2024-08-07,3738.49,Travel,0
1659,583,2026-06-09,2322.23,Grocery,0
1660,281,2024-08-29,2716.45,Travel,0
1661,183,2026-04-15,2784.74,Dining,0
1662,582,2024-06-09,914.85,Fuel,0
1663,596,2025-07-16,1704.12,Fuel,1
1664,604,2024-11-19,840.72,Healthcare,0
1665,400,2025-01-10,1609.76,Fuel,0
1666,139,2025-05-22,4681.46,Healthcare,0
1667,499,2026-07-28,4633.95,Fuel,0
1668,493,2025-11-07,2824.86,Electronics,0
1669,617,2024-03-05,2231.33,Online Retail,0
1670,516,2026-06-26,3522.51,Entertainment,0
1671,216,2024-04-04,2702.74,Fuel,0
1672,314,2025-04-05,1592.19,Fuel,0
1673,464,2025-08-28,2122.68,Electronics,0
1674,545,2025-06-19,597.89,Healthcare,0
1675,216,2025-06-17,498.86,Grocery,0
1676,182,2025-11-20,7161.93,Online Retail,0
1677,633,2026-08-14,4310.48,Dining,0
1678,695,2024-08-01,1243.34,Entertainment,0
1679,210,2026-02-21,2121.85,Electronics,0
1680,46,2024-01-07,1477.17,Dining,0
1681,438,2026-07-03,2081.05,Dining,0
1682,12,2025-01-22,4386.71,Healthcare,0
1683,134,2025-12-04,21.72,Electronics,0
1684,369,2024-09-03,3357.53,Dining,0
1685,259,2026-06-22,406.77,Dining,0
1686,35,2025-05-30,18957.68,Fuel,0
1687,246,2025-10-31,5312.66,Electronics,0
1688,473,2024-08-07,316.19,Dining,0
1689,526,2025-05-27,336.1,Travel,1
1690,527,2026-01-13,1036.89,Electronics,0
1691,201,2025-07-19,2075.18,Electronics,0
1692,465,2024-06-18,949.76,Electronics,0
1693,230,2026-05-28,1124.18,Fuel,0
1694,456,2024-08-24,13254.4,Online Retail,0
1695,7,2024-04-12,2016.85,Online Retail,0
1696,287,2025-09-10,9057.55,Grocery,0
1697,222,2025-07-05,1110.52,Fuel,0
1698,468,2025-03-27,11932.04,Electronics,0
1699,191,2025-01-17,3701.95,Entertainment,0
1700,210,2024-01-14,2259.88,Electronics,0
1701,382,2025-10-08,7869.52,Dining,0
1702,458,2024-07-29,345.12,Fuel,0
1703,282,2025-08-11,2145.43,Electronics,0
1704,625,2026-05-26,1689.82,Grocery,0
1705,687,2025-01-24,5348.04,Healthcare,0
1706,425,2025-07-06,122.19,Travel,0
1707,383,2025-11-03,1317.28,Dining,0
1708,365,2025-07-21,46.97,Online Retail,0
1709,51,2025-06-06,1412.48,Dining,0
1710,289,2025-03-18,6742.13,Dining,0
1711,567,2024-07-01,1415.28,Fuel,0
1712,486,2025-10-16,801.52,Healthcare,0
1713,38,2025-09-14,4253.17,Electronics,0
1714,97,2025-02-09,883.41,Entertainment,0
1715,587,2024-01-27,6015.47,Entertainment,0
1716,515,2024-01-14,8753.95,Fuel,0
1717,284,2026-03-13,2412.16,Healthcare,0
1718,660,2024-04-17,3592.75,Online Retail,0
1719,44,2026-06-02,6477.04,Entertainment,0
1720,534,2024-02-24,2335.07,Grocery,0
1721,685,2024-03-16,224.76,Dining,0
1722,307,2024-07-31,7057.86,Entertainment,0
1723,347,2024-09-07,3662.56,Travel,0
1724,149,2024-11-04,1574.58,Healthcare,0
1725,599,2024-05-03,409.14,Electronics,0
1726,508,2024-04-17,1416.07,Grocery,0
1727,295,2026-01-22,3040.27,Online Retail,0
1728,165,2026-06-25,3418.18,Entertainment,0
1729,324,2024-03-10,4721.9,Electronics,0
1730,317,2025-08-23,7448.93,Healthcare,0
1731,254,2025-06-11,4498.03,Travel,0
1732,588,2025-11-01,2282.38,Entertainment,0
1733,259,2025-01-13,1123.95,Grocery,0
1734,80,2024-08-08,746.2,Online Retail,0
1735,556,2026-01-02,5087.88,Entertainment,0
1736,512,2025-09-23,2133.82,Fuel,0
1737,22,2025-09-15,550.63,Healthcare,0
1738,487,2024-05-24,3444.21,Grocery,0
1739,343,2025-06-14,3273.57,Online Retail,0
1740,472,2026-06-24,12877.28,Grocery,0
1741,186,2025-05-05,59.82,Healthcare,0
1742,125,2026-05-21,259.45,Electronics,0
1743,390,2026-01-25,78.28,Healthcare,0
1744,38,2025-01-09,798.57,Fuel,0
1745,151,2025-04-10,2084.92,Electronics,0
1746,32,2024-10-26,1562.32,Healthcare,0
1747,245,2025-02-13,8093.88,Dining,0
1748,635,2024-06-30,1630.85,Entertainment,0
1749,374,2024-01-25,105.55,Dining,0
1750,517,2025-12-15,11249.91,Dining,1
1751,520,2024-09-18,5120.08,Grocery,0
1752,89,2026-05-23,4854.37,Electronics,0
1753,663,2024-12-26,409.93,Fuel,0
1754,108,2025-09-22,2535.45,Travel,0
1755,171,2025-07-18,6866.43,Electronics,0
1756,459,2024-09-06,5794.1,Electronics,0
1757,339,2025-10-18,901.33,Fuel,0
1758,151,2025-03-09,2094.76,Travel,0
1759,245,2026-07-27,5817.2,Online Retail,0
1760,286,2025-01-05,2552.43,Entertainment,0
1761,425,2024-09-26,1525.87,Grocery,0
1762,554,2024-01-21,519.72,Grocery,0
1763,257,2025-06-14,2092.04,Electronics,0
1764,275,2025-05-11,7574.89,Grocery,0
1765,68,2026-01-07,6750.95,Healthcare,0
1766,669,2024-06-19,3190.61,Online Retail,0
1767,431,2024-10-29,2841.07,Online Retail,0
1768,182,2024-08-19,4605.9,Entertainment,0
1769,25,2025-06-18,6494.29,Healthcare,0
1770,665,2024-09-24,380.07,Healthcare,0
1771,31,2025-02-12,3239.06,Electronics,0
1772,128,2026-06-24,1156.33,Healthcare,0
1773,619,2025-01-22,726.67,Online Retail,0
1774,237,2026-08-07,1187.26,Electronics,0
1775,610,2024-03-02,4720.91,Electronics,0
1776,386,2025-03-17,4875.88,Online Retail,0
1777,394,2024-01-24,5150.48,Dining,0
1778,653,2025-06-26,5184.09,Travel,0
1779,13,2024-10-14,5161.19,Grocery,0
1780,244,2024-06-30,2238.13,Dining,0
1781,241,2026-06-08,2237.09,Travel,0
1782,513,2025-10-04,1976.02,Travel,0
1783,243,2024-07-06,2554.68,Entertainment,0
1784,617,2025-11-23,843.46,Electronics,0
1785,505,2024-03-02,2241.16,Online Retail,0
1786,636,2025-05-17,1224.28,Online Retail,0
1787,569,2025-08-27,12617.82,Grocery,0
1788,523,2024-05-14,417.42,Grocery,0
1789,248,2026-07-23,7787.17,Healthcare,0
1790,510,2024-03-26,3433.3,Fuel,0
1791,296,2024-02-25,9987.42,Dining,0
1792,241,2025-04-29,3083.01,Dining,0
1793,158,2025-12-27,820.14,Travel,0
1794,628,2025-06-16,2681.61,Entertainment,0
1795,510,2024-04-15,1090.46,Electronics,0
1796,35,2024-03-27,567.77,Electronics,0
1797,245,2024-05-11,1154.64,Dining,0
1798,407,2026-08-16,968.87,Electronics,0
1799,494,2026-07-01,3187.28,Travel,0
1800,215,2024-03-20,5018.13,Online Retail,0
1801,495,2025-11-14,6876.14,Entertainment,0
1802,191,2026-03-07,10549.02,Grocery,0
1803,110,2025-06-29,753.08,Online Retail,0
1804,62,2024-06-01,2806.86,Electronics,0
1805,620,2024-06-09,1896.67,Entertainment,0
1806,461,2025-11-07,4926.89,Online Retail,0
1807,578,2025-06-29,3243.21,Grocery,0
1808,376,2024-06-19,390.92,Online Retail,0
1809,409,2024-03-01,2458.02,Grocery,0
1810,204,2025-02-26,2537.98,Dining,0
1811,61,2025-01-19,3417.31,Online Retail,0
1812,501,2026-08-15,16998.87,Healthcare,0
1813,118,2025-11-17,1131.92,Fuel,0
1814,613,2025-02-17,7967.26,Healthcare,0
1815,65,2025-07-08,5095.54,Online Retail,0
1816,684,2025-05-20,3887.09,Grocery,0
1817,325,2025-10-20,506.53,Fuel,0
1818,198,2025-07-22,10475.71,Electronics,0
1819,186,2024-04-22,2670.52,Grocery,0
1820,475,2025-05-26,2924.18,Entertainment,0
1821,582,2026-01-09,457.48,Online Retail,0
1822,333,2026-06-02,1101.21,Grocery,0
1823,306,2026-07-21,1738.93,Healthcare,1
1824,616,2025-10-12,1183.63,Healthcare,0
1825,317,2026-06-03,3548.25,Online Retail,0
1826,232,2024-01-19,2948.17,Dining,0
1827,646,2024-03-26,1093.5,Healthcare,0
1828,562,2024-07-06,2742.11,Entertainment,0
1829,405,2024-04-06,158.54,Dining,0
1830,8,2025-09-29,1352.53,Travel,0
1831,272,2025-05-15,5697.9,Grocery,1
1832,685,2025-06-15,1546.63,Travel,0
1833,689,2025-05-25,15849.85,Entertainment,0
1834,472,2025-04-19,3098.98,Online Retail,0
1835,324,2026-04-15,1038.6,Healthcare,0
1836,602,2024-07-22,2372.34,Electronics,0
1837,406,2024-12-25,4865.77,Fuel,0
1838,42,2024-04-01,4869.34,Travel,0
1839,268,2025-05-16,5363.88,Electronics,0
1840,227,2024-12-05,3505.89,Online Retail,0
1841,469,2024-07-17,344.4,Electronics,0
1842,154,2025-06-19,4147.18,Entertainment,0
1843,544,2026-07-11,2765.27,Electronics,0
1844,171,2026-01-19,1739.76,Fuel,0
1845,441,2024-04-27,7060.91,Electronics,0
1846,211,2024-12-07,963.44,Travel,0
1847,174,2026-05-31,5072.09,Healthcare,0
1848,494,2024-07-22,1505.84,Healthcare,0
1849,660,2026-05-18,697.26,Dining,0
1850,560,2026-05-23,2025.22,Electronics,0
1851,359,2024-02-19,75.33,Travel,0
1852,641,2026-08-21,3095.34,Fuel,0
1853,579,2026-01-26,2108.42,Travel,0
1854,643,2025-04-30,297.94,Healthcare,0
1855,7,2024-11-25,3171.88,Travel,0
1856,570,2025-03-26,4817.59,Travel,0
1857,363,2024-08-07,1858.72,Fuel,0
1858,489,2026-01-26,1321.81,Travel,0
1859,655,2025-01-27,3748.8,Dining,0
1860,364,2025-03-05,7849.11,Travel,0
1861,482,2026-06-19,1755.2,Entertainment,0
1862,688,2024-02-17,11252.95,Dining,0
1863,80,2025-01-23,6272.55,Electronics,0
1864,520,2025-08-17,1398.63,Electronics,0
1865,497,2024-08-24,857.28,Healthcare,0
1866,134,2024-06-18,3880.12,Dining,0
1867,11,2025-05-26,517.02,Travel,0
1868,443,2024-06-28,516.46,Travel,0
1869,259,2025-02-03,1494.75,Entertainment,0
1870,220,2024-03-22,1384.08,Travel,0
1871,166,2024-01-19,9562.64,Online Retail,0
1872,382,2025-12-18,5355.88,Travel,0
1873,177,2024-06-30,5546.2,Entertainment,0
1874,53,2024-01-28,3749.7,Online Retail,0
1875,30,2024-01-17,1490.06,Entertainment,0
1876,182,2025-07-07,1822.88,Travel,0
1877,432,2025-05-24,3445.23,Dining,0
1878,370,2025-07-21,682.55,Travel,0
1879,520,2025-09-17,675.75,Dining,1
1880,420,2025-09-30,4884.72,Travel,0
1881,205,2025-12-01,4132.88,Electronics,0
1882,643,2026-04-11,607.79,Dining,0
1883,411,2024-07-21,581.08,Travel,0
1884,434,2024-03-30,629.12,Fuel,0
1885,349,2026-02-23,4786.96,Travel,0
1886,297,2024-03-06,6060.87,Electronics,0
1887,696,2025-02-04,709.34,Travel,0
1888,273,2025-08-21,2739.05,Online Retail,0
1889,569,2024-02-17,667.3,Electronics,0
1890,59,2026-08-07,7267.79,Dining,0
1891,663,2026-06-23,201.74,Electronics,0
1892,530,2026-03-28,3087.17,Online Retail,0
1893,578,2025-11-07,1471.53,Healthcare,0
1894,224,2026-02-12,332.42,Entertainment,0
1895,461,2025-07-02,514.64,Healthcare,1
1896,529,2026-01-02,1805.76,Grocery,0
1897,50,2024-02-09,1062.6,Healthcare,0
1898,455,2024-07-21,2631.05,Entertainment,0
1899,601,2024-01-14,9957.06,Electronics,0
1900,594,2024-04-29,5186.02,Dining,0
1901,533,2025-07-04,4849.35,Entertainment,0
1902,626,2026-01-13,4714.42,Online Retail,0
1903,198,2026-05-06,3617.69,Travel,0
1904,483,2024-06-04,5992.93,Fuel,0
1905,189,2025-09-23,1259.2,Electronics,0
1906,605,2025-12-26,3620.03,Dining,0
1907,367,2024-01-06,173.4,Electronics,0
1908,580,2024-11-14,4772.53,Healthcare,0
1909,199,2025-09-14,2555.03,Electronics,0
1910,215,2024-05-12,2160.52,Grocery,0
1911,680,2024-12-05,614.51,Travel,0
1912,633,2025-03-22,393.56,Travel,0
1913,136,2024-04-28,1378.43,Entertainment,0
1914,271,2024-03-06,2547.97,Online Retail,0
1915,108,2026-03-02,5278.78,Online Retail,0
1916,446,2024-03-26,6003.0,Online Retail,0
1917,31,2025-07-16,5421.34,Fuel,0
1918,19,2025-02-10,3853.79,Grocery,0
1919,387,2025-12-07,368.94,Travel,0
1920,627,2026-05-22,2169.87,Online Retail,0
1921,519,2024-06-09,7937.45,Fuel,0
1922,487,2026-07-09,9978.18,Travel,0
1923,411,2024-04-23,352.65,Dining,0
1924,127,2026-05-07,1469.59,Grocery,0
1925,146,2025-05-16,8341.79,Entertainment,0
1926,432,2024-02-14,6131.67,Travel,0
1927,647,2025-05-29,2391.38,Travel,0
1928,34,2026-05-04,3149.9,Travel,0
1929,266,2025-07-21,3673.75,Electronics,0
1930,132,2024-04-04,6309.94,Dining,0
1931,99,2025-12-26,6163.33,Travel,0
1932,248,2026-04-03,1663.08,Fuel,1
1933,134,2025-10-09,7911.52,Online Retail,0
1934,172,2025-02-03,8692.91,Electronics,0
1935,307,2025-10-21,1937.18,Fuel,0
1936,521,2024-11-23,8310.35,Grocery,0
1937,382,2024-06-19,1907.17,Online Retail,0
1938,381,2026-04-14,4630.0,Dining,0
1939,422,2025-02-11,9347.76,Dining,0
1940,158,2026-01-14,6960.56,Travel,0
1941,52,2025-08-07,1067.99,Dining,0
1942,20,2026-05-09,3613.13,Travel,0
1943,608,2025-05-20,4196.45,Travel,0
1944,614,2024-10-24,3074.45,Healthcare,0
1945,236,2024-10-23,1197.22,Healthcare,0
1946,549,2025-05-22,1106.94,Travel,0
1947,182,2026-07-09,2028.9,Travel,0
1948,214,2024-07-03,383.74,Online Retail,0
1949,482,2024-05-16,4082.88,Grocery,0
1950,650,2024-09-09,10662.07,Electronics,0
1951,430,2026-08-08,2308.45,Travel,0
1952,672,2025-08-21,1111.69,Grocery,0
1953,695,2026-02-01,532.93,Electronics,0
1954,21,2025-07-06,6534.29,Fuel,0
1955,288,2025-08-04,3646.72,Fuel,0
1956,331,2025-09-03,3065.32,Online Retail,0
1957,129,2024-05-04,3683.51,Dining,0
1958,150,2025-09-05,3748.12,Travel,0
1959,681,2025-07-03,4112.17,Dining,0
1960,126,2026-03-14,3433.45,Entertainment,0
1961,338,2024-03-26,4736.65,Travel,0
1962,338,2025-05-10,3865.43,Entertainment,0
1963,464,2026-06-27,157.48,Grocery,0
1964,384,2026-03-07,1003.03,Online Retail,0
1965,30,2024-10-05,999.06,Grocery,0
1966,316,2025-12-11,1123.31,Entertainment,0
1967,236,2025-01-24,622.94,Travel,0
1968,90,2026-02-12,3321.39,Travel,0
1969,692,2025-09-12,4910.26,Online Retail,0
1970,379,2025-04-14,740.22,Dining,0
1971,676,2024-01-19,95.42,Grocery,0
1972,642,2026-01-11,2570.31,Online Retail,0
1973,689,2025-06-12,146.59,Grocery,0
1974,166,2025-06-03,2441.62,Healthcare,0
1975,577,2025-11-27,3078.32,Electronics,0
1976,29,2026-06-08,2324.18,Entertainment,0
1977,351,2024-07-21,2365.39,Fuel,0
1978,609,2026-05-28,2035.03,Grocery,0
1979,401,2024-05-30,5279.13,Travel,0
1980,142,2025-09-17,8765.22,Electronics,0
1981,53,2025-04-20,3312.08,Dining,0
1982,321,2026-01-08,1050.77,Entertainment,0
1983,556,2025-06-07,726.2,Travel,0
1984,644,2025-07-22,129.9,Fuel,0
1985,525,2025-03-04,7358.72,Online Retail,0
1986,310,2025-10-05,1786.04,Healthcare,0
1987,496,2024-10-15,1925.6,Travel,1
1988,549,2024-10-10,2510.03,Electronics,0
1989,268,2025-02-03,1382.73,Electronics,0
1990,185,2024-07-15,3005.03,Online Retail,0
1991,187,2024-10-31,3167.19,Healthcare,0
1992,523,2024-03-20,3595.4,Online Retail,0
1993,567,2024-08-31,346.52,Entertainment,0
1994,137,2025-02-04,50.35,Fuel,1
1995,683,2025-04-05,5087.48,Fuel,0
1996,14,2025-09-07,1859.16,Grocery,0
1997,297,2025-01-20,890.48,Grocery,0
1998,338,2025-08-26,5637.3,Entertainment,0
1999,39,2025-02-28,937.92,Healthcare,0
2000,508,2025-03-03,816.84,Healthcare,0
2001,631,2024-01-01,1263.39,Dining,0
2002,167,2026-01-31,1029.38,Grocery,0
2003,483,2025-11-06,1061.63,Online Retail,0
2004,666,2024-02-26,4629.06,Grocery,0
2005,470,2024-02-15,655.91,Fuel,0
2006,317,2025-12-19,2408.46,Travel,0
2007,661,2024-07-20,1087.83,Fuel,0
2008,282,2026-05-24,6116.52,Electronics,0
2009,470,2026-02-22,3293.21,Travel,0
2010,540,2025-02-06,2469.32,Dining,0
2011,433,2026-08-17,4434.74,Electronics,0
2012,220,2025-06-01,5587.38,Online Retail,0
2013,498,2026-08-24,4333.05,Dining,0
2014,217,2024-02-20,4194.62,Dining,0
2015,339,2025-07-31,8601.23,Electronics,0
2016,382,2026-03-08,3519.95,Electronics,0
2017,201,2024-09-09,853.61,Online Retail,0
2018,537,2026-03-21,2752.39,Online Retail,0
2019,177,2026-03-24,1469.14,Grocery,0
2020,113,2026-02-02,8138.51,Travel,0
2021,509,2025-09-26,1618.08,Online Retail,0
2022,617,2024-03-31,1680.01,Electronics,0
2023,170,2026-08-19,2004.83,Healthcare,0
2024,363,2026-05-10,3049.68,Entertainment,0
2025,652,2025-06-19,1158.18,Fuel,0
2026,259,2025-01-23,1160.34,Dining,0
2027,283,2025-05-28,837.27,Healthcare,0
2028,489,2026-08-17,7467.0,Online Retail,0
2029,444,2024-02-12,3986.48,Travel,0
2030,89,2025-04-13,1855.7,Entertainment,0
2031,30,2024-07-08,1354.48,Dining,0
2032,255,2026-03-06,785.71,Dining,0
2033,315,2025-10-12,1584.89,Fuel,0
2034,430,2026-06-09,1876.47,Entertainment,0
2035,280,2026-08-26,6223.38,Online Retail,0
2036,93,2024-04-23,731.3,Entertainment,0
2037,529,2025-04-08,2933.16,Dining,0
2038,303,2026-06-27,3846.44,Dining,0
2039,39,2024-01-29,1018.59,Grocery,0
2040,418,2026-04-29,228.46,Healthcare,1
2041,282,2025-01-24,2832.18,Fuel,0
2042,375,2025-06-06,770.8,Dining,0
2043,601,2024-05-03,3233.61,Grocery,0
2044,134,2024-11-28,2873.45,Fuel,0
2045,468,2026-07-24,5152.06,Dining,0
2046,83,2026-06-22,5523.28,Dining,0
2047,545,2024-05-17,301.67,Grocery,0
2048,256,2025-07-02,3861.95,Fuel,0
2049,535,2024-04-24,3200.61,Dining,0
2050,29,2026-08-22,3100.08,Healthcare,0
2051,464,2025-03-22,5625.5,Travel,1
2052,176,2024-09-08,827.28,Electronics,0
2053,274,2025-06-12,5546.83,Fuel,0
2054,164,2024-07-15,3842.86,Online Retail,0
2055,280,2025-11-30,227.79,Fuel,0
2056,554,2024-12-04,1281.5,Electronics,0
2057,36,2024-12-24,2384.46,Healthcare,0
2058,422,2026-01-07,281.59,Fuel,0
2059,137,2026-05-24,3755.94,Entertainment,0
2060,278,2024-07-17,5593.27,Electronics,0
2061,391,2025-08-06,4756.22,Electronics,0
2062,68,2024-10-26,4329.66,Grocery,0
2063,627,2024-02-16,1433.12,Entertainment,0
2064,477,2024-09-06,3735.81,Fuel,0
2065,429,2024-02-03,8325.31,Dining,0
2066,652,2026-02-01,533.99,Grocery,0
2067,271,2025-04-02,433.3,Electronics,0
2068,99,2025-06-14,799.98,Grocery,0
2069,583,2025-03-04,2227.47,Fuel,0
2070,445,2024-09-20,730.53,Dining,0
2071,315,2025-03-17,4463.03,Dining,0
2072,60,2024-05-28,2452.29,Healthcare,0
2073,182,2024-02-25,2373.47,Travel,0
2074,409,2024-06-01,322.28,Travel,0
2075,57,2024-02-21,3134.37,Fuel,0
2076,384,2025-06-23,3289.87,Fuel,0
2077,580,2024-02-29,7229.29,Online Retail,0
2078,315,2025-01-14,12105.81,Online Retail,0
2079,432,2025-12-16,489.81,Dining,0
2080,152,2025-07-15,1354.48,Travel,0
2081,407,2025-08-09,131.61,Travel,0
2082,128,2024-10-07,682.45,Grocery,0
2083,505,2024-05-13,7659.01,Healthcare,0
2084,373,2024-05-31,4690.81,Fuel,0
2085,424,2025-02-24,1823.19,Online Retail,0
2086,225,2026-05-18,2171.57,Healthcare,0
2087,246,2026-07-08,475.63,Online Retail,0
2088,462,2024-05-12,576.93,Grocery,0
2089,433,2024-03-08,2296.55,Entertainment,0
2090,485,2025-03-29,1210.88,Grocery,0
2091,99,2024-07-03,4494.93,Entertainment,0
2092,132,2024-05-13,5302.57,Electronics,0
2093,208,2025-01-14,1343.32,Grocery,0
2094,271,2026-07-27,3294.6,Entertainment,0
2095,377,2024-08-18,2174.01,Travel,0
2096,365,2024-03-23,2098.08,Online Retail,0
2097,49,2024-06-03,7418.74,Healthcare,0
2098,25,2025-08-28,366.19,Dining,0
2099,576,2026-08-07,7230.2,Grocery,1
2100,406,2026-07-25,4852.79,Travel,0
2101,32,2026-01-17,3137.64,Grocery,0
2102,598,2025-05-30,4391.78,Dining,0
2103,261,2025-12-11,2028.87,Travel,0
2104,464,2024-03-01,1277.82,Fuel,0
2105,319,2026-06-27,811.83,Healthcare,0
2106,135,2026-02-05,4977.75,Healthcare,0
2107,477,2024-07-01,2856.42,Dining,0
2108,255,2024-10-15,9361.93,Travel,0
2109,109,2026-05-17,4594.54,Electronics,0
2110,156,2025-06-12,3136.41,Online Retail,0
2111,575,2026-08-16,1210.7,Electronics,0
2112,365,2025-01-23,1462.89,Entertainment,0
2113,299,2025-07-25,1090.03,Fuel,0
2114,547,2024-01-05,3578.75,Healthcare,0
2115,176,2026-05-30,1964.04,Travel,0
2116,106,2026-03-23,1263.71,Entertainment,0
2117,69,2026-03-06,9988.13,Online Retail,0
2118,72,2026-01-06,6115.96,Dining,0
2119,648,2024-11-05,2367.49,Healthcare,0
2120,631,2024-02-03,2583.76,Online Retail,0
2121,283,2024-11-20,4794.39,Grocery,0
2122,331,2025-10-18,2028.47,Grocery,0
2123,267,2025-10-20,496.64,Travel,0
2124,384,2026-04-19,1140.04,Dining,0
2125,127,2025-06-22,2626.19,Fuel,0
2126,462,2024-11-28,2596.47,Entertainment,0
2127,355,2025-01-10,249.66,Online Retail,0
2128,640,2026-08-14,4748.13,Travel,0
2129,224,2024-02-15,279.21,Travel,0
2130,533,2025-10-02,705.15,Electronics,0
2131,117,2024-01-23,5105.43,Dining,0
2132,65,2025-03-27,1889.28,Entertainment,0
2133,528,2024-04-05,6595.47,Grocery,0
2134,622,2024-08-07,5680.13,Grocery,0
2135,629,2025-01-29,486.15,Grocery,0
2136,42,2024-11-12,1573.44,Fuel,0
2137,247,2024-01-27,1225.16,Healthcare,0
2138,332,2026-02-04,1380.72,Online Retail,0
2139,201,2024-05-24,1167.9,Fuel,0
2140,209,2025-11-25,663.57,Online Retail,0
2141,262,2026-08-01,6088.94,Dining,0
2142,18,2024-08-29,751.81,Entertainment,0
2143,648,2025-03-15,1810.96,Dining,0
2144,211,2025-09-21,686.52,Healthcare,0
2145,409,2026-06-28,2728.53,Entertainment,0
2146,553,2025-01-05,1739.51,Dining,0
2147,117,2024-07-04,1295.65,Dining,0
2148,145,2024-04-17,6049.11,Online Retail,0
2149,443,2024-12-15,2012.32,Travel,0
2150,696,2026-03-21,2210.39,Healthcare,0
2151,281,2025-10-16,246.74,Grocery,0
2152,639,2024-08-10,2589.4,Online Retail,0
2153,13,2026-08-23,4528.37,Healthcare,0
2154,516,2025-09-17,933.28,Travel,0
2155,679,2025-11-13,1733.61,Entertainment,0
2156,523,2024-01-03,7088.22,Entertainment,0
2157,81,2026-05-29,1267.55,Entertainment,0
2158,8,2024-03-10,3935.63,Grocery,0
2159,290,2024-02-17,1855.37,Electronics,0
2160,392,2025-11-05,6148.29,Fuel,0
2161,461,2024-10-23,3071.33,Online Retail,0
2162,650,2026-06-29,1068.89,Online Retail,0
2163,411,2026-05-10,449.07,Fuel,0
2164,188,2025-06-16,8345.3,Electronics,0
2165,3,2025-05-25,3592.68,Dining,0
2166,653,2024-06-11,3000.56,Dining,0
2167,426,2024-06-14,1484.4,Healthcare,0
2168,476,2024-01-12,329.86,Healthcare,0
2169,510,2024-06-14,3222.53,Entertainment,0
2170,561,2025-03-07,3090.15,Entertainment,0
2171,595,2026-01-09,3904.75,Electronics,0
2172,609,2024-03-12,6629.45,Entertainment,0
2173,129,2024-06-03,2826.79,Grocery,0
2174,208,2025-01-02,267.24,Grocery,0
2175,26,2025-04-30,4159.84,Electronics,0
2176,86,2025-02-18,8576.77,Electronics,1
2177,662,2024-06-25,2123.99,Healthcare,0
2178,297,2026-01-05,2018.35,Travel,0
2179,477,2024-07-22,1829.95,Entertainment,0
2180,396,2024-04-24,2464.85,Online Retail,0
2181,319,2025-01-22,3207.33,Online Retail,0
2182,114,2026-08-22,3868.42,Electronics,0
2183,508,2024-04-25,1241.63,Grocery,0
2184,527,2024-05-03,1330.6,Grocery,1
2185,110,2025-10-04,12.08,Fuel,0
2186,225,2025-08-28,266.01,Entertainment,0
2187,671,2024-06-10,1637.3,Dining,0
2188,599,2025-09-25,3258.84,Fuel,0
2189,458,2026-01-03,1523.18,Healthcare,0
2190,672,2025-09-13,4486.36,Electronics,0
2191,614,2025-05-23,1135.59,Healthcare,0
2192,431,2025-03-24,1213.94,Online Retail,0
2193,390,2024-12-03,5714.46,Electronics,0
2194,455,2024-03-07,3160.41,Dining,0
2195,561,2025-08-21,5076.11,Travel,0
2196,673,2026-02-10,3299.43,Entertainment,0
2197,230,2025-02-01,2585.79,Electronics,0
2198,211,2025-12-17,3211.4,Entertainment,1
2199,94,2024-03-21,594.28,Fuel,0
2200,8,2024-04-07,102.89,Grocery,1
2201,248,2024-10-28,515.68,Grocery,0
2202,175,2024-12-03,255.19,Grocery,0
2203,628,2025-05-26,3095.95,Fuel,0
2204,342,2024-01-31,5810.69,Entertainment,0
2205,489,2024-04-11,568.59,Dining,0
2206,146,2025-12-09,2922.25,Dining,0
2207,320,2025-12-15,7643.66,Fuel,0
2208,567,2026-01-20,4837.11,Electronics,0
2209,165,2024-12-13,3406.95,Healthcare,0
2210,276,2025-10-17,2362.24,Travel,0
2211,419,2024-07-18,3162.51,Dining,0
2212,141,2026-04-27,2689.33,Electronics,0
2213,416,2024-01-08,2008.06,Healthcare,0
2214,431,2025-08-20,719.76,Online Retail,0
2215,372,2024-03-23,1201.8,Entertainment,0
2216,117,2026-03-16,2959.67,Healthcare,0
2217,517,2024-08-19,5422.35,Grocery,0
2218,587,2024-01-21,595.78,Fuel,0
2219,170,2024-12-23,10696.69,Grocery,0
2220,77,2026-05-24,224.61,Online Retail,0
2221,358,2024-05-29,4264.1,Electronics,0
2222,122,2024-09-22,3732.65,Electronics,0
2223,216,2025-06-15,2760.83,Online Retail,0
2224,460,2026-04-29,1391.07,Electronics,0
2225,144,2024-07-08,5501.44,Online Retail,0
2226,257,2024-12-20,1269.6,Electronics,0
2227,233,2026-07-19,1822.57,Fuel,0
2228,501,2025-11-11,3677.66,Entertainment,0
2229,563,2025-07-04,8413.1,Online Retail,0
2230,611,2024-12-18,129.99,Electronics,0
2231,80,2026-02-15,775.37,Dining,0
2232,539,2026-07-06,2060.93,Electronics,0
2233,193,2025-02-15,4452.55,Travel,0
2234,627,2026-07-19,10805.02,Dining,0
2235,374,2024-07-18,7567.51,Electronics,0
2236,646,2026-04-02,3344.28,Travel,0
2237,281,2025-03-14,5587.67,Entertainment,0
2238,225,2024-07-24,1373.87,Online Retail,0
2239,580,2025-02-06,3209.06,Electronics,0
2240,250,2025-01-31,1040.68,Grocery,0
2241,546,2025-08-31,715.35,Travel,0
2242,36,2026-02-15,1195.35,Electronics,0
2243,475,2026-06-06,966.76,Online Retail,0
2244,636,2024-05-13,11197.81,Dining,0
2245,198,2024-08-19,634.34,Healthcare,0
2246,691,2026-03-23,445.68,Healthcare,0
2247,15,2024-04-04,3093.41,Fuel,0
2248,88,2024-10-18,646.15,Healthcare,0
2249,220,2025-11-28,5609.48,Fuel,0
2250,220,2025-06-06,849.3,Online Retail,0
2251,421,2024-01-01,2242.22,Entertainment,0
2252,608,2024-05-24,433.39,Entertainment,0
2253,72,2026-02-13,1410.51,Dining,0
2254,525,2024-11-27,1509.97,Fuel,0
2255,577,2025-12-10,2643.55,Entertainment,0
2256,408,2025-10-17,2936.24,Grocery,0
2257,691,2026-03-16,404.89,Entertainment,0
2258,68,2025-07-18,1611.99,Online Retail,0
2259,517,2024-03-29,3096.61,Grocery,0
2260,292,2024-05-03,773.61,Fuel,0
2261,291,2024-07-17,3356.15,Online Retail,0
2262,421,2024-06-25,760.23,Fuel,0
2263,559,2025-06-21,1392.27,Entertainment,0
2264,338,2025-03-25,183.8,Dining,0
2265,191,2024-11-15,2823.25,Dining,0
2266,187,2025-07-08,4574.24,Electronics,0
2267,668,2026-04-04,3692.4,Dining,0
2268,291,2024-12-29,4704.32,Fuel,0
2269,257,2025-03-22,1271.26,Travel,0
2270,397,2026-05-11,2042.65,Grocery,0
2271,483,2025-02-22,3442.09,Healthcare,0
2272,27,2024-03-21,1528.96,Travel,1
2273,14,2024-06-29,494.97,Online Retail,0
2274,402,2024-09-19,2797.96,Entertainment,0
2275,442,2025-07-01,184.47,Dining,0
2276,344,2025-01-27,4834.44,Grocery,0
2277,208,2024-12-03,2943.65,Fuel,0
2278,549,2026-03-21,2854.94,Grocery,0
2279,72,2025-03-15,1153.3,Fuel,0
2280,448,2025-04-09,4918.27,Entertainment,0
2281,304,2024-09-21,8266.97,Travel,0
2282,257,2025-03-28,6982.09,Travel,0
2283,75,2025-08-16,10094.48,Grocery,1
2284,469,2026-06-14,568.96,Travel,0
2285,130,2026-03-28,1557.67,Grocery,0
2286,379,2024-01-05,5555.05,Fuel,0
2287,627,2024-01-21,759.87,Dining,0
2288,520,2026-03-25,478.33,Fuel,0
2289,45,2024-08-13,15523.73,Online Retail,0
2290,688,2024-01-25,1134.71,Grocery,0
2291,438,2025-10-22,4598.88,Entertainment,0
2292,582,2026-08-06,7127.9,Travel,0
2293,43,2025-11-19,1139.5,Healthcare,1
2294,641,2024-05-11,895.93,Entertainment,0
2295,503,2024-10-13,631.61,Travel,0
2296,619,2024-10-09,4329.45,Healthcare,0
2297,685,2024-10-06,1175.29,Fuel,0
2298,590,2025-09-02,1916.7,Online Retail,1
2299,301,2025-12-29,5394.89,Dining,0
2300,587,2024-10-12,924.44,Grocery,0
2301,678,2025-06-28,7616.36,Electronics,0
2302,636,2025-04-19,2956.02,Electronics,0
2303,450,2025-01-14,347.96,Electronics,0
2304,671,2024-06-27,290.45,Online Retail,0
2305,417,2024-02-24,1824.62,Healthcare,0
2306,312,2026-07-08,1194.52,Grocery,0
2307,120,2025-09-28,4625.22,Grocery,0
2308,326,2026-03-30,5514.37,Dining,0
2309,667,2024-10-12,7323.5,Grocery,0
2310,84,2024-07-25,4875.18,Entertainment,0
2311,604,2025-07-16,3571.68,Travel,0
2312,450,2025-11-09,1913.84,Healthcare,0
2313,93,2025-12-05,1227.62,Dining,0
2314,159,2025-06-16,450.73,Dining,0
2315,21,2025-03-27,2222.79,Grocery,0
2316,519,2025-07-03,7285.64,Dining,0
2317,252,2024-09-03,3028.17,Travel,0
2318,131,2024-06-07,11861.42,Electronics,0
2319,112,2024-07-27,4192.76,Healthcare,0
2320,354,2024-11-23,3100.75,Grocery,0
2321,236,2025-11-18,11993.86,Travel,0
2322,634,2026-04-27,1210.99,Grocery,0
2323,671,2026-05-19,1616.22,Fuel,0
2324,141,2025-01-20,2424.12,Fuel,0
2325,604,2026-08-13,4650.18,Entertainment,0
2326,43,2026-08-18,4761.46,Grocery,0
2327,309,2026-02-22,1068.14,Online Retail,0
2328,405,2024-03-08,2706.01,Healthcare,0
2329,194,2025-08-10,7615.7,Online Retail,0
2330,455,2024-10-04,418.07,Entertainment,0
2331,405,2026-04-22,7504.29,Entertainment,0
2332,654,2024-08-06,3503.92,Grocery,0
2333,657,2025-01-14,3457.38,Grocery,0
2334,572,2024-09-01,1277.52,Electronics,0
2335,554,2026-05-10,4415.24,Entertainment,0
2336,237,2025-07-11,1148.28,Electronics,0
2337,608,2025-02-23,734.3,Electronics,0
2338,254,2026-03-05,1036.26,Fuel,0
2339,533,2025-08-03,2491.63,Grocery,0
2340,340,2025-08-13,2663.16,Online Retail,0
2341,353,2024-06-14,3607.96,Dining,0
2342,567,2025-01-02,2222.79,Entertainment,0
2343,100,2025-04-29,1933.6,Entertainment,0
2344,596,2025-02-13,99.32,Fuel,0
2345,574,2024-11-28,9010.38,Travel,0
2346,330,2026-08-19,1805.73,Grocery,0
2347,456,2024-12-23,4251.45,Grocery,0
2348,186,2025-08-05,10536.93,Grocery,0
2349,541,2025-08-06,5400.51,Grocery,0
2350,84,2024-07-24,92.6,Dining,0
2351,514,2026-05-09,593.65,Dining,0
2352,475,2024-05-30,339.01,Grocery,0
2353,173,2026-03-16,4209.64,Entertainment,0
2354,571,2025-08-03,1382.61,Entertainment,0
2355,200,2024-12-06,282.72,Online Retail,0
2356,380,2024-09-19,343.58,Entertainment,0
2357,600,2025-12-16,985.18,Fuel,0
2358,42,2025-03-13,335.25,Dining,0
2359,286,2025-06-17,2280.62,Electronics,1
2360,439,2024-12-17,2480.48,Online Retail,0
2361,125,2024-12-05,1950.59,Entertainment,0
2362,360,2024-09-18,302.99,Entertainment,0
2363,450,2026-06-04,3515.68,Grocery,0
2364,611,2026-05-13,925.02,Grocery,0
2365,209,2024-06-06,3695.53,Grocery,0
2366,583,2024-05-12,4246.91,Electronics,0
2367,450,2026-02-24,2260.44,Travel,0
2368,357,2024-12-16,3782.17,Fuel,0
2369,414,2024-07-25,1071.09,Dining,0
2370,692,2024-07-28,718.64,Online Retail,0
2371,465,2026-05-20,1009.68,Entertainment,0
2372,302,2024-09-14,3662.16,Grocery,0
2373,696,2025-12-04,404.89,Online Retail,0
2374,485,2025-03-19,1914.56,Fuel,0
2375,195,2025-03-29,1136.38,Dining,0
2376,428,2024-11-24,2441.06,Online Retail,0
2377,683,2024-03-16,412.35,Online Retail,0
2378,490,2024-03-26,2148.88,Travel,0
2379,535,2024-06-24,965.25,Online Retail,0
2380,464,2024-10-07,3515.51,Dining,0
2381,599,2024-06-09,10299.71,Electronics,0
2382,57,2024-09-29,2916.86,Entertainment,0
2383,562,2026-01-12,2320.22,Travel,0
2384,631,2024-01-11,1763.38,Fuel,0
2385,17,2025-08-29,677.46,Electronics,0
2386,552,2025-05-23,363.06,Fuel,0
2387,353,2024-07-31,660.89,Healthcare,0
2388,270,2024-10-06,11200.53,Travel,0
2389,75,2024-12-24,325.18,Entertainment,0
2390,223,2024-09-21,2353.64,Dining,0
2391,472,2024-10-28,2534.7,Entertainment,0
2392,360,2025-02-14,4572.86,Grocery,0
2393,42,2025-09-28,261.63,Fuel,0
2394,215,2025-09-17,5532.82,Healthcare,0
2395,24,2024-11-18,7093.47,Travel,0
2396,255,2024-10-10,3096.19,Fuel,0
2397,635,2026-01-19,252.98,Fuel,0
2398,531,2026-01-15,1505.0,Dining,0
2399,642,2025-11-08,3496.45,Entertainment,0
2400,117,2025-11-02,1515.61,Electronics,0
2401,437,2024-08-24,1850.46,Online Retail,0
2402,211,2025-10-09,4699.34,Grocery,0
2403,322,2024-11-11,6807.89,Healthcare,0
2404,678,2025-06-02,2033.23,Dining,0
2405,580,2025-06-19,6052.44,Grocery,1
2406,488,2026-02-14,3965.14,Electronics,0
2407,675,2026-06-04,10432.94,Fuel,0
2408,350,2025-02-13,7844.54,Fuel,1
2409,39,2024-04-18,3161.63,Healthcare,0
2410,639,2024-01-19,2241.47,Healthcare,0
2411,73,2024-12-15,1269.37,Fuel,0
2412,187,2025-02-23,1909.81,Electronics,1
2413,634,2025-08-07,4763.82,Travel,0
2414,621,2024-12-11,2948.7,Online Retail,0
2415,70,2024-11-12,3650.9,Travel,0
2416,600,2025-12-17,5460.37,Dining,0
2417,500,2024-10-09,149.18,Grocery,0
2418,76,2024-02-14,2424.14,Online Retail,0
2419,388,2025-02-25,3272.4,Entertainment,0
2420,186,2025-08-25,226.19,Entertainment,0
2421,366,2024-07-06,1899.4,Online Retail,0
2422,130,2024-01-11,961.37,Grocery,0
2423,69,2025-08-11,1640.42,Entertainment,0
2424,456,2024-07-03,2781.05,Dining,0
2425,511,2026-05-06,133.89,Electronics,0
2426,134,2024-11-22,607.64,Grocery,1
2427,422,2026-06-06,5279.25,Electronics,0
2428,345,2024-03-26,2655.44,Grocery,0
2429,651,2025-04-04,748.94,Fuel,0
2430,397,2025-02-06,1220.82,Online Retail,0
2431,337,2024-10-13,1022.83,Grocery,0
2432,6,2024-12-18,2045.41,Online Retail,0
2433,639,2025-01-07,784.27,Fuel,0
2434,464,2024-02-27,1144.6,Healthcare,0
2435,129,2024-08-10,1341.65,Travel,0
2436,5,2024-09-25,2199.9,Grocery,1
2437,143,2025-08-06,5369.64,Electronics,0
2438,353,2024-10-11,4074.36,Travel,0
2439,665,2024-05-11,224.17,Travel,0
2440,435,2025-11-02,1858.12,Dining,0
2441,70,2024-11-06,2200.83,Entertainment,0
2442,135,2024-01-20,2220.95,Online Retail,0
2443,166,2024-06-15,3013.03,Fuel,0
2444,54,2025-06-22,3182.71,Healthcare,0
2445,99,2024-07-19,1864.81,Fuel,0
2446,65,2026-06-22,8776.05,Electronics,0
2447,497,2025-10-16,2867.33,Healthcare,0
2448,479,2024-10-17,2516.87,Fuel,0
2449,547,2026-08-25,1212.38,Healthcare,0
2450,129,2025-11-28,2908.51,Online Retail,0
2451,632,2025-10-20,12986.45,Fuel,0
2452,262,2024-03-13,3054.51,Grocery,0
2453,103,2024-08-26,5515.08,Dining,0
2454,111,2025-08-13,6762.61,Electronics,0
2455,226,2025-02-01,1206.04,Grocery,0
2456,62,2026-04-10,1120.52,Online Retail,0
2457,223,2025-09-04,5305.22,Healthcare,0
2458,463,2024-03-18,1109.25,Grocery,0
2459,682,2026-04-25,6848.27,Electronics,0
2460,4,2026-06-29,659.14,Healthcare,0
2461,409,2025-11-27,6322.43,Electronics,0
2462,165,2026-01-18,3341.74,Online Retail,0
2463,237,2024-05-21,408.51,Entertainment,0
2464,451,2025-12-20,4908.1,Entertainment,0
2465,210,2025-08-11,2947.61,Online Retail,0
2466,307,2024-05-02,6576.65,Entertainment,0
2467,224,2024-07-11,2376.11,Fuel,0
2468,254,2025-06-19,6446.02,Entertainment,0
2469,499,2024-12-30,6437.49,Online Retail,0
2470,205,2025-07-16,13811.33,Travel,0
2471,385,2026-07-29,1649.02,Travel,0
2472,555,2025-09-04,4809.04,Online Retail,0
2473,437,2026-05-19,440.31,Entertainment,0
2474,532,2024-01-29,29.25,Travel,0
2475,330,2024-09-07,4348.39,Dining,0
2476,326,2026-05-18,6488.51,Electronics,0
2477,19,2025-12-11,677.72,Fuel,0
2478,494,2024-12-14,1351.65,Electronics,0
2479,481,2024-11-17,6471.11,Travel,0
2480,358,2025-12-27,1047.22,Grocery,0
2481,507,2024-01-08,994.43,Entertainment,0
2482,461,2024-03-19,8517.58,Dining,0
2483,127,2026-04-08,9957.13,Dining,0
2484,157,2026-01-03,2897.62,Travel,0
2485,455,2026-03-12,2674.88,Grocery,0
2486,69,2025-04-10,10211.5,Fuel,0
2487,615,2024-10-13,6767.16,Entertainment,0
2488,245,2025-01-17,10476.25,Dining,0
2489,422,2026-01-22,1240.59,Dining,0
2490,366,2024-08-21,1629.06,Fuel,0
2491,468,2024-01-31,131.63,Fuel,0
2492,249,2025-04-29,188.81,Fuel,0
2493,491,2025-06-10,246.78,Travel,0
2494,122,2025-02-12,1678.78,Electronics,1
2495,228,2026-08-15,850.26,Grocery,0
2496,28,2025-08-14,2840.12,Grocery,0
2497,109,2026-02-07,1144.78,Grocery,1
2498,39,2024-08-16,7735.11,Entertainment,0
2499,331,2025-07-15,763.0,Travel,0
2500,52,2024-12-13,374.51,Healthcare,0
2501,163,2024-12-22,6900.1,Healthcare,0
2502,339,2024-04-09,773.28,Entertainment,0
2503,481,2025-12-17,4618.24,Entertainment,0
2504,18,2025-03-23,2776.65,Dining,0
2505,501,2026-08-09,6073.2,Grocery,0
2506,364,2025-07-24,8452.34,Healthcare,0
2507,6,2024-07-06,3018.94,Online Retail,0
2508,69,2025-12-02,3098.32,Dining,0
2509,668,2024-02-18,32.11,Entertainment,0
2510,315,2025-12-29,2550.87,Dining,0
2511,648,2025-01-02,1381.18,Travel,0
2512,361,2024-02-08,4111.44,Travel,0
2513,93,2025-05-18,4632.97,Entertainment,0
2514,511,2025-04-14,451.84,Dining,0
2515,335,2024-08-27,1991.07,Dining,0
2516,265,2024-04-14,7325.43,Online Retail,0
2517,147,2025-08-24,4650.53,Travel,0
2518,311,2025-03-18,3389.7,Grocery,0
2519,675,2024-10-25,3863.1,Healthcare,0
2520,153,2025-06-30,17.94,Online Retail,0
2521,397,2026-08-15,2380.59,Grocery,0
2522,23,2026-04-27,1094.5,Electronics,0
2523,491,2024-09-15,8410.61,Dining,0
2524,624,2024-12-24,12895.64,Travel,0
2525,685,2026-02-21,1118.3,Electronics,0
2526,568,2024-05-07,9358.59,Entertainment,0
2527,472,2026-07-29,4375.55,Dining,0
2528,408,2025-02-05,7468.76,Grocery,0
2529,610,2025-05-02,6004.06,Fuel,0
2530,7,2026-08-05,2393.26,Travel,0
2531,169,2024-07-13,4378.08,Fuel,0
2532,32,2024-06-10,4853.45,Electronics,0
2533,161,2026-05-18,8368.76,Electronics,0
2534,157,2025-12-06,8509.66,Electronics,0
2535,309,2025-01-27,1517.64,Healthcare,0
2536,484,2024-04-13,960.98,Healthcare,0
2537,618,2025-06-14,1091.79,Entertainment,0
2538,420,2026-01-15,928.39,Electronics,0
2539,28,2024-02-17,1596.15,Entertainment,0
2540,70,2024-07-30,1669.36,Electronics,0
2541,309,2024-12-05,830.09,Fuel,0
2542,430,2024-10-01,2004.53,Travel,0
2543,578,2025-06-26,7415.67,Online Retail,0
2544,262,2026-08-19,2536.82,Travel,0
2545,125,2025-11-06,452.53,Entertainment,0
2546,100,2025-05-16,1175.32,Fuel,0
2547,432,2026-07-16,10292.64,Grocery,0
2548,699,2026-03-08,7091.94,Dining,0
2549,49,2025-07-22,839.12,Online Retail,0
2550,7,2024-02-20,8440.24,Fuel,0
2551,8,2024-09-21,4987.67,Fuel,0
2552,383,2026-06-21,9565.16,Dining,0
2553,224,2025-06-27,226.11,Online Retail,0
2554,578,2026-06-21,1248.59,Healthcare,0
2555,564,2024-03-10,5280.93,Electronics,0
2556,352,2024-06-24,3714.24,Healthcare,0
2557,29,2024-05-24,8876.48,Travel,0
2558,400,2024-04-05,6133.69,Grocery,0
2559,256,2024-12-09,186.38,Entertainment,0
2560,586,2026-09-01,4253.67,Grocery,0
2561,511,2024-01-22,6492.3,Grocery,0
2562,671,2026-06-29,646.1,Online Retail,0
2563,259,2024-03-14,2864.41,Entertainment,0
2564,227,2024-01-16,780.33,Dining,0
2565,336,2024-01-08,3529.42,Online Retail,0
2566,578,2026-01-23,1959.06,Healthcare,0
2567,351,2024-06-26,2504.28,Travel,1
2568,236,2024-04-17,6497.62,Entertainment,0
2569,636,2026-03-15,1483.92,Online Retail,0
2570,274,2025-09-16,1737.71,Healthcare,0
2571,614,2024-12-08,1877.77,Entertainment,0
2572,447,2026-01-17,3192.22,Grocery,0
2573,45,2026-05-29,1523.32,Electronics,0
2574,346,2025-06-06,984.07,Grocery,0
2575,485,2026-05-12,5375.57,Online Retail,1
2576,641,2024-12-02,1726.03,Fuel,0
2577,381,2026-04-21,2222.37,Entertainment,0
2578,11,2025-09-18,4548.13,Fuel,0
2579,249,2024-07-25,1314.2,Travel,0
2580,679,2025-09-04,427.68,Online Retail,0
2581,345,2024-11-29,8239.08,Entertainment,0
2582,270,2024-03-09,3667.29,Grocery,0
2583,616,2025-04-01,2478.33,Electronics,0
2584,292,2024-03-01,2725.1,Electronics,0
2585,542,2025-02-24,9676.97,Online Retail,0
2586,15,2026-05-23,4609.0,Dining,0
2587,398,2024-03-18,12.11,Grocery,0
2588,17,2025-10-22,2430.3,Entertainment,0
2589,123,2024-08-20,2736.26,Fuel,0
2590,382,2025-08-03,2492.83,Electronics,0
2591,434,2025-08-27,126.91,Grocery,0
2592,83,2026-01-10,593.33,Fuel,0
2593,349,2025-10-21,214.91,Entertainment,0
2594,285,2024-08-31,10938.03,Travel,0
2595,313,2024-12-21,2536.77,Healthcare,0
2596,568,2025-07-12,2975.95,Electronics,0
2597,661,2024-10-16,2033.05,Healthcare,0
2598,53,2026-04-03,832.18,Online Retail,0
2599,695,2025-07-25,982.15,Entertainment,0
2600,36,2025-10-29,10981.4,Fuel,0
2601,666,2025-10-08,2093.37,Online Retail,0
2602,432,2024-12-10,1280.79,Electronics,0
2603,518,2025-11-24,6196.25,Travel,0
2604,171,2025-09-23,1752.38,Entertainment,0
2605,420,2026-03-01,449.52,Entertainment,0
2606,415,2024-11-26,806.37,Online Retail,0
2607,224,2025-07-23,6146.88,Travel,0
2608,353,2026-05-24,1381.78,Dining,0
2609,664,2025-01-04,3244.6,Healthcare,0
2610,76,2026-03-29,2081.62,Healthcare,0
2611,319,2024-12-05,4888.5,Healthcare,0
2612,236,2024-05-06,1778.41,Fuel,0
2613,142,2024-02-03,1000.23,Online Retail,0
2614,336,2025-04-24,779.74,Healthcare,0
2615,78,2025-02-09,5314.66,Online Retail,0
2616,85,2024-09-03,1284.98,Healthcare,0
2617,586,2026-04-27,3069.01,Grocery,0
2618,224,2026-03-25,7015.58,Electronics,0
2619,230,2025-09-03,2499.95,Fuel,0
2620,463,2026-01-20,3595.18,Online Retail,0
2621,537,2025-08-01,1318.5,Grocery,0
2622,606,2025-09-20,1770.68,Travel,0
2623,440,2024-08-06,7166.24,Entertainment,0
2624,186,2024-01-18,4832.36,Healthcare,0
2625,199,2025-08-04,2003.07,Electronics,0
2626,496,2024-04-22,2531.9,Grocery,0
2627,596,2024-06-24,1904.85,Healthcare,0
2628,644,2025-05-21,4338.94,Fuel,0
2629,592,2024-11-28,1233.61,Healthcare,0
2630,439,2025-01-18,4332.18,Grocery,0
2631,121,2025-07-23,9377.58,Online Retail,0
2632,292,2026-04-05,2806.97,Travel,0
2633,86,2024-02-14,2164.0,Fuel,0
2634,308,2024-09-26,8750.53,Healthcare,0
2635,421,2024-10-30,2517.23,Dining,0
2636,473,2024-08-27,692.57,Healthcare,0
2637,164,2024-03-27,2063.22,Healthcare,0
2638,488,2024-09-17,7635.98,Electronics,0
2639,233,2024-06-08,1240.93,Dining,0
2640,488,2026-05-06,7753.74,Healthcare,0
2641,656,2024-12-09,1899.53,Healthcare,0
2642,203,2024-12-01,14771.86,Fuel,0
2643,123,2025-11-06,1390.61,Electronics,0
2644,678,2025-08-04,907.27,Grocery,0
2645,330,2024-09-17,26.63,Healthcare,0
2646,163,2024-10-17,2245.91,Healthcare,0
2647,207,2024-01-20,1850.13,Healthcare,1
2648,328,2024-08-02,8693.2,Fuel,0
2649,244,2025-01-24,5435.78,Healthcare,0
2650,634,2025-02-19,7457.16,Electronics,0
2651,260,2024-08-03,6129.52,Dining,0
2652,331,2026-04-25,2334.94,Travel,0
2653,182,2026-01-28,34206.93,Online Retail,1
2654,495,2025-03-03,2131.56,Entertainment,0
2655,535,2026-03-12,3586.06,Fuel,0
2656,396,2024-11-01,11027.01,Dining,0
2657,569,2025-10-16,5592.54,Travel,0
2658,193,2026-02-07,2809.26,Electronics,0
2659,378,2025-08-20,4184.35,Dining,0
2660,511,2024-10-31,1221.62,Electronics,0
2661,630,2025-12-13,1641.25,Dining,0
2662,230,2024-04-14,3575.27,Healthcare,0
2663,96,2025-01-01,698.84,Electronics,0
2664,549,2026-04-08,1104.8,Electronics,0
2665,355,2025-09-26,152.58,Grocery,0
2666,40,2024-12-12,2436.98,Travel,0
2667,580,2025-02-13,2797.3,Online Retail,0
2668,350,2025-01-30,6356.95,Entertainment,0
2669,435,2025-02-23,891.38,Online Retail,0
2670,252,2024-08-12,1656.56,Travel,0
2671,690,2026-02-08,5016.07,Travel,0
2672,302,2024-03-29,5846.0,Dining,0
2673,418,2026-02-10,5606.66,Entertainment,0
2674,376,2025-06-21,991.5,Travel,0
2675,673,2025-01-25,2737.46,Electronics,0
2676,429,2026-02-13,2347.02,Entertainment,0
2677,70,2026-07-02,2930.41,Fuel,0
2678,600,2025-02-18,3438.86,Dining,0
2679,30,2025-06-12,3998.18,Healthcare,0
2680,368,2025-03-07,4036.58,Dining,0
2681,250,2025-04-19,1699.98,Online Retail,0
2682,338,2024-12-11,2009.55,Travel,0
2683,589,2025-05-04,1408.45,Dining,0
2684,76,2024-01-24,5150.26,Healthcare,0
2685,36,2026-01-29,683.73,Healthcare,0
2686,632,2024-03-30,10425.35,Online Retail,0
2687,177,2026-08-01,2409.85,Online Retail,0
2688,310,2025-01-16,2382.54,Travel,0
2689,690,2025-11-03,1959.6,Travel,0
2690,508,2024-01-31,5302.19,Fuel,0
2691,449,2024-11-28,2639.09,Online Retail,0
2692,5,2026-07-14,1500.38,Healthcare,0
2693,276,2025-05-18,5076.76,Travel,0
2694,364,2025-03-16,1210.0,Electronics,0
2695,55,2024-10-26,5405.15,Travel,0
2696,453,2025-11-02,359.53,Travel,0
2697,529,2025-09-29,7516.77,Dining,0
2698,258,2025-05-26,1147.73,Entertainment,0
2699,648,2026-09-01,548.09,Dining,0
2700,654,2025-06-22,1827.49,Grocery,0
2701,520,2026-04-23,1563.67,Grocery,0
2702,220,2025-04-05,3466.16,Electronics,0
2703,82,2025-04-05,505.81,Travel,0
2704,488,2025-07-27,3368.48,Grocery,0
2705,373,2024-11-29,1805.87,Online Retail,0
2706,503,2026-02-08,2626.71,Entertainment,0
2707,282,2025-03-17,678.23,Travel,0
2708,107,2024-09-17,2462.28,Travel,0
2709,633,2024-11-04,1173.46,Online Retail,0
2710,675,2024-11-16,4326.02,Fuel,0
2711,534,2026-08-24,937.41,Online Retail,0
2712,17,2024-11-07,3381.6,Healthcare,0
2713,562,2024-07-15,954.74,Entertainment,0
2714,698,2025-10-29,2390.23,Travel,0
2715,290,2026-02-28,13513.69,Dining,0
2716,352,2025-02-15,6179.45,Grocery,0
2717,18,2025-02-07,9565.01,Fuel,0
2718,422,2025-08-14,6477.33,Travel,0
2719,532,2025-09-27,2322.16,Online Retail,0
2720,142,2024-04-16,5304.15,Dining,0
2721,444,2026-06-18,2027.82,Online Retail,0
2722,183,2024-12-30,498.5,Dining,0
2723,100,2025-07-31,3045.92,Fuel,0
2724,16,2024-02-21,311.78,Online Retail,0
2725,530,2025-08-24,1952.32,Healthcare,0
2726,149,2024-04-12,6951.48,Electronics,0
2727,105,2024-02-05,5871.41,Online Retail,0
2728,674,2026-07-21,1980.37,Dining,0
2729,518,2024-05-05,9528.95,Online Retail,0
2730,180,2025-12-29,3829.49,Online Retail,0
2731,500,2025-06-11,4546.68,Travel,0
2732,350,2024-08-24,1560.59,Dining,0
2733,6,2024-12-27,5173.73,Healthcare,1
2734,190,2024-05-17,2123.72,Fuel,0
2735,543,2025-08-16,787.95,Fuel,0
2736,504,2026-03-22,3860.03,Healthcare,0
2737,286,2025-01-09,2481.2,Healthcare,0
2738,691,2026-06-28,2312.79,Grocery,0
2739,355,2024-06-19,4173.91,Electronics,0
2740,9,2026-07-06,326.82,Online Retail,0
2741,676,2026-02-15,1261.76,Dining,0
2742,16,2024-03-05,3432.89,Entertainment,0
2743,644,2026-04-04,693.2,Online Retail,0
2744,53,2024-03-03,1031.64,Electronics,0
2745,268,2026-08-01,5159.89,Entertainment,0
2746,38,2025-10-23,508.84,Grocery,0
2747,497,2024-07-14,6162.07,Healthcare,0
2748,215,2026-06-08,4256.39,Healthcare,0
2749,360,2024-10-30,4641.65,Fuel,1
2750,133,2024-04-25,606.59,Grocery,0
2751,576,2024-09-30,6367.14,Online Retail,0
2752,324,2026-04-21,2951.98,Dining,0
2753,224,2026-06-25,9679.78,Dining,0
2754,16,2026-06-21,4346.25,Fuel,0
2755,330,2025-08-05,2281.52,Electronics,0
2756,508,2024-06-28,371.55,Online Retail,0
2757,79,2026-06-18,3567.6,Dining,0
2758,357,2025-05-22,5697.07,Fuel,0
2759,649,2026-05-18,5092.1,Entertainment,0
2760,608,2024-04-05,746.92,Travel,0
2761,631,2024-08-27,9348.32,Travel,0
2762,628,2024-08-10,1314.5,Healthcare,0
2763,194,2025-02-21,6071.67,Fuel,0
2764,112,2026-04-09,909.16,Entertainment,0
2765,409,2025-02-07,897.74,Entertainment,0
2766,502,2025-08-16,967.28,Electronics,0
2767,265,2025-04-19,990.11,Grocery,0
2768,163,2026-07-20,478.04,Electronics,0
2769,110,2026-08-30,731.08,Grocery,0
2770,357,2026-04-27,65.31,Healthcare,0
2771,32,2024-06-18,169.13,Fuel,0
2772,480,2026-04-12,11210.01,Electronics,0
2773,576,2026-01-23,3304.0,Travel,0
2774,581,2024-12-10,2383.91,Grocery,0
2775,203,2024-08-09,3257.69,Online Retail,0
2776,70,2026-08-22,1511.65,Healthcare,0
2777,361,2025-12-21,2235.72,Dining,0
2778,519,2024-09-08,1676.64,Online Retail,0
2779,632,2024-07-16,3904.07,Fuel,0
2780,85,2025-08-01,5467.35,Online Retail,0
2781,14,2025-05-28,1064.77,Entertainment,0
2782,99,2026-03-19,702.16,Dining,0
2783,384,2025-10-13,1341.91,Dining,0
2784,117,2026-03-01,1111.53,Dining,0
2785,669,2025-02-25,3967.56,Online Retail,0
2786,243,2026-08-03,2427.67,Dining,0
2787,567,2026-07-31,816.73,Entertainment,0
2788,228,2026-07-09,156.85,Online Retail,0
2789,154,2025-11-18,4608.05,Dining,0
2790,60,2025-01-01,1070.6,Dining,0
2791,141,2024-06-02,1631.02,Grocery,0
2792,526,2025-06-29,3520.4,Fuel,0
2793,534,2024-12-28,3592.4,Online Retail,0
2794,468,2024-06-13,5239.34,Electronics,0
2795,56,2024-11-02,6532.68,Online Retail,0
2796,225,2026-02-20,967.99,Fuel,0
2797,420,2024-10-15,4620.25,Travel,0
2798,656,2024-04-06,5790.86,Healthcare,0
2799,164,2024-07-25,5595.75,Online Retail,0
2800,131,2024-06-23,2879.19,Electronics,0
2801,588,2024-06-30,6774.76,Healthcare,0
2802,328,2025-02-23,13095.13,Electronics,0
2803,266,2026-04-28,2310.28,Electronics,0
2804,269,2024-12-30,1048.11,Fuel,0
2805,291,2026-08-22,3032.02,Electronics,0
2806,340,2026-04-25,1511.75,Grocery,0
2807,557,2024-06-05,1312.88,Online Retail,0
2808,483,2025-08-11,9873.94,Healthcare,0
2809,62,2026-02-10,1745.03,Dining,0
2810,93,2025-11-24,1676.78,Travel,0
2811,421,2024-08-09,1336.31,Electronics,0
2812,588,2025-11-24,3418.55,Healthcare,0
2813,674,2025-05-23,4261.76,Grocery,0
2814,627,2024-08-15,7593.18,Fuel,0
2815,456,2024-07-11,689.61,Grocery,0
2816,167,2024-12-29,7408.75,Fuel,0
2817,58,2024-09-21,893.33,Grocery,0
2818,516,2025-06-12,663.91,Grocery,0
2819,636,2025-02-04,2042.71,Online Retail,0
2820,284,2024-04-25,769.08,Travel,0
2821,91,2025-11-18,3436.45,Entertainment,0
2822,513,2024-03-01,1285.11,Fuel,0
2823,259,2025-04-07,5293.51,Healthcare,0
2824,447,2024-02-22,3958.41,Electronics,0
2825,128,2026-02-28,4307.34,Dining,1
2826,250,2024-11-10,3158.02,Dining,0
2827,506,2024-04-04,3030.07,Online Retail,0
2828,600,2024-08-28,1166.25,Grocery,0
2829,186,2025-07-11,1345.13,Fuel,0
2830,560,2026-02-02,1409.67,Healthcare,0
2831,183,2024-04-14,4955.65,Electronics,0
2832,516,2024-11-07,3399.3,Travel,0
2833,290,2024-04-24,1397.38,Dining,0
2834,492,2024-08-25,2482.22,Healthcare,0
2835,201,2024-10-28,7225.44,Dining,0
2836,58,2025-07-28,2637.7,Healthcare,0
2837,550,2024-04-12,2561.99,Travel,0
2838,6,2025-08-17,1289.87,Entertainment,1
2839,369,2026-01-26,373.86,Entertainment,0
2840,41,2026-07-10,1181.73,Travel,0
2841,390,2025-05-09,942.59,Travel,0
2842,77,2025-04-16,2632.03,Healthcare,0
2843,114,2025-09-20,1029.94,Online Retail,0
2844,690,2026-08-30,2487.68,Online Retail,0
2845,640,2024-02-24,8719.72,Travel,0
2846,313,2024-06-25,703.14,Online Retail,0
2847,245,2024-08-07,5710.54,Dining,0
2848,487,2024-06-30,1994.95,Entertainment,0
2849,265,2025-05-25,66.88,Online Retail,0
2850,106,2024-02-17,5357.14,Online Retail,0
2851,170,2024-03-20,5251.74,Healthcare,0
2852,433,2025-10-13,687.83,Dining,0
2853,673,2024-06-05,3460.64,Electronics,0
2854,457,2024-11-18,1916.84,Fuel,0
2855,425,2024-01-22,2875.59,Fuel,0
2856,550,2026-01-16,1140.42,Dining,0
2857,43,2026-06-07,786.79,Online Retail,0
2858,437,2025-11-01,582.1,Dining,0
2859,135,2025-02-24,6635.17,Grocery,0
2860,295,2025-01-23,707.92,Entertainment,0
2861,337,2024-02-13,3414.55,Healthcare,1
2862,511,2024-09-05,733.03,Entertainment,0
2863,132,2025-03-24,13250.8,Online Retail,0
2864,669,2024-02-18,705.45,Entertainment,0
2865,424,2026-05-15,678.59,Online Retail,0
2866,244,2025-08-30,7490.94,Entertainment,0
2867,216,2024-07-04,1754.21,Electronics,0
2868,72,2026-05-11,488.84,Travel,0
2869,245,2024-08-19,2140.89,Dining,0
2870,82,2025-10-04,868.15,Electronics,0
2871,551,2026-08-15,15070.72,Fuel,0
2872,556,2024-12-22,186.29,Dining,0
2873,368,2026-04-12,4158.5,Travel,0
2874,676,2026-06-20,7711.52,Travel,0
2875,80,2025-06-18,4641.86,Online Retail,0
2876,615,2025-09-26,1082.78,Electronics,0
2877,261,2024-06-30,5937.62,Grocery,0
2878,531,2026-03-31,2687.51,Entertainment,0
2879,628,2024-08-02,3995.52,Fuel,0
2880,90,2024-10-13,4793.19,Healthcare,0
2881,593,2026-04-19,653.04,Grocery,0
2882,695,2024-07-21,3776.17,Electronics,0
2883,532,2025-10-20,4519.73,Dining,0
2884,103,2024-12-23,2183.29,Fuel,0
2885,591,2024-12-08,1067.23,Entertainment,0
2886,195,2026-06-09,2025.47,Electronics,0
2887,65,2024-01-26,9673.67,Dining,0
2888,451,2025-12-31,3411.59,Electronics,0
2889,86,2024-05-12,2395.59,Entertainment,0
2890,399,2026-02-20,686.26,Online Retail,0
2891,14,2025-12-11,5843.09,Healthcare,0
2892,519,2025-08-26,3738.95,Fuel,0
2893,88,2025-09-24,1473.86,Entertainment,0
2894,470,2024-01-19,1196.98,Entertainment,0
2895,577,2024-12-15,548.29,Entertainment,0
2896,69,2025-12-11,3886.16,Electronics,0
2897,27,2025-07-31,162.33,Healthcare,0
2898,615,2024-07-11,4020.73,Travel,0
2899,326,2026-01-06,188.3,Travel,0
2900,354,2024-10-14,1860.04,Grocery,0
2901,173,2025-09-19,6001.48,Healthcare,0
2902,333,2025-09-11,106.09,Entertainment,0
2903,583,2024-08-21,7205.22,Travel,0
2904,591,2024-02-17,1163.02,Healthcare,0
2905,563,2026-07-16,1999.26,Healthcare,0
2906,203,2026-01-06,1166.45,Fuel,0
2907,537,2024-01-24,1332.02,Dining,0
2908,315,2024-07-08,795.7,Online Retail,0
2909,265,2025-06-26,5531.62,Grocery,0
2910,229,2026-05-12,4360.67,Dining,0
2911,648,2024-08-05,695.89,Entertainment,0
2912,122,2025-05-28,3457.26,Travel,0
2913,628,2025-11-20,2800.23,Online Retail,0
2914,639,2026-05-05,1554.59,Grocery,0
2915,456,2025-07-01,3660.61,Online Retail,0
2916,19,2025-02-11,1931.2,Travel,0
2917,429,2024-07-09,4946.74,Entertainment,0
2918,81,2025-06-19,837.9,Online Retail,0
2919,236,2025-05-08,4520.8,Entertainment,0
2920,53,2026-05-15,158.72,Grocery,0
2921,516,2025-05-21,2584.49,Healthcare,0
2922,339,2026-01-21,2269.72,Travel,0
2923,657,2025-02-13,888.52,Fuel,0
2924,479,2025-05-02,3759.06,Electronics,0
2925,222,2024-02-11,4068.61,Electronics,0
2926,543,2025-04-27,1141.71,Healthcare,0
2927,201,2024-07-20,1552.6,Online Retail,0
2928,189,2024-11-12,3163.3,Fuel,0
2929,185,2026-08-02,247.8,Fuel,0
2930,498,2025-10-23,1210.42,Fuel,0
2931,689,2024-07-02,1317.08,Fuel,0
2932,598,2025-06-27,1682.4,Healthcare,0
2933,379,2025-03-23,4689.23,Online Retail,0
2934,8,2026-01-04,4432.7,Entertainment,0
2935,678,2024-10-13,795.69,Healthcare,0
2936,269,2025-09-18,2473.67,Electronics,0
2937,433,2026-01-07,3019.68,Travel,0
2938,297,2025-12-03,3568.95,Fuel,0
2939,206,2025-07-17,505.59,Travel,1
2940,213,2024-01-19,10778.89,Online Retail,0
2941,411,2025-11-28,988.28,Electronics,0
2942,301,2026-07-26,2098.28,Dining,0
2943,109,2025-09-13,3096.77,Healthcare,0
2944,265,2025-07-28,2021.18,Fuel,0
2945,314,2025-05-06,2176.19,Dining,0
2946,438,2024-03-26,2964.99,Entertainment,0
2947,311,2026-07-25,900.42,Fuel,0
2948,137,2024-12-30,922.61,Healthcare,0
2949,404,2025-11-16,990.53,Fuel,0
2950,586,2025-06-17,3353.26,Online Retail,0
2951,272,2025-11-02,4121.53,Healthcare,0
2952,444,2024-03-20,783.47,Electronics,0
2953,319,2025-11-04,893.41,Fuel,0
2954,209,2025-06-23,3738.34,Travel,0
2955,614,2025-03-31,4702.39,Entertainment,0
2956,675,2025-12-29,5228.32,Dining,0
2957,127,2025-09-18,1039.15,Fuel,0
2958,436,2026-01-07,3429.92,Grocery,0
2959,646,2025-08-12,8687.89,Fuel,0
2960,377,2026-02-03,1331.86,Dining,0
2961,377,2026-05-16,4372.1,Grocery,0
2962,672,2026-03-04,2588.4,Grocery,0
2963,441,2026-08-12,12219.95,Dining,0
2964,595,2025-06-09,2946.47,Healthcare,1
2965,73,2025-04-15,7033.9,Travel,0
2966,413,2024-03-09,714.44,Healthcare,1
2967,102,2025-08-08,4482.59,Fuel,0
2968,143,2025-10-27,1396.2,Fuel,0
2969,513,2024-10-10,185.92,Travel,0
2970,609,2024-02-09,1346.52,Healthcare,0
2971,631,2026-04-04,791.14,Travel,0
2972,536,2024-05-03,5713.04,Online Retail,0
2973,364,2025-11-23,12375.18,Entertainment,0
2974,304,2026-08-08,1472.17,Fuel,0
2975,118,2026-06-19,1359.85,Travel,0
2976,551,2024-07-31,103.48,Dining,0
2977,558,2025-08-12,5279.78,Healthcare,0
2978,90,2026-07-06,8013.31,Fuel,0
2979,643,2025-11-21,3802.86,Healthcare,0
2980,231,2024-10-07,1294.21,Entertainment,0
2981,470,2024-04-02,3079.75,Travel,0
2982,90,2025-05-19,5122.3,Electronics,0
2983,129,2025-08-14,2014.73,Dining,0
2984,424,2024-07-02,4128.32,Electronics,0
2985,289,2025-01-02,1557.92,Online Retail,0
2986,19,2025-02-12,415.81,Fuel,0
2987,658,2025-05-10,4905.98,Dining,0
2988,621,2024-02-22,2711.73,Healthcare,0
2989,135,2024-11-14,3106.34,Grocery,0
2990,455,2026-03-31,5530.67,Grocery,0
2991,120,2024-10-07,827.78,Fuel,0
2992,503,2026-02-20,1366.08,Electronics,0
2993,492,2026-03-11,7896.91,Fuel,0
2994,523,2026-04-23,2968.84,Electronics,0
2995,381,2025-06-27,5113.85,Travel,0
2996,17,2024-12-18,2425.4,Fuel,0
2997,144,2024-09-03,4039.78,Grocery,0
2998,694,2025-06-05,4189.94,Travel,0
2999,432,2026-01-17,1142.89,Dining,0
3000,240,2026-03-17,3072.19,Healthcare,0
3001,656,2024-03-13,269.76,Entertainment,0
3002,302,2026-06-24,385.45,Grocery,0
3003,599,2024-10-12,1451.03,Entertainment,0
3004,564,2024-09-04,6997.69,Entertainment,0
3005,5,2024-11-23,1174.6,Healthcare,0
3006,652,2024-12-22,567.17,Online Retail,0
3007,614,2024-06-22,3261.64,Travel,0
3008,695,2024-11-12,4093.64,Grocery,0
3009,439,2026-04-01,1571.79,Electronics,0
3010,489,2024-01-26,4146.67,Entertainment,0
3011,187,2025-10-19,5050.89,Entertainment,0
3012,107,2026-05-05,1523.4,Online Retail,0
3013,66,2025-10-15,479.05,Healthcare,0
3014,124,2025-04-07,1326.47,Fuel,0
3015,680,2025-07-31,1876.31,Electronics,0
3016,193,2025-06-09,2464.64,Online Retail,0
3017,21,2025-01-03,5160.55,Dining,0
3018,481,2026-04-05,1948.54,Fuel,0
3019,130,2025-10-04,956.41,Fuel,0
3020,358,2024-02-24,1281.65,Healthcare,0
3021,470,2025-12-18,2876.19,Fuel,0
3022,402,2024-08-25,3139.74,Healthcare,0
3023,531,2025-06-09,9133.21,Online Retail,0
3024,13,2024-06-14,1850.15,Electronics,0
3025,187,2025-04-03,964.78,Entertainment,0
3026,285,2024-05-21,81.81,Electronics,0
3027,516,2024-08-05,197.43,Electronics,0
3028,380,2026-04-26,3709.41,Healthcare,0
3029,536,2024-03-22,1208.6,Entertainment,0
3030,520,2024-10-25,6414.68,Electronics,0
3031,562,2024-02-10,139.89,Travel,0
3032,426,2024-07-02,1413.8,Electronics,0
3033,528,2025-11-27,4955.49,Fuel,0
3034,476,2025-06-21,7119.54,Dining,0
3035,23,2024-12-05,3997.71,Fuel,0
3036,197,2024-03-28,5424.21,Travel,0
3037,625,2025-11-21,906.74,Online Retail,0
3038,65,2024-09-06,1709.64,Travel,0
3039,394,2025-05-10,7488.4,Travel,0
3040,537,2024-05-04,813.57,Dining,0
3041,302,2025-03-11,2379.7,Grocery,0
3042,126,2026-05-01,4360.06,Dining,0
3043,18,2025-09-05,6712.89,Healthcare,0
3044,463,2025-04-08,2103.06,Travel,0
3045,414,2024-06-27,1627.33,Electronics,0
3046,484,2024-09-15,3441.65,Online Retail,0
3047,114,2026-08-13,9627.06,Electronics,0
3048,328,2026-07-02,3409.66,Online Retail,0
3049,384,2024-11-17,3554.69,Grocery,0
3050,587,2025-09-18,2095.78,Electronics,0
3051,133,2026-01-19,887.98,Fuel,0
3052,487,2025-02-04,1668.54,Entertainment,0
3053,482,2024-08-29,2057.29,Fuel,0
3054,416,2024-11-22,1641.8,Electronics,0
3055,63,2025-04-01,2306.59,Fuel,0
3056,83,2024-12-17,3684.14,Grocery,0
3057,421,2025-05-01,1226.27,Grocery,0
3058,436,2024-05-29,5209.98,Electronics,0
3059,451,2024-10-25,3445.18,Healthcare,0
3060,542,2024-06-22,2534.87,Entertainment,0
3061,277,2024-12-05,1918.44,Grocery,0
3062,208,2024-09-30,818.65,Travel,0
3063,643,2025-02-28,3731.99,Entertainment,0
3064,485,2026-09-01,13224.21,Dining,0
3065,369,2026-03-26,6911.44,Travel,0
3066,391,2025-08-25,4190.17,Dining,0
3067,526,2025-05-02,7640.24,Fuel,0
3068,218,2024-11-20,1344.54,Electronics,0
3069,312,2024-03-27,1051.93,Online Retail,0
3070,31,2025-08-26,2309.99,Travel,0
3071,555,2024-07-30,2458.0,Fuel,0
3072,351,2024-02-07,6347.17,Online Retail,0
3073,629,2026-08-19,5087.31,Healthcare,0
3074,208,2024-07-22,125.87,Online Retail,0
3075,290,2024-03-28,5197.78,Healthcare,0
3076,39,2025-08-01,1949.35,Grocery,0
3077,678,2025-09-23,3253.61,Fuel,0
3078,240,2024-09-24,2180.91,Travel,1
3079,108,2024-07-24,1202.72,Grocery,0
3080,429,2024-05-16,3224.05,Online Retail,0
3081,593,2025-02-25,1105.88,Online Retail,0
3082,78,2025-01-30,1991.25,Entertainment,0
3083,369,2024-12-14,901.45,Healthcare,0
3084,332,2026-06-20,577.17,Dining,0
3085,97,2026-08-10,12694.56,Healthcare,0
3086,194,2026-05-02,1429.76,Travel,0
3087,438,2025-06-21,1993.63,Fuel,0
3088,693,2026-07-27,6818.46,Grocery,0
3089,92,2024-08-31,2708.38,Travel,0
3090,442,2025-12-24,853.37,Fuel,1
3091,622,2025-08-11,864.41,Travel,0
3092,530,2025-08-22,780.78,Travel,0
3093,572,2024-03-10,93.45,Travel,0
3094,642,2024-05-20,657.2,Fuel,0
3095,459,2026-06-22,1477.4,Online Retail,0
3096,27,2024-09-18,1468.76,Electronics,0
3097,164,2024-12-01,1304.18,Online Retail,0
3098,290,2025-10-30,3792.41,Healthcare,0
3099,674,2026-05-11,2982.91,Fuel,0
3100,147,2025-01-21,1040.12,Electronics,0
3101,598,2026-02-27,1377.26,Healthcare,0
3102,445,2025-08-21,15672.51,Travel,0
3103,501,2024-07-01,3099.27,Dining,0
3104,74,2025-06-29,4.69,Electronics,0
3105,256,2026-07-27,860.6,Fuel,0
3106,325,2026-08-17,1312.82,Entertainment,0
3107,339,2026-08-24,12447.95,Healthcare,0
3108,615,2024-03-12,1415.11,Travel,0
3109,237,2026-02-24,1534.57,Fuel,0
3110,609,2025-04-08,209.18,Travel,0
3111,595,2025-03-16,2427.55,Travel,0
3112,450,2025-02-16,4698.16,Electronics,0
3113,217,2025-10-17,2261.83,Dining,0
3114,70,2025-05-05,1401.26,Travel,0
3115,167,2024-03-19,1890.58,Travel,0
3116,425,2025-01-18,4511.51,Electronics,0
3117,151,2026-06-17,1713.41,Electronics,0
3118,632,2024-05-11,1750.43,Grocery,0
3119,281,2024-08-04,3444.29,Fuel,0
3120,198,2024-04-17,1137.88,Grocery,0
3121,437,2025-11-29,771.53,Grocery,0
3122,110,2026-02-28,229.04,Entertainment,0
3123,583,2026-02-20,2008.7,Travel,0
3124,385,2024-03-09,1099.53,Grocery,0
3125,648,2026-08-03,5204.01,Online Retail,0
3126,599,2026-05-19,1749.79,Fuel,0
3127,57,2026-03-14,4673.24,Electronics,0
3128,629,2026-04-21,3929.32,Travel,0
3129,34,2026-03-08,182.04,Entertainment,0
3130,556,2024-02-05,517.95,Dining,0
3131,254,2025-11-18,10206.77,Online Retail,0
3132,242,2026-06-07,1159.28,Healthcare,0
3133,568,2025-07-16,3202.2,Online Retail,0
3134,193,2026-06-06,1982.65,Grocery,0
3135,636,2024-02-10,193.09,Fuel,0
3136,29,2025-08-06,858.79,Online Retail,0
3137,118,2026-08-06,657.68,Healthcare,0
3138,251,2025-07-02,4348.59,Entertainment,0
3139,201,2025-03-13,851.83,Online Retail,0
3140,610,2024-10-06,3526.2,Travel,0
3141,632,2026-02-15,411.13,Healthcare,0
3142,295,2026-07-10,23.19,Travel,0
3143,404,2025-01-02,2482.72,Travel,0
3144,238,2025-04-28,3342.08,Online Retail,0
3145,286,2025-03-20,1472.99,Dining,0
3146,236,2025-09-09,2370.31,Dining,0
3147,171,2025-03-26,301.55,Fuel,0
3148,487,2025-12-11,1598.49,Travel,0
3149,80,2026-08-23,5207.02,Travel,0
3150,204,2024-10-26,10488.03,Dining,0
3151,76,2024-07-25,2074.65,Travel,0
3152,317,2025-06-25,3058.47,Fuel,0
3153,472,2025-05-04,5350.08,Grocery,0
3154,363,2025-02-18,2566.82,Healthcare,0
3155,505,2024-05-30,3248.74,Travel,0
3156,403,2024-04-20,7961.93,Entertainment,0
3157,256,2025-04-26,3106.76,Dining,0
3158,639,2025-12-05,1528.46,Fuel,0
3159,425,2025-06-16,7841.57,Healthcare,0
3160,27,2026-01-28,2830.86,Healthcare,0
3161,110,2024-05-13,477.25,Online Retail,0
3162,471,2026-07-11,1729.35,Travel,0
3163,15,2025-11-11,11496.46,Travel,0
3164,121,2025-10-10,5707.72,Online Retail,0
3165,70,2026-03-18,1193.5,Online Retail,0
3166,567,2026-07-08,6347.58,Fuel,0
3167,75,2026-03-06,1708.54,Electronics,0
3168,142,2025-04-14,889.09,Fuel,0
3169,690,2025-12-11,5307.87,Travel,0
3170,85,2025-02-14,509.52,Fuel,0
3171,166,2024-05-17,914.37,Travel,0
3172,570,2026-08-18,2519.1,Online Retail,0
3173,94,2025-08-28,2964.3,Grocery,0
3174,161,2026-02-07,4617.16,Fuel,1
3175,557,2025-11-11,680.87,Healthcare,0
3176,1,2024-11-27,2565.46,Grocery,0
3177,257,2026-01-10,56.78,Dining,0
3178,180,2024-11-14,93.79,Entertainment,0
3179,145,2025-11-22,971.24,Travel,0
3180,275,2026-03-09,4612.72,Fuel,0
3181,155,2025-09-05,3649.54,Online Retail,0
3182,542,2025-04-08,1700.44,Fuel,0
3183,98,2025-12-10,164.84,Fuel,0
3184,280,2024-03-10,2931.65,Electronics,0
3185,56,2026-04-11,18299.47,Entertainment,0
3186,74,2025-05-03,2189.44,Online Retail,0
3187,477,2025-07-09,512.87,Online Retail,0
3188,317,2024-07-16,2019.5,Grocery,0
3189,308,2024-05-21,231.22,Entertainment,0
3190,190,2024-12-20,1179.02,Healthcare,0
3191,104,2026-03-06,4292.97,Online Retail,0
3192,615,2024-01-14,7384.2,Electronics,0
3193,555,2025-10-06,1574.43,Healthcare,1
3194,324,2026-08-23,384.8,Travel,0
3195,14,2025-10-31,1476.29,Dining,0
3196,629,2024-10-14,3570.34,Dining,0
3197,302,2024-10-13,839.31,Grocery,0
3198,133,2024-11-21,1565.27,Electronics,0
3199,90,2024-05-25,2870.64,Dining,0
3200,698,2025-08-06,2475.7,Fuel,0
3201,20,2026-01-31,1108.29,Fuel,0
3202,260,2025-05-18,440.57,Dining,0
3203,386,2024-02-18,585.53,Travel,0
3204,206,2026-04-23,3750.68,Healthcare,0
3205,109,2025-01-27,5948.11,Electronics,0
3206,452,2025-05-12,1145.13,Electronics,0
3207,48,2025-05-11,6787.17,Travel,0
3208,683,2025-09-10,2499.67,Travel,0
3209,336,2024-01-17,5374.44,Dining,0
3210,515,2024-08-25,3706.52,Electronics,0
3211,591,2025-08-05,5591.42,Fuel,0
3212,553,2025-01-13,5251.24,Fuel,0
3213,340,2024-04-26,4236.62,Travel,0
3214,54,2026-06-14,875.37,Entertainment,0
3215,56,2024-08-23,1364.75,Grocery,0
3216,250,2024-08-04,1937.96,Travel,0
3217,214,2026-08-26,13846.34,Travel,0
3218,621,2024-08-11,2735.16,Travel,0
3219,313,2025-06-30,5218.64,Electronics,0
3220,699,2025-05-19,6060.63,Healthcare,0
3221,197,2026-08-02,4041.2,Fuel,0
3222,677,2026-07-19,2025.17,Healthcare,0
3223,237,2025-04-25,4482.37,Dining,0
3224,700,2024-02-13,5169.23,Fuel,0
3225,351,2026-02-22,3064.28,Fuel,0
3226,14,2025-09-16,1247.77,Online Retail,0
3227,660,2024-02-07,3990.33,Travel,0
3228,144,2024-05-17,45.33,Fuel,0
3229,564,2024-10-10,1596.75,Fuel,0
3230,574,2026-04-06,2799.19,Grocery,0
3231,144,2024-10-03,3163.6,Grocery,0
3232,399,2026-05-14,6585.74,Entertainment,0
3233,550,2024-03-09,15033.59,Fuel,0
3234,663,2025-05-13,8783.36,Fuel,0
3235,277,2026-07-17,1534.73,Grocery,0
3236,288,2025-09-25,575.26,Entertainment,0
3237,572,2025-05-07,9064.44,Healthcare,0
3238,344,2025-01-13,9486.82,Travel,0
3239,432,2025-08-01,122.26,Entertainment,0
3240,82,2024-09-04,6292.47,Online Retail,0
3241,476,2025-05-22,6158.33,Fuel,0
3242,234,2024-02-24,3268.96,Grocery,0
3243,254,2024-08-30,3235.0,Grocery,0
3244,631,2025-12-13,1579.13,Travel,0
3245,500,2026-06-20,11463.12,Travel,0
3246,391,2025-02-19,1400.18,Online Retail,0
3247,396,2025-10-14,61.13,Grocery,0
3248,600,2025-03-19,3347.13,Electronics,0
3249,434,2024-04-30,1513.33,Grocery,0
3250,147,2026-07-25,787.27,Fuel,0
3251,383,2025-03-26,5347.79,Online Retail,0
3252,439,2024-04-20,1228.13,Healthcare,0
3253,40,2024-01-02,4745.26,Online Retail,0
3254,94,2024-07-17,5321.11,Grocery,0
3255,332,2025-10-19,763.63,Fuel,0
3256,403,2024-11-16,969.29,Electronics,0
3257,36,2025-05-25,9773.45,Electronics,0
3258,318,2024-06-09,1254.86,Electronics,0
3259,118,2026-05-31,1074.43,Electronics,0
3260,467,2026-08-05,177.22,Entertainment,0
3261,333,2026-07-12,1252.29,Travel,0
3262,66,2025-08-30,6326.94,Travel,0
3263,285,2024-04-05,9244.55,Dining,0
3264,652,2024-04-26,105.77,Electronics,0
3265,34,2024-03-28,2555.22,Electronics,0
3266,284,2025-04-28,2974.11,Healthcare,0
3267,97,2026-05-26,7176.78,Entertainment,0
3268,632,2026-02-15,3157.85,Healthcare,0
3269,326,2025-05-14,662.51,Grocery,0
3270,439,2025-12-31,477.31,Fuel,0
3271,678,2025-04-02,3289.44,Dining,0
3272,36,2025-08-30,8670.36,Healthcare,0
3273,341,2025-07-10,7742.98,Entertainment,0
3274,48,2025-08-11,3656.11,Travel,0
3275,541,2025-03-30,1252.2,Entertainment,0
3276,411,2025-12-24,1548.27,Travel,0
3277,311,2025-08-21,1837.69,Travel,0
3278,204,2024-09-22,764.72,Fuel,0
3279,135,2026-07-14,393.51,Online Retail,0
3280,640,2025-04-25,3257.57,Entertainment,0
3281,15,2025-08-13,2840.11,Healthcare,0
3282,91,2025-05-31,528.77,Entertainment,0
3283,263,2024-11-08,6455.54,Electronics,0
3284,275,2024-03-19,3788.17,Entertainment,0
3285,644,2024-07-27,6177.36,Fuel,0
3286,218,2026-07-22,7005.41,Healthcare,0
3287,228,2026-07-30,381.98,Entertainment,1
3288,164,2024-06-07,6950.07,Dining,0
3289,258,2025-07-18,4339.4,Entertainment,0
3290,189,2024-09-07,3716.84,Grocery,0
3291,485,2025-07-06,1755.13,Entertainment,0
3292,559,2025-09-30,6611.87,Entertainment,0
3293,516,2024-02-02,7502.98,Fuel,0
3294,563,2026-07-15,3456.39,Fuel,0
3295,426,2026-06-14,3731.75,Fuel,0
3296,482,2026-07-17,12508.49,Healthcare,0
3297,237,2025-04-02,8218.76,Electronics,0
3298,698,2025-11-30,2428.1,Dining,0
3299,662,2026-09-01,8822.26,Healthcare,0
3300,41,2024-07-05,806.96,Healthcare,0
3301,247,2024-06-12,3366.81,Healthcare,0
3302,486,2026-02-21,3298.48,Dining,0
3303,205,2024-11-14,4072.06,Dining,0
3304,359,2024-06-25,1854.65,Fuel,0
3305,591,2024-07-23,1318.13,Healthcare,0
3306,620,2025-11-01,4062.58,Online Retail,0
3307,655,2025-01-04,4536.19,Electronics,0
3308,455,2024-10-26,2171.85,Grocery,0
3309,670,2026-08-10,3876.65,Healthcare,0
3310,455,2026-08-11,10112.9,Grocery,0
3311,374,2025-02-08,2614.87,Online Retail,0
3312,141,2024-08-12,3506.59,Online Retail,0
3313,609,2026-03-17,494.17,Grocery,0
3314,181,2026-01-02,3165.25,Dining,0
3315,129,2026-01-06,5615.54,Travel,0
3316,536,2024-07-29,2068.2,Grocery,0
3317,623,2024-10-17,5052.24,Online Retail,0
3318,684,2024-03-19,5186.59,Travel,0
3319,531,2025-07-19,7062.88,Online Retail,0
3320,673,2024-02-14,11418.27,Online Retail,0
3321,280,2026-04-10,8864.61,Travel,0
3322,75,2024-11-03,30.06,Dining,0
3323,172,2025-08-19,1261.68,Electronics,0
3324,112,2024-06-07,772.7,Grocery,0
3325,532,2024-09-15,4380.65,Electronics,0
3326,297,2024-09-20,2093.62,Grocery,0
3327,302,2026-04-21,934.82,Entertainment,0
3328,646,2026-08-12,1301.23,Electronics,0
3329,686,2025-06-26,1514.45,Dining,0
3330,102,2024-04-11,5029.76,Fuel,0
3331,599,2026-08-13,232.34,Dining,0
3332,448,2024-10-09,941.13,Entertainment,0
3333,554,2025-10-01,4964.52,Electronics,0
3334,665,2024-08-10,6516.88,Healthcare,0
3335,234,2025-03-13,3819.9,Dining,0
3336,566,2024-02-05,4390.97,Online Retail,0
3337,499,2025-03-01,2979.67,Entertainment,0
3338,462,2025-10-19,3769.28,Grocery,0
3339,530,2026-05-08,117.45,Fuel,0
3340,538,2026-07-15,3636.14,Dining,0
3341,287,2026-08-14,837.42,Online Retail,0
3342,649,2026-08-02,4428.4,Online Retail,0
3343,67,2025-02-04,1902.71,Entertainment,0
3344,131,2024-09-12,8037.73,Dining,0
3345,515,2024-06-07,3118.46,Entertainment,0
3346,323,2024-06-09,738.06,Entertainment,0
3347,207,2024-02-08,432.05,Entertainment,0
3348,357,2025-11-22,859.21,Travel,0
3349,93,2024-11-10,2332.42,Entertainment,0
3350,2,2025-05-10,7570.48,Electronics,0
3351,30,2024-11-29,1453.29,Fuel,1
3352,625,2025-06-09,3502.8,Grocery,0
3353,230,2025-02-19,380.73,Healthcare,0
3354,634,2025-07-24,4313.05,Dining,0
3355,357,2024-05-21,2009.64,Healthcare,0
3356,213,2026-05-31,3455.75,Online Retail,0
3357,27,2025-04-25,8625.65,Entertainment,0
3358,76,2025-11-10,2656.52,Electronics,0
3359,395,2026-07-08,467.52,Entertainment,0
3360,432,2024-03-28,2869.7,Electronics,0
3361,627,2024-08-14,2767.65,Fuel,0
3362,136,2025-06-12,5058.37,Grocery,0
3363,419,2025-10-29,2619.68,Grocery,0
3364,60,2025-04-07,8314.17,Dining,0
3365,368,2024-02-07,5267.44,Entertainment,0
3366,124,2025-11-05,2683.48,Dining,0
3367,163,2025-09-19,2364.62,Fuel,0
3368,291,2024-01-16,626.32,Dining,1
3369,308,2026-07-03,1630.19,Entertainment,0
3370,82,2026-05-17,246.34,Travel,0
3371,421,2024-10-02,2063.92,Dining,0
3372,281,2025-08-18,155.54,Travel,0
3373,606,2026-03-06,2749.66,Online Retail,0
3374,427,2025-03-13,548.21,Fuel,0
3375,618,2024-03-21,3561.15,Entertainment,0
3376,13,2025-01-29,2528.79,Grocery,0
3377,317,2024-12-15,1309.59,Electronics,0
3378,589,2026-03-04,349.34,Travel,0
3379,129,2024-01-07,2313.89,Travel,0
3380,156,2026-07-14,2129.82,Fuel,0
3381,496,2024-12-12,10941.43,Entertainment,0
3382,13,2025-01-10,1535.64,Entertainment,0
3383,666,2024-10-29,4753.18,Dining,0
3384,660,2024-01-23,1041.67,Fuel,0
3385,671,2025-11-06,697.32,Online Retail,0
3386,546,2025-12-23,3870.95,Fuel,0
3387,697,2024-10-14,1431.77,Fuel,0
3388,682,2024-05-01,2249.04,Entertainment,0
3389,177,2026-03-13,28.84,Dining,0
3390,108,2025-11-05,1105.97,Fuel,0
3391,586,2024-10-11,1295.06,Travel,0
3392,319,2025-10-14,594.96,Dining,0
3393,37,2024-08-05,1611.31,Entertainment,0
3394,313,2025-09-11,195.65,Electronics,0
3395,11,2025-04-27,2749.8,Online Retail,0
3396,405,2024-07-04,1617.99,Grocery,0
3397,472,2025-10-02,1492.79,Entertainment,0
3398,35,2024-06-25,3903.96,Grocery,0
3399,84,2026-05-16,631.38,Healthcare,0
3400,634,2024-04-09,8585.98,Entertainment,0
3401,272,2026-03-04,604.46,Grocery,0
3402,36,2024-10-07,5365.65,Entertainment,0
3403,9,2025-05-26,7526.48,Healthcare,0
3404,280,2026-04-11,99.88,Travel,0
3405,61,2026-08-11,954.09,Grocery,0
3406,95,2025-05-02,373.34,Grocery,0
3407,147,2024-10-16,3783.86,Entertainment,0
3408,492,2025-12-27,1130.03,Entertainment,0
3409,389,2026-09-01,660.02,Fuel,0
3410,543,2024-10-18,1879.03,Healthcare,0
3411,233,2025-01-10,2337.12,Travel,0
3412,56,2026-03-20,6679.64,Grocery,0
3413,395,2024-09-12,6699.17,Online Retail,0
3414,677,2025-07-03,918.16,Travel,0
3415,455,2025-01-08,257.74,Entertainment,0
3416,171,2025-05-11,3305.6,Healthcare,0
3417,3,2025-07-25,1799.63,Entertainment,0
3418,57,2025-05-18,7139.41,Fuel,0
3419,594,2025-04-07,7337.78,Electronics,0
3420,204,2025-01-07,3508.14,Dining,0
3421,41,2024-02-18,2655.4,Online Retail,1
3422,238,2026-02-01,2926.21,Healthcare,0
3423,612,2024-12-13,2597.61,Electronics,0
3424,297,2024-03-12,2866.62,Grocery,0
3425,684,2025-04-24,1314.51,Grocery,0
3426,352,2026-03-11,1149.93,Dining,0
3427,633,2025-10-08,1451.83,Electronics,0
3428,141,2025-08-03,10389.32,Entertainment,0
3429,380,2026-07-18,31.62,Healthcare,0
3430,334,2025-10-17,1141.0,Online Retail,0
3431,539,2026-07-21,1424.83,Grocery,0
3432,95,2026-05-22,3306.87,Electronics,0
3433,121,2025-05-16,1060.51,Online Retail,0
3434,157,2024-03-10,7720.2,Healthcare,0
3435,656,2025-07-08,6242.92,Entertainment,0
3436,628,2026-07-12,8071.03,Dining,0
3437,17,2025-11-11,2701.21,Online Retail,0
3438,296,2024-08-04,7222.39,Electronics,0
3439,387,2026-03-25,916.07,Travel,0
3440,625,2026-03-29,2304.96,Online Retail,0
3441,323,2025-12-27,114.55,Entertainment,0
3442,541,2024-06-02,3743.85,Grocery,0
3443,558,2025-12-03,3680.53,Healthcare,1
3444,359,2026-04-23,2734.53,Online Retail,0
3445,522,2025-03-12,1762.51,Fuel,0
3446,50,2025-10-30,4937.24,Healthcare,0
3447,232,2026-04-27,6969.06,Entertainment,0
3448,598,2025-12-16,10784.52,Electronics,0
3449,115,2025-10-07,3559.66,Electronics,0
3450,358,2025-02-10,2152.76,Entertainment,0
3451,556,2024-06-04,1285.6,Grocery,0
3452,362,2024-09-20,4024.07,Online Retail,0
3453,685,2025-08-06,907.38,Travel,0
3454,598,2025-12-18,3782.54,Dining,0
3455,69,2024-10-29,948.28,Travel,0
3456,371,2025-01-06,2250.05,Dining,0
3457,514,2024-07-16,784.82,Electronics,0
3458,524,2024-12-07,1418.77,Fuel,0
3459,361,2025-09-24,3439.45,Fuel,0
3460,282,2024-01-01,5520.22,Electronics,0
3461,219,2025-09-18,1679.29,Grocery,0
3462,249,2024-03-02,161.34,Travel,0
3463,11,2026-07-19,172.86,Fuel,0
3464,602,2025-12-21,7405.02,Grocery,0
3465,507,2026-08-09,15988.57,Grocery,0
3466,202,2024-12-26,2106.06,Fuel,0
3467,93,2025-02-02,194.34,Dining,0
3468,367,2025-04-13,687.81,Grocery,0
3469,596,2024-06-23,584.01,Dining,0
3470,697,2025-12-02,7105.53,Healthcare,0
3471,186,2024-05-16,1471.34,Electronics,0
3472,307,2026-04-04,25061.79,Online Retail,0
3473,415,2026-08-07,559.73,Entertainment,0
3474,417,2024-09-08,648.05,Fuel,0
3475,199,2025-01-20,1462.04,Grocery,0
3476,572,2024-02-03,1283.04,Entertainment,0
3477,492,2024-11-30,6157.53,Electronics,0
3478,582,2024-07-23,2486.75,Healthcare,0
3479,83,2025-08-28,4289.99,Dining,0
3480,473,2026-02-06,3167.62,Healthcare,0
3481,241,2024-02-25,3164.11,Healthcare,0
3482,535,2024-06-17,1895.23,Dining,0
3483,357,2025-09-22,6565.14,Fuel,0
3484,364,2025-03-22,5415.32,Grocery,0
3485,410,2026-05-03,893.96,Travel,0
3486,156,2026-02-07,1506.86,Entertainment,0
3487,406,2025-12-07,768.97,Dining,0
3488,617,2026-08-05,2611.06,Travel,0
3489,56,2025-02-11,3479.97,Healthcare,0
3490,117,2025-10-01,1297.36,Online Retail,0
3491,24,2024-04-23,1538.22,Dining,0
3492,338,2024-04-04,881.86,Electronics,0
3493,167,2024-08-23,669.19,Electronics,0
3494,414,2024-10-15,1472.4,Dining,0
3495,27,2024-09-15,1950.89,Electronics,0
3496,76,2025-10-16,864.46,Travel,0
3497,155,2025-01-10,607.42,Healthcare,0
3498,461,2025-11-14,12908.3,Online Retail,0
3499,42,2024-05-10,1366.02,Electronics,0
3500,369,2024-12-10,2850.61,Fuel,0
3501,370,2025-07-15,4063.36,Fuel,0
3502,223,2026-08-26,3163.95,Healthcare,0
3503,74,2024-12-23,4470.61,Online Retail,0
3504,500,2025-07-08,2642.01,Healthcare,0
3505,291,2025-04-28,275.36,Electronics,0
3506,419,2024-01-13,2779.86,Dining,0
3507,539,2024-10-05,1666.23,Grocery,0
3508,9,2024-10-07,817.44,Online Retail,0
3509,541,2025-03-18,10046.05,Entertainment,0
3510,61,2024-06-29,156.25,Online Retail,0
3511,394,2025-11-25,3642.01,Healthcare,0
3512,64,2025-04-07,3453.74,Grocery,0
3513,22,2024-03-27,8138.59,Entertainment,0
3514,290,2024-12-13,3085.96,Online Retail,0
3515,376,2025-05-12,1222.32,Fuel,0
3516,218,2024-07-31,133.94,Dining,0
3517,177,2025-08-25,189.71,Electronics,0
3518,127,2026-01-12,1394.74,Healthcare,0
3519,398,2025-10-12,7079.8,Fuel,0
3520,281,2025-10-15,255.82,Entertainment,0
3521,636,2026-06-18,2706.08,Healthcare,0
3522,305,2025-05-26,6506.81,Healthcare,0
3523,420,2026-01-31,9397.03,Fuel,0
3524,671,2024-11-30,1794.78,Dining,0
3525,659,2025-12-21,5767.18,Dining,0
3526,349,2025-07-20,1383.47,Grocery,0
3527,147,2026-04-26,3737.87,Fuel,0
3528,277,2024-03-15,3840.57,Dining,1
3529,188,2026-06-10,758.2,Electronics,1
3530,341,2024-08-13,2626.85,Online Retail,0
3531,105,2026-03-29,4950.91,Dining,0
3532,282,2025-01-05,6087.9,Grocery,0
3533,55,2025-08-21,3323.64,Dining,0
3534,682,2024-11-21,4672.19,Travel,0
3535,8,2026-04-02,985.54,Healthcare,0
3536,623,2025-12-08,6527.33,Travel,0
3537,650,2024-11-14,5313.45,Fuel,0
3538,672,2024-05-09,4103.83,Entertainment,0
3539,317,2026-07-17,1088.93,Dining,0
3540,542,2026-08-07,2407.01,Healthcare,0
3541,658,2024-06-18,1641.11,Entertainment,0
3542,587,2024-11-05,1789.83,Grocery,1
3543,605,2024-08-11,4447.49,Electronics,0
3544,343,2024-08-09,4100.65,Fuel,0
3545,521,2024-06-03,80.6,Healthcare,0
3546,148,2025-12-12,1060.78,Grocery,0
3547,643,2026-01-27,3450.53,Grocery,0
3548,333,2025-08-14,1847.25,Fuel,0
3549,185,2025-02-27,509.87,Dining,0
3550,208,2026-08-12,5917.29,Grocery,0
3551,600,2025-12-20,25248.94,Electronics,0
3552,135,2024-02-27,507.31,Healthcare,0
3553,476,2025-05-12,98.5,Dining,0
3554,194,2024-06-15,8900.51,Dining,0
3555,420,2025-01-28,883.98,Dining,0
3556,376,2025-01-19,4717.14,Online Retail,0
3557,434,2026-05-23,858.43,Dining,0
3558,159,2026-03-10,10536.8,Electronics,0
3559,635,2025-02-25,5091.53,Grocery,0
3560,620,2026-01-21,873.3,Entertainment,0
3561,651,2025-08-25,696.61,Electronics,0
3562,348,2025-06-24,798.09,Entertainment,0
3563,124,2026-04-17,1394.1,Travel,0
3564,389,2025-08-30,6149.6,Online Retail,0
3565,57,2024-07-26,132.3,Dining,0
3566,495,2025-01-20,1061.43,Travel,0
3567,191,2025-01-27,5190.87,Dining,1
3568,139,2026-04-02,5325.76,Online Retail,1
3569,568,2024-05-21,6721.49,Electronics,0
3570,462,2025-04-09,332.64,Entertainment,0
3571,68,2025-06-13,1735.15,Fuel,0
3572,612,2026-07-18,974.17,Travel,0
3573,464,2026-02-08,9590.6,Dining,0
3574,189,2024-09-11,2650.01,Online Retail,1
3575,280,2024-02-23,711.95,Electronics,0
3576,321,2024-05-03,9118.09,Healthcare,0
3577,639,2024-02-28,1978.9,Grocery,0
3578,388,2025-01-31,2585.73,Healthcare,0
3579,575,2025-12-23,10941.94,Grocery,0
3580,23,2025-10-02,2775.92,Healthcare,0
3581,356,2025-11-22,7267.19,Grocery,0
3582,60,2025-06-01,1424.52,Healthcare,0
3583,267,2025-01-27,4930.29,Grocery,1
3584,386,2026-03-14,2984.62,Fuel,0
3585,585,2024-12-17,5770.21,Grocery,0
3586,195,2025-07-23,2640.03,Electronics,0
3587,172,2024-10-01,2562.16,Travel,0
3588,596,2024-12-22,6950.29,Entertainment,0
3589,381,2024-03-01,1044.8,Fuel,0
3590,509,2025-08-15,1210.88,Electronics,0
3591,653,2025-05-15,12397.31,Dining,0
3592,33,2024-11-03,967.9,Grocery,0
3593,423,2025-08-23,1497.83,Entertainment,0
3594,53,2024-05-07,978.16,Healthcare,0
3595,652,2026-04-23,1265.34,Entertainment,0
3596,309,2024-02-01,295.86,Electronics,0
3597,310,2025-06-12,4070.83,Electronics,0
3598,134,2024-09-17,4768.86,Grocery,0
3599,441,2024-05-28,50.44,Healthcare,0
3600,380,2024-06-16,1606.69,Fuel,0
3601,659,2024-10-27,1559.27,Fuel,0
3602,3,2025-09-09,538.63,Fuel,0
3603,517,2026-02-04,514.03,Online Retail,0
3604,670,2026-06-28,1523.37,Entertainment,0
3605,634,2025-08-25,6853.84,Healthcare,0
3606,438,2025-04-28,3100.21,Travel,0
3607,583,2026-01-21,3210.82,Dining,0
3608,30,2026-03-02,1147.87,Entertainment,0
3609,55,2025-02-07,550.06,Dining,0
3610,489,2025-02-11,10928.23,Healthcare,0
3611,181,2024-03-06,6586.38,Healthcare,0
3612,497,2024-01-16,6239.85,Entertainment,0
3613,520,2026-05-19,3246.55,Healthcare,0
3614,468,2026-04-24,5680.46,Fuel,0
3615,624,2024-12-06,4418.78,Dining,0
3616,152,2026-07-08,713.51,Grocery,0
3617,562,2024-03-22,11198.66,Electronics,0
3618,561,2026-07-22,5764.86,Dining,0
3619,220,2025-07-26,1991.2,Online Retail,0
3620,142,2025-05-24,463.69,Entertainment,0
3621,435,2025-12-26,513.35,Healthcare,0
3622,622,2024-08-09,3255.37,Electronics,0
3623,463,2025-04-11,2156.86,Healthcare,0
3624,83,2024-08-12,1250.91,Entertainment,0
3625,307,2025-08-21,3147.44,Dining,0
3626,277,2025-02-10,2420.1,Electronics,0
3627,412,2025-02-10,1873.83,Electronics,0
3628,410,2025-12-28,566.38,Electronics,0
3629,691,2026-03-04,2413.52,Fuel,0
3630,590,2026-04-17,7727.03,Entertainment,0
3631,382,2026-02-03,482.49,Travel,0
3632,100,2024-06-22,7278.9,Grocery,0
3633,137,2025-12-02,7546.28,Travel,0
3634,120,2025-11-21,2947.07,Grocery,0
3635,353,2024-01-20,2952.77,Online Retail,0
3636,108,2024-07-07,2650.7,Grocery,0
3637,124,2025-05-18,3575.86,Travel,0
3638,106,2024-10-24,1597.74,Online Retail,0
3639,482,2026-02-04,4290.87,Healthcare,0
3640,198,2026-01-18,14065.03,Grocery,0
3641,632,2024-08-26,5048.52,Dining,0
3642,346,2024-01-18,3159.77,Travel,0
3643,474,2024-09-09,4894.68,Electronics,0
3644,370,2026-05-30,2669.73,Electronics,1
3645,615,2026-05-31,4582.27,Dining,0
3646,90,2025-05-06,2664.37,Healthcare,0
3647,510,2026-03-31,1649.2,Travel,0
3648,405,2025-07-06,3876.46,Travel,0
3649,307,2026-08-21,3213.85,Travel,0
3650,490,2024-05-29,4208.51,Entertainment,1
3651,377,2025-04-29,1372.1,Electronics,0
3652,439,2024-06-25,180.78,Healthcare,0
3653,373,2024-05-01,3015.41,Electronics,0
3654,85,2024-05-30,4812.99,Healthcare,0
3655,275,2024-01-09,11147.53,Healthcare,0
3656,680,2026-07-09,3783.61,Electronics,0
3657,66,2025-11-19,859.23,Healthcare,0
3658,162,2025-05-01,6953.95,Electronics,0
3659,492,2026-03-07,2805.43,Dining,0
3660,105,2025-07-06,7025.88,Travel,0
3661,34,2025-02-21,1315.06,Travel,0
3662,536,2025-04-17,2208.6,Fuel,0
3663,143,2025-02-19,5117.34,Fuel,0
3664,155,2025-01-29,5684.09,Healthcare,1
3665,318,2026-03-30,3499.83,Online Retail,0
3666,592,2026-08-04,4116.27,Travel,0
3667,691,2024-06-30,5554.48,Fuel,0
3668,184,2025-12-19,2482.34,Dining,0
3669,215,2024-03-02,2835.02,Healthcare,0
3670,362,2026-02-14,10929.94,Online Retail,0
3671,557,2026-07-30,1362.05,Dining,0
3672,48,2025-12-06,365.76,Fuel,0
3673,294,2025-06-12,2855.23,Online Retail,0
3674,73,2026-07-14,2783.01,Dining,0
3675,156,2026-01-23,571.44,Fuel,0
3676,440,2026-02-05,2610.12,Travel,0
3677,19,2026-07-19,370.12,Travel,0
3678,604,2025-06-12,1240.24,Healthcare,0
3679,62,2026-03-01,3747.27,Electronics,0
3680,576,2026-05-27,405.43,Travel,0
3681,292,2025-03-31,1928.29,Electronics,0
3682,395,2025-12-11,88.51,Electronics,0
3683,281,2025-09-23,1391.24,Dining,0
3684,258,2026-08-23,6935.21,Electronics,0
3685,439,2025-09-08,14983.07,Electronics,0
3686,222,2025-12-06,2158.63,Entertainment,0
3687,44,2026-06-21,3596.89,Entertainment,0
3688,8,2024-01-11,610.96,Dining,0
3689,199,2024-05-17,3405.57,Travel,0
3690,154,2024-11-16,7963.0,Fuel,0
3691,17,2025-11-09,2616.71,Electronics,0
3692,70,2025-03-03,6225.65,Travel,0
3693,611,2026-04-21,1240.47,Entertainment,0
3694,348,2024-03-17,195.91,Grocery,0
3695,279,2024-12-16,1732.35,Healthcare,0
3696,643,2024-05-23,1193.37,Entertainment,0
3697,410,2025-11-21,5878.46,Travel,0
3698,89,2024-09-20,5961.88,Fuel,0
3699,498,2024-08-31,551.62,Online Retail,0
3700,497,2025-08-16,3920.91,Electronics,0
3701,188,2024-03-26,4987.78,Online Retail,0
3702,470,2026-06-24,1459.41,Entertainment,0
3703,95,2024-01-25,2850.59,Dining,0
3704,694,2024-11-30,4479.88,Healthcare,0
3705,407,2025-05-31,6473.18,Fuel,0
3706,199,2024-01-09,2920.62,Grocery,0
3707,633,2024-02-20,3695.34,Healthcare,1
3708,355,2026-08-13,4934.1,Dining,0
3709,625,2025-07-31,553.07,Dining,0
3710,67,2024-01-31,44.81,Electronics,0
3711,216,2025-01-01,4360.1,Dining,0
3712,302,2024-11-20,3002.27,Dining,0
3713,187,2024-01-07,478.8,Online Retail,0
3714,363,2025-07-10,4636.23,Fuel,0
3715,248,2024-08-08,461.79,Entertainment,0
3716,619,2025-09-23,2768.22,Travel,0
3717,172,2025-12-20,4437.79,Entertainment,0
3718,133,2025-02-10,5960.06,Online Retail,0
3719,676,2025-01-04,1734.82,Fuel,0
3720,500,2025-09-12,5617.12,Online Retail,0
3721,25,2025-12-08,2001.78,Fuel,0
3722,594,2025-01-20,851.42,Grocery,0
3723,134,2026-03-05,1235.15,Online Retail,1
3724,479,2024-10-06,1486.58,Travel,0
3725,20,2026-02-16,4895.24,Grocery,0
3726,182,2024-12-27,3576.8,Dining,0
3727,598,2025-10-15,1254.82,Entertainment,0
3728,19,2026-08-30,3845.49,Grocery,0
3729,331,2025-12-28,449.22,Grocery,0
3730,279,2024-11-06,3996.64,Travel,0
3731,160,2025-07-09,4698.89,Grocery,0
3732,83,2024-07-14,338.06,Grocery,0
3733,277,2025-03-29,5224.64,Grocery,0
3734,257,2025-08-26,2027.82,Healthcare,0
3735,75,2024-03-01,2039.72,Online Retail,0
3736,501,2025-01-24,343.05,Electronics,0
3737,76,2026-08-08,6072.9,Travel,0
3738,268,2026-08-28,6112.85,Online Retail,0
3739,663,2026-03-30,8849.42,Dining,0
3740,261,2025-11-28,6656.35,Travel,0
3741,488,2025-10-17,2972.07,Electronics,0
3742,324,2025-06-02,3356.53,Dining,0
3743,448,2025-09-19,27.63,Entertainment,0
3744,548,2024-08-21,2192.21,Electronics,0
3745,331,2025-07-16,2115.3,Entertainment,0
3746,458,2025-06-26,799.19,Electronics,0
3747,343,2024-04-02,2284.27,Dining,0
3748,220,2024-10-02,1005.91,Fuel,0
3749,541,2024-11-07,6147.37,Healthcare,0
3750,274,2025-10-30,2705.65,Online Retail,0
3751,37,2024-11-27,1165.48,Travel,0
3752,190,2024-07-26,6139.73,Online Retail,0
3753,468,2026-02-12,440.67,Online Retail,0
3754,464,2025-05-08,11988.8,Grocery,0
3755,386,2025-08-12,3083.39,Electronics,0
3756,314,2024-11-27,2140.88,Dining,0
3757,215,2025-01-23,9420.47,Healthcare,0
3758,33,2025-07-18,5388.04,Healthcare,0
3759,151,2024-11-15,2342.5,Dining,0
3760,697,2026-07-19,2939.6,Travel,0
3761,604,2026-04-12,5591.87,Online Retail,0
3762,56,2026-07-31,499.62,Grocery,0
3763,653,2026-02-04,5975.43,Online Retail,0
3764,542,2024-03-24,671.57,Online Retail,0
3765,68,2026-03-03,2193.13,Healthcare,0
3766,292,2024-08-28,2340.93,Entertainment,0
3767,119,2025-01-20,2136.51,Dining,0
3768,503,2025-02-12,5238.73,Entertainment,0
3769,467,2025-04-12,6550.19,Fuel,0
3770,153,2026-02-20,13870.75,Travel,0
3771,542,2025-07-12,19731.49,Fuel,0
3772,205,2025-06-04,6721.74,Electronics,0
3773,344,2024-07-06,755.18,Electronics,0
3774,79,2026-02-18,1973.65,Travel,0
3775,649,2024-12-19,2110.67,Electronics,0
3776,131,2025-10-12,1160.0,Healthcare,0
3777,612,2025-04-23,999.91,Online Retail,0
3778,593,2025-09-27,492.0,Healthcare,0
3779,89,2025-10-15,2946.05,Electronics,0
3780,79,2025-06-25,2594.06,Grocery,0
3781,100,2025-03-14,1451.83,Online Retail,0
3782,588,2025-11-26,3692.89,Dining,0
3783,61,2024-05-30,5617.47,Entertainment,0
3784,428,2026-08-05,1984.34,Electronics,0
3785,613,2025-02-18,2568.36,Travel,0
3786,206,2026-08-15,520.16,Travel,0
3787,391,2025-06-02,12583.58,Entertainment,0
3788,57,2024-05-06,849.63,Entertainment,0
3789,659,2025-09-26,1704.22,Fuel,0
3790,422,2025-05-20,4663.93,Electronics,0
3791,511,2026-04-12,3150.17,Fuel,0
3792,176,2026-03-25,6856.26,Grocery,0
3793,513,2024-08-14,1130.17,Travel,0
3794,439,2026-01-18,3434.48,Dining,0
3795,88,2025-06-29,6169.09,Entertainment,0
3796,399,2025-03-22,1863.67,Grocery,0
3797,77,2025-02-10,150.72,Online Retail,0
3798,470,2025-10-22,346.75,Travel,0
3799,652,2025-10-31,3403.77,Online Retail,1
3800,603,2026-05-04,1272.58,Dining,0
3801,338,2026-05-02,3706.34,Healthcare,0
3802,620,2024-08-25,3610.74,Grocery,0
3803,696,2025-04-10,3076.53,Grocery,0
3804,319,2026-08-23,3793.93,Fuel,0
3805,227,2026-04-03,2171.3,Grocery,0
3806,132,2025-03-13,1217.32,Entertainment,0
3807,435,2024-01-02,3372.6,Grocery,0
3808,269,2024-08-12,1202.94,Travel,0
3809,401,2026-06-08,3187.68,Entertainment,0
3810,665,2025-11-18,5011.5,Dining,0
3811,48,2026-02-07,6854.44,Entertainment,0
3812,205,2026-01-25,5852.73,Online Retail,0
3813,364,2024-05-10,4319.45,Dining,0
3814,506,2025-07-24,2924.77,Healthcare,0
3815,648,2025-10-20,1576.45,Online Retail,0
3816,611,2024-04-03,3366.11,Online Retail,0
3817,318,2025-05-16,8349.41,Healthcare,0
3818,388,2024-09-18,1853.25,Electronics,0
3819,331,2026-08-04,9927.7,Travel,0
3820,74,2024-09-02,3496.86,Dining,0
3821,491,2024-10-23,7136.91,Travel,0
3822,575,2026-05-14,1318.46,Travel,0
3823,547,2025-08-16,1146.64,Entertainment,0
3824,253,2026-07-10,474.1,Grocery,0
3825,580,2025-05-24,8275.7,Electronics,0
3826,154,2024-07-02,3482.53,Fuel,0
3827,317,2024-08-03,4955.27,Fuel,0
3828,176,2024-06-12,2715.97,Entertainment,0
3829,311,2026-03-04,2952.31,Fuel,0
3830,648,2024-01-24,372.23,Entertainment,0
3831,332,2025-12-25,3541.12,Dining,0
3832,529,2025-03-05,5444.58,Entertainment,0
3833,679,2025-06-14,95.16,Dining,0
3834,108,2026-03-18,1597.65,Grocery,0
3835,651,2026-07-09,1000.9,Healthcare,0
3836,80,2024-10-04,4247.29,Electronics,0
3837,436,2026-06-22,4042.61,Online Retail,0
3838,316,2026-06-06,4929.06,Entertainment,0
3839,200,2026-03-08,2759.96,Healthcare,0
3840,448,2024-04-30,165.46,Travel,0
3841,631,2024-05-28,3343.14,Travel,0
3842,49,2024-02-03,404.7,Grocery,0
3843,120,2026-05-21,3973.34,Travel,0
3844,356,2026-07-18,427.99,Fuel,0
3845,75,2024-10-25,747.22,Travel,0
3846,222,2025-05-27,6536.42,Healthcare,0
3847,291,2025-07-09,2223.28,Fuel,0
3848,303,2025-01-16,2305.83,Fuel,0
3849,480,2026-08-08,717.75,Electronics,0
3850,324,2026-07-08,5967.33,Entertainment,0
3851,37,2024-08-13,3526.02,Entertainment,0
3852,453,2025-06-20,3286.33,Online Retail,0
3853,220,2024-07-13,574.13,Healthcare,0
3854,7,2024-03-26,2744.09,Online Retail,0
3855,549,2026-04-10,15929.59,Entertainment,0
3856,300,2026-04-24,1124.86,Dining,0
3857,462,2024-01-13,6376.61,Electronics,0
3858,459,2025-06-14,59.51,Fuel,0
3859,60,2024-06-18,4816.53,Online Retail,0
3860,583,2025-07-03,3674.99,Healthcare,0
3861,142,2024-11-15,1997.25,Entertainment,0
3862,525,2025-06-04,3492.19,Grocery,0
3863,508,2025-12-20,3574.67,Dining,0
3864,86,2024-03-23,3548.21,Online Retail,0
3865,82,2025-04-13,1635.74,Dining,0
3866,594,2024-11-29,1428.72,Grocery,0
3867,7,2025-01-18,962.75,Grocery,0
3868,153,2026-06-26,304.35,Online Retail,0
3869,695,2026-06-14,2276.28,Entertainment,0
3870,78,2025-09-27,5672.24,Online Retail,0
3871,430,2026-01-07,1352.96,Online Retail,0
3872,257,2025-01-11,574.65,Fuel,0
3873,301,2025-09-09,993.94,Entertainment,0
3874,90,2025-04-04,2669.01,Travel,0
3875,418,2024-11-27,2664.57,Electronics,0
3876,234,2026-02-10,866.16,Online Retail,0
3877,470,2026-04-17,2322.54,Healthcare,0
3878,554,2024-12-09,1948.15,Healthcare,0
3879,347,2024-09-03,3951.26,Electronics,0
3880,14,2025-01-26,7717.2,Electronics,0
3881,461,2026-07-11,1302.04,Electronics,0
3882,349,2026-01-22,1079.99,Entertainment,0
3883,496,2024-09-10,2631.73,Entertainment,0
3884,553,2025-08-27,3168.89,Online Retail,0
3885,126,2026-03-10,4145.22,Electronics,0
3886,78,2024-12-14,225.24,Online Retail,0
3887,297,2026-06-10,11487.53,Online Retail,0
3888,632,2026-06-30,1735.5,Healthcare,0
3889,214,2024-08-08,1158.96,Dining,0
3890,303,2025-08-10,574.63,Grocery,0
3891,559,2024-08-11,1379.2,Entertainment,0
3892,566,2025-10-16,291.69,Dining,0
3893,539,2024-03-17,6325.09,Fuel,0
3894,658,2025-09-16,1995.69,Healthcare,0
3895,568,2024-11-28,1090.24,Online Retail,0
3896,112,2025-05-13,5338.91,Travel,0
3897,307,2025-05-02,1856.78,Healthcare,0
3898,545,2026-08-27,1081.87,Fuel,0
3899,403,2024-03-24,8911.12,Travel,0
3900,102,2025-07-21,1441.48,Dining,0
3901,494,2024-05-22,99.12,Entertainment,0
3902,122,2025-09-24,2312.53,Entertainment,0
3903,226,2025-02-15,2024.85,Grocery,0
3904,683,2024-06-10,1125.26,Grocery,0
3905,685,2024-06-24,929.92,Electronics,0
3906,17,2024-04-30,2511.58,Electronics,1
3907,266,2026-01-24,1473.81,Online Retail,0
3908,223,2026-06-09,1731.0,Online Retail,0
3909,376,2024-11-10,3041.57,Dining,0
3910,582,2025-01-07,1629.51,Online Retail,0
3911,579,2024-02-15,1209.4,Travel,0
3912,96,2024-06-12,4206.86,Travel,0
3913,523,2024-05-30,1469.49,Healthcare,0
3914,22,2026-07-12,1124.01,Fuel,0
3915,352,2024-10-26,416.23,Healthcare,0
3916,398,2026-02-03,823.74,Travel,0
3917,286,2024-05-22,530.87,Healthcare,0
3918,616,2024-06-23,371.11,Online Retail,0
3919,446,2024-07-29,945.18,Electronics,0
3920,683,2024-07-06,3126.78,Online Retail,0
3921,305,2024-07-20,2225.12,Healthcare,0
3922,284,2024-10-08,1595.93,Healthcare,0
3923,415,2025-02-12,3477.64,Online Retail,0
3924,169,2024-06-28,1234.46,Electronics,0
3925,560,2025-05-25,2925.81,Healthcare,0
3926,213,2024-12-21,4064.56,Online Retail,0
3927,86,2025-08-30,104.88,Fuel,0
3928,330,2025-07-21,2199.03,Entertainment,0
3929,489,2026-06-05,3310.62,Entertainment,0
3930,377,2025-08-27,3105.34,Grocery,0
3931,38,2025-11-01,2322.1,Healthcare,0
3932,12,2026-03-27,1311.16,Healthcare,0
3933,514,2024-07-12,1807.94,Entertainment,0
3934,699,2026-04-30,6671.34,Online Retail,0
3935,147,2025-03-13,170.22,Online Retail,0
3936,675,2025-10-07,1005.15,Electronics,1
3937,346,2025-12-12,2216.56,Dining,0
3938,99,2024-07-28,384.53,Electronics,0
3939,187,2025-06-25,1685.43,Dining,0
3940,676,2024-10-04,4257.77,Online Retail,0
3941,226,2024-06-14,3673.11,Dining,0
3942,587,2026-05-08,2177.46,Electronics,0
3943,441,2026-02-06,2595.16,Online Retail,0
3944,565,2024-06-29,22.42,Travel,0
3945,302,2024-07-10,584.73,Travel,0
3946,81,2024-03-25,1136.88,Dining,0
3947,342,2024-12-01,1548.57,Grocery,0
3948,662,2024-08-23,4427.99,Online Retail,0
3949,700,2025-12-16,9296.36,Grocery,0
3950,287,2025-01-29,1777.01,Healthcare,0
3951,86,2026-08-03,1703.36,Healthcare,0
3952,151,2025-06-30,2157.32,Electronics,0
3953,269,2026-05-18,911.47,Entertainment,0
3954,686,2024-04-03,7367.64,Fuel,0
3955,372,2026-08-03,782.28,Grocery,0
3956,348,2024-11-12,825.99,Electronics,0
3957,570,2025-01-21,1212.22,Travel,0
3958,125,2025-08-04,8246.81,Grocery,0
3959,198,2025-02-28,3282.59,Fuel,0
3960,524,2024-11-02,2134.05,Electronics,0
3961,276,2024-06-07,1596.69,Healthcare,0
3962,416,2025-02-12,1991.84,Fuel,0
3963,575,2025-04-05,601.71,Online Retail,0
3964,519,2024-05-06,79.07,Electronics,0
3965,372,2026-01-30,4793.62,Entertainment,0
3966,47,2024-06-23,452.17,Online Retail,0
3967,600,2024-03-08,7112.48,Fuel,0
3968,61,2024-11-09,3380.64,Entertainment,0
3969,46,2024-11-07,1777.55,Dining,0
3970,151,2024-10-18,3114.06,Dining,0
3971,201,2026-06-21,2424.5,Entertainment,0
3972,556,2025-08-05,2027.93,Healthcare,0
3973,391,2024-06-26,2202.81,Travel,0
3974,647,2025-05-20,4849.7,Online Retail,0
3975,86,2024-10-16,3188.08,Electronics,0
3976,685,2026-07-15,1887.81,Grocery,0
3977,338,2026-06-30,4149.83,Travel,0
3978,419,2025-07-25,7822.7,Grocery,0
3979,13,2024-12-02,1855.15,Travel,0
3980,510,2024-05-10,1009.69,Travel,0
3981,354,2026-03-21,4418.75,Dining,0
3982,524,2024-01-24,1882.09,Entertainment,0
3983,645,2024-10-06,5644.77,Travel,0
3984,153,2025-06-17,595.83,Dining,0
3985,664,2024-09-07,1343.74,Healthcare,0
3986,338,2025-12-08,9879.67,Travel,0
3987,224,2024-07-01,1280.09,Entertainment,0
3988,495,2026-04-11,5798.16,Online Retail,0
3989,3,2024-03-02,967.09,Entertainment,0
3990,478,2024-11-21,4137.49,Healthcare,0
3991,639,2025-02-08,757.53,Online Retail,0
3992,147,2026-08-18,4516.22,Online Retail,0
3993,398,2025-11-26,1641.16,Online Retail,0
3994,550,2026-08-23,1329.45,Healthcare,0
3995,407,2025-05-07,1684.15,Grocery,0
3996,650,2026-07-03,2230.67,Grocery,0
3997,571,2025-02-01,2646.55,Dining,0
3998,193,2024-01-28,514.59,Dining,0
3999,276,2024-07-18,2929.38,Fuel,0
4000,470,2024-12-31,355.82,Travel,0
4001,295,2025-10-28,5103.92,Entertainment,1
4002,275,2024-07-23,3129.71,Electronics,0
4003,597,2024-09-03,3124.18,Grocery,0
4004,79,2025-09-29,4472.11,Healthcare,0
4005,345,2024-02-01,3229.16,Fuel,0
4006,266,2026-05-11,8101.28,Healthcare,0
4007,516,2026-07-29,772.21,Dining,0
4008,689,2026-02-27,484.81,Entertainment,0
4009,634,2026-07-07,8324.39,Electronics,0
4010,247,2024-06-08,3240.12,Dining,0
4011,276,2024-07-28,3572.68,Entertainment,0
4012,86,2026-04-25,684.26,Grocery,0
4013,623,2024-08-20,3403.43,Entertainment,0
4014,212,2025-11-17,1991.84,Healthcare,0
4015,230,2025-07-19,4081.24,Electronics,0
4016,265,2024-10-16,2349.8,Fuel,0
4017,651,2025-02-20,1983.44,Electronics,0
4018,695,2025-03-12,2376.87,Electronics,0
4019,214,2026-05-15,1149.65,Fuel,0
4020,453,2025-06-07,1454.88,Travel,0
4021,164,2025-02-20,6031.71,Travel,0
4022,322,2025-10-15,3477.29,Healthcare,0
4023,505,2024-05-12,1859.79,Online Retail,0
4024,353,2024-11-08,3451.86,Travel,0
4025,646,2025-06-16,2998.46,Healthcare,0
4026,357,2025-08-25,1497.1,Entertainment,0
4027,538,2024-04-20,1150.64,Dining,0
4028,324,2024-10-28,1446.58,Online Retail,0
4029,519,2025-03-12,5293.38,Entertainment,0
4030,577,2024-01-03,1848.91,Dining,0
4031,682,2025-07-16,5904.68,Electronics,0
4032,237,2026-04-06,1315.66,Grocery,0
4033,391,2026-07-10,1001.06,Electronics,0
4034,497,2025-09-20,1953.67,Grocery,0
4035,622,2024-10-13,2822.38,Online Retail,0
4036,71,2025-11-21,2381.23,Entertainment,0
4037,26,2025-09-25,3161.46,Fuel,0
4038,60,2024-02-03,3250.12,Entertainment,1
4039,93,2024-01-01,3926.95,Fuel,0
4040,193,2026-08-29,712.34,Entertainment,0
4041,191,2026-04-29,1195.52,Fuel,0
4042,73,2025-01-28,2519.07,Dining,0
4043,663,2024-11-05,1503.94,Healthcare,0
4044,568,2024-03-31,1974.19,Healthcare,0
4045,138,2024-08-22,2221.41,Dining,0
4046,279,2024-03-30,1756.04,Dining,0
4047,269,2024-04-09,1477.28,Grocery,0
4048,594,2026-04-14,906.88,Travel,0
4049,25,2026-02-04,1816.13,Online Retail,0
4050,601,2026-02-10,1409.29,Travel,0
4051,55,2024-02-25,4279.2,Fuel,0
4052,369,2024-12-25,3577.02,Healthcare,0
4053,408,2025-08-25,695.88,Fuel,0
4054,147,2025-06-23,7328.18,Travel,0
4055,69,2024-11-03,1460.78,Electronics,0
4056,300,2025-02-01,467.05,Fuel,0
4057,630,2025-11-24,1283.02,Healthcare,0
4058,396,2026-04-04,374.11,Healthcare,0
4059,621,2026-07-30,451.43,Grocery,0
4060,245,2025-11-22,14294.0,Travel,0
4061,436,2024-09-24,4118.33,Electronics,0
4062,610,2026-06-03,618.45,Online Retail,0
4063,278,2025-08-27,256.27,Grocery,1
4064,689,2026-01-15,1961.46,Electronics,0
4065,622,2024-12-27,200.0,Online Retail,0
4066,418,2025-06-26,1875.42,Online Retail,0
4067,342,2025-05-11,3011.43,Healthcare,0
4068,118,2025-12-14,3215.79,Grocery,0
4069,134,2024-03-22,610.66,Fuel,0
4070,617,2025-06-11,2639.88,Online Retail,0
4071,242,2024-07-18,5129.22,Electronics,0
4072,647,2024-06-05,1514.01,Online Retail,0
4073,255,2026-02-13,573.32,Grocery,0
4074,179,2025-06-10,1439.39,Healthcare,0
4075,406,2024-12-02,709.01,Travel,0
4076,213,2025-10-14,17491.8,Healthcare,0
4077,281,2024-01-01,4429.83,Dining,0
4078,326,2026-06-08,3667.41,Healthcare,0
4079,573,2024-11-08,260.61,Dining,0
4080,587,2024-04-24,1614.64,Electronics,0
4081,439,2025-10-14,1356.62,Healthcare,0
4082,660,2026-04-07,1074.25,Online Retail,0
4083,177,2026-08-05,5693.74,Entertainment,0
4084,459,2026-01-04,11964.06,Travel,0
4085,282,2026-04-12,1077.45,Healthcare,0
4086,295,2024-11-01,102.12,Dining,0
4087,507,2026-01-07,1138.24,Travel,0
4088,234,2024-01-10,5469.02,Electronics,0
4089,170,2026-06-25,4429.92,Grocery,0
4090,335,2026-02-20,2203.28,Fuel,0
4091,65,2025-10-04,3635.17,Entertainment,0
4092,395,2026-06-28,1493.32,Fuel,0
4093,498,2025-05-21,1025.97,Online Retail,0
4094,108,2024-11-10,803.12,Online Retail,0
4095,285,2025-06-10,2093.87,Travel,0
4096,195,2024-02-23,1174.3,Entertainment,0
4097,87,2026-07-09,637.17,Entertainment,0
4098,93,2025-05-09,2499.16,Healthcare,0
4099,336,2024-01-03,1333.53,Grocery,0
4100,384,2025-08-11,5634.59,Grocery,0
4101,393,2025-05-17,2969.97,Travel,0
4102,46,2026-08-21,9317.89,Entertainment,0
4103,19,2026-01-19,3267.03,Dining,0
4104,85,2024-09-23,1926.24,Entertainment,0
4105,554,2024-02-07,4896.09,Travel,0
4106,451,2025-03-03,8452.22,Online Retail,0
4107,345,2026-03-13,192.33,Grocery,0
4108,22,2025-12-09,4944.56,Dining,0
4109,18,2026-04-02,2087.8,Grocery,0
4110,275,2026-03-20,3318.11,Grocery,0
4111,604,2025-05-25,9010.74,Online Retail,1
4112,78,2026-02-24,2265.23,Electronics,0
4113,410,2026-03-19,580.88,Entertainment,0
4114,401,2024-04-11,323.07,Entertainment,0
4115,675,2024-05-19,2950.71,Entertainment,0
4116,209,2024-08-17,2270.51,Online Retail,0
4117,197,2026-07-08,7977.46,Dining,0
4118,423,2026-04-16,953.83,Electronics,0
4119,289,2024-02-17,959.46,Healthcare,0
4120,121,2026-06-22,10226.45,Online Retail,0
4121,465,2024-02-06,784.1,Electronics,0
4122,673,2026-01-18,445.5,Electronics,0
4123,640,2025-05-25,10095.93,Online Retail,0
4124,71,2025-09-20,4774.1,Online Retail,0
4125,554,2025-12-17,2081.02,Dining,0
4126,491,2026-04-28,14231.41,Grocery,0
4127,451,2025-11-13,1278.41,Online Retail,0
4128,326,2025-06-12,3923.11,Electronics,0
4129,557,2025-06-20,3518.1,Grocery,0
4130,400,2026-07-31,8141.26,Entertainment,0
4131,67,2026-02-03,931.25,Healthcare,0
4132,91,2025-08-31,10095.48,Online Retail,0
4133,507,2025-08-15,13060.53,Fuel,0
4134,285,2024-10-16,6971.56,Online Retail,0
4135,406,2026-04-08,1077.16,Fuel,0
4136,564,2025-12-01,2846.66,Entertainment,0
4137,192,2024-04-22,3503.93,Electronics,0
4138,625,2026-02-17,3387.81,Dining,0
4139,167,2026-08-14,300.58,Travel,0
4140,314,2025-12-09,4403.8,Dining,0
4141,202,2026-05-08,3065.62,Grocery,0
4142,490,2026-01-30,1974.86,Entertainment,0
4143,87,2026-05-22,2169.8,Travel,0
4144,234,2025-07-21,14646.82,Fuel,0
4145,192,2024-12-20,7059.02,Travel,0
4146,506,2025-03-31,230.85,Grocery,0
4147,50,2026-07-12,1996.37,Healthcare,0
4148,452,2025-11-09,6015.29,Dining,0
4149,471,2024-05-17,7202.18,Electronics,0
4150,509,2025-01-12,3303.45,Online Retail,0
4151,359,2024-03-16,636.68,Electronics,0
4152,453,2026-05-27,551.34,Entertainment,0
4153,90,2025-01-23,4323.73,Healthcare,0
4154,388,2024-03-11,1574.01,Online Retail,0
4155,489,2026-06-28,794.46,Fuel,0
4156,174,2026-04-08,31.21,Entertainment,0
4157,125,2026-08-01,361.29,Online Retail,0
4158,210,2024-12-09,2986.7,Grocery,0
4159,347,2025-04-26,1837.88,Electronics,0
4160,34,2025-05-09,7829.93,Online Retail,0
4161,645,2026-01-03,478.26,Online Retail,0
4162,457,2026-03-16,1076.65,Travel,0
4163,533,2025-06-08,1328.11,Online Retail,0
4164,595,2025-06-12,2709.15,Travel,0
4165,409,2024-04-20,1337.82,Dining,0
4166,540,2024-07-01,922.89,Electronics,0
4167,410,2025-09-28,3377.12,Entertainment,0
4168,540,2025-03-18,2570.03,Online Retail,1
4169,45,2024-05-23,4915.87,Travel,0
4170,578,2024-04-12,1793.95,Online Retail,0
4171,299,2025-10-01,6616.77,Fuel,0
4172,335,2026-05-20,809.58,Travel,0
4173,215,2024-08-22,4305.32,Electronics,0
4174,281,2025-06-13,5340.61,Online Retail,0
4175,333,2024-09-13,4393.48,Dining,0
4176,260,2026-03-08,2070.26,Travel,0
4177,666,2025-10-20,2765.64,Travel,0
4178,359,2024-12-02,7685.38,Electronics,0
4179,551,2025-03-29,2280.87,Online Retail,0
4180,670,2025-06-04,740.75,Entertainment,0
4181,427,2026-03-20,4091.98,Healthcare,0
4182,237,2025-04-19,1910.93,Electronics,0
4183,494,2025-10-25,2330.29,Healthcare,0
4184,8,2025-04-04,2103.87,Dining,0
4185,512,2024-10-14,4750.21,Electronics,0
4186,7,2025-08-20,3352.04,Dining,0
4187,320,2026-01-27,2362.85,Online Retail,0
4188,194,2026-08-11,3142.57,Online Retail,0
4189,607,2024-03-04,784.85,Fuel,0
4190,452,2026-08-10,4414.41,Dining,0
4191,433,2025-12-17,3434.48,Fuel,0
4192,459,2024-09-24,8528.64,Online Retail,0
4193,517,2025-01-10,1227.75,Electronics,0
4194,112,2025-10-22,1266.7,Travel,0
4195,8,2024-10-21,2907.15,Online Retail,0
4196,653,2024-11-26,2267.26,Online Retail,0
4197,377,2025-05-24,744.04,Fuel,0
4198,469,2025-11-12,562.12,Healthcare,0
4199,255,2026-06-03,6342.49,Entertainment,0
4200,595,2026-04-08,1078.03,Dining,0
4201,39,2024-09-07,1802.82,Fuel,0
4202,309,2024-07-05,502.77,Healthcare,0
4203,453,2026-09-01,13143.54,Online Retail,0
4204,325,2026-07-03,1164.9,Electronics,0
4205,651,2025-07-28,2039.89,Travel,0
4206,6,2025-11-10,290.68,Fuel,0
4207,513,2024-09-02,2754.82,Electronics,1
4208,617,2025-08-24,10488.65,Healthcare,0
4209,56,2025-11-04,587.83,Entertainment,0
4210,449,2024-10-17,2875.48,Fuel,0
4211,40,2025-12-18,1481.91,Fuel,0
4212,438,2025-01-02,2388.15,Online Retail,0
4213,242,2025-06-02,1622.86,Dining,0
4214,583,2024-02-14,457.9,Online Retail,0
4215,167,2024-05-07,3125.42,Entertainment,0
4216,262,2025-09-06,5044.21,Travel,0
4217,20,2026-03-05,1546.14,Travel,0
4218,516,2025-07-07,6290.56,Dining,0
4219,29,2026-02-28,6366.16,Online Retail,0
4220,470,2026-02-21,5050.34,Healthcare,0
4221,242,2026-01-16,697.91,Electronics,0
4222,659,2026-03-16,4003.94,Entertainment,0
4223,94,2026-01-06,3643.21,Dining,0
4224,447,2026-03-19,880.48,Dining,0
4225,137,2025-01-06,1390.88,Dining,0
4226,32,2025-01-19,2414.43,Grocery,0
4227,609,2025-04-25,1323.95,Healthcare,0
4228,618,2025-06-09,2064.93,Dining,0
4229,696,2025-10-06,8812.72,Dining,0
4230,132,2025-06-16,960.48,Fuel,0
4231,564,2024-06-10,932.16,Travel,0
4232,344,2025-01-19,5950.65,Electronics,0
4233,163,2025-08-12,2542.55,Travel,0
4234,276,2024-01-29,2845.55,Fuel,0
4235,124,2024-04-17,1823.99,Healthcare,0
4236,432,2026-07-01,1849.1,Dining,0
4237,405,2026-04-06,2158.5,Electronics,1
4238,121,2025-07-20,2859.87,Travel,0
4239,549,2024-04-26,4999.84,Dining,0
4240,396,2024-09-05,782.17,Entertainment,0
4241,461,2026-01-23,1039.19,Dining,0
4242,95,2025-12-13,6049.55,Travel,0
4243,563,2024-08-04,2665.18,Dining,0
4244,256,2024-03-05,1624.0,Entertainment,0
4245,341,2026-06-24,3231.48,Online Retail,0
4246,110,2025-12-05,1360.96,Online Retail,0
4247,692,2025-10-03,5758.34,Entertainment,0
4248,363,2026-05-01,1132.82,Grocery,0
4249,551,2025-02-24,1308.74,Electronics,1
4250,428,2024-04-15,1570.15,Electronics,0
4251,36,2024-02-12,3652.13,Online Retail,0
4252,488,2026-08-11,6326.15,Electronics,0
4253,255,2025-08-14,4021.85,Electronics,0
4254,420,2025-12-23,5015.74,Dining,0
4255,392,2025-01-03,316.73,Grocery,0
4256,550,2024-04-17,292.97,Entertainment,0
4257,157,2026-02-17,455.22,Grocery,0
4258,679,2026-02-14,2224.7,Electronics,0
4259,283,2026-02-11,1451.35,Entertainment,0
4260,504,2025-05-19,498.5,Entertainment,0
4261,441,2025-10-31,3884.05,Healthcare,0
4262,396,2024-11-02,7250.43,Dining,0
4263,387,2024-09-18,5155.64,Travel,0
4264,429,2024-02-02,2101.67,Entertainment,0
4265,604,2024-06-17,2939.66,Online Retail,0
4266,194,2025-02-28,1141.38,Grocery,0
4267,184,2025-04-29,2346.87,Electronics,0
4268,692,2025-03-12,2179.38,Entertainment,0
4269,645,2025-03-17,3460.78,Healthcare,0
4270,277,2024-07-30,1055.52,Grocery,0
4271,226,2025-10-18,12908.7,Entertainment,0
4272,524,2025-03-09,566.87,Fuel,0
4273,645,2025-06-03,2905.86,Entertainment,0
4274,664,2025-07-27,4407.3,Entertainment,0
4275,174,2025-04-27,630.59,Online Retail,0
4276,150,2025-06-21,242.44,Grocery,0
4277,356,2025-04-13,4468.34,Dining,0
4278,125,2025-01-04,13093.01,Entertainment,0
4279,653,2025-05-06,139.25,Travel,0
4280,247,2025-10-26,13012.22,Travel,0
4281,195,2026-04-30,4632.44,Travel,0
4282,681,2024-04-04,2286.27,Online Retail,0
4283,595,2024-06-15,5180.16,Grocery,0
4284,660,2024-04-29,6538.1,Dining,1
4285,351,2024-01-19,1943.62,Electronics,0
4286,555,2026-03-17,16076.05,Entertainment,0
4287,294,2024-08-04,12705.63,Fuel,0
4288,50,2024-10-10,1235.78,Travel,0
4289,465,2024-10-29,3206.14,Travel,0
4290,56,2026-04-20,600.23,Online Retail,0
4291,139,2025-08-20,394.85,Online Retail,0
4292,208,2024-04-12,1712.46,Entertainment,0
4293,462,2026-04-01,3088.25,Healthcare,0
4294,545,2026-08-19,866.19,Electronics,0
4295,124,2025-11-26,5040.26,Dining,0
4296,515,2025-04-15,3346.91,Grocery,0
4297,498,2026-08-31,2517.57,Entertainment,0
4298,419,2024-02-11,1015.68,Healthcare,0
4299,428,2024-01-01,1149.85,Healthcare,0
4300,282,2026-01-30,1812.13,Online Retail,0
4301,98,2024-07-04,1256.96,Grocery,0
4302,94,2024-02-26,1594.67,Online Retail,0
4303,71,2024-03-25,1030.78,Healthcare,0
4304,336,2025-03-14,3659.06,Online Retail,0
4305,426,2025-10-09,522.08,Healthcare,1
4306,101,2025-03-08,5660.88,Fuel,0
4307,86,2025-02-20,1343.96,Travel,0
4308,487,2024-05-22,3804.77,Dining,0
4309,438,2024-10-30,2442.41,Dining,0
4310,653,2026-07-10,415.96,Travel,0
4311,700,2024-10-31,5358.02,Grocery,0
4312,692,2024-11-30,9530.78,Dining,0
4313,87,2026-05-20,2011.63,Travel,0
4314,256,2024-03-03,3441.09,Fuel,0
4315,332,2024-03-14,2586.57,Entertainment,0
4316,518,2026-05-23,900.27,Online Retail,0
4317,648,2024-11-01,2613.45,Entertainment,0
4318,583,2024-08-20,7423.85,Healthcare,0
4319,656,2025-05-02,6279.0,Online Retail,0
4320,14,2024-02-07,1690.19,Electronics,0
4321,21,2025-02-05,1653.73,Grocery,0
4322,288,2024-01-12,812.41,Electronics,0
4323,566,2025-11-01,1729.64,Grocery,0
4324,229,2026-04-10,2961.65,Dining,0
4325,167,2025-08-15,2847.23,Fuel,0
4326,167,2024-06-26,3253.97,Fuel,0
4327,523,2026-02-19,3223.34,Electronics,0
4328,551,2025-10-07,1046.54,Dining,0
4329,249,2026-04-03,5289.51,Online Retail,0
4330,41,2026-06-08,6126.04,Travel,0
4331,158,2025-01-24,2564.12,Grocery,0
4332,203,2026-08-07,16431.32,Electronics,0
4333,330,2026-04-24,3603.7,Entertainment,0
4334,269,2025-07-25,532.69,Electronics,0
4335,124,2025-09-08,1824.33,Grocery,0
4336,692,2025-03-15,1702.66,Healthcare,0
4337,297,2026-04-18,1916.7,Travel,0
4338,156,2024-02-22,5105.52,Entertainment,0
4339,277,2025-03-29,5898.28,Grocery,1
4340,522,2024-04-07,10103.66,Grocery,0
4341,675,2024-01-25,3835.11,Dining,0
4342,312,2026-07-06,4730.45,Entertainment,0
4343,380,2025-10-03,1275.45,Travel,0
4344,211,2025-03-24,4238.95,Online Retail,0
4345,488,2026-07-30,3518.89,Online Retail,0
4346,481,2024-03-30,1721.65,Grocery,0
4347,123,2026-06-26,10421.09,Healthcare,0
4348,385,2025-04-17,526.05,Grocery,0
4349,699,2024-05-28,2636.48,Healthcare,0
4350,164,2024-10-14,7425.36,Grocery,0
4351,349,2025-04-22,900.87,Online Retail,0
4352,471,2026-02-25,1430.95,Entertainment,0
4353,53,2026-04-30,4923.63,Entertainment,0
4354,366,2024-05-05,4927.1,Online Retail,0
4355,427,2025-02-10,2158.44,Grocery,0
4356,382,2025-02-02,3253.15,Grocery,1
4357,223,2025-05-20,2612.97,Healthcare,0
4358,564,2025-06-26,5417.58,Dining,0
4359,206,2026-08-30,5614.44,Electronics,0
4360,358,2024-09-17,8034.92,Travel,0
4361,222,2025-04-15,7985.47,Fuel,0
4362,597,2024-09-25,3369.62,Grocery,0
4363,316,2024-07-04,686.45,Healthcare,0
4364,271,2025-01-23,1118.71,Healthcare,0
4365,201,2024-02-07,1329.53,Online Retail,0
4366,376,2026-01-31,2230.11,Fuel,0
4367,546,2025-03-25,2806.61,Grocery,0
4368,437,2025-03-07,856.54,Dining,0
4369,126,2025-05-16,147.61,Electronics,0
4370,14,2025-05-21,3997.74,Fuel,0
4371,100,2026-06-15,2446.74,Entertainment,0
4372,624,2025-07-24,10956.62,Entertainment,0
4373,74,2026-02-11,1271.03,Entertainment,0
4374,125,2026-03-11,9547.07,Travel,0
4375,288,2024-03-02,942.26,Online Retail,0
4376,131,2026-02-22,2332.37,Dining,0
4377,80,2026-03-07,2588.83,Travel,0
4378,132,2025-09-12,352.33,Healthcare,0
4379,18,2024-03-08,3128.05,Travel,0
4380,361,2024-01-08,1106.77,Online Retail,0
4381,207,2024-01-14,6597.78,Grocery,0
4382,203,2025-11-13,4821.02,Fuel,0
4383,687,2025-06-17,3590.13,Dining,0
4384,642,2024-12-23,1422.2,Grocery,0
4385,8,2025-05-31,604.26,Dining,0
4386,636,2025-03-15,9158.75,Entertainment,0
4387,45,2024-11-04,8568.12,Electronics,0
4388,412,2026-01-13,1378.18,Dining,0
4389,409,2025-03-25,5558.27,Online Retail,0
4390,434,2025-06-16,884.09,Electronics,0
4391,349,2026-06-16,1124.26,Electronics,0
4392,467,2026-06-05,2448.45,Travel,0
4393,74,2025-10-21,3735.1,Grocery,0
4394,315,2026-05-31,549.53,Dining,0
4395,627,2024-11-29,156.63,Dining,0
4396,393,2024-12-27,1055.5,Electronics,0
4397,473,2026-06-29,2206.11,Online Retail,0
4398,47,2026-05-16,501.41,Fuel,0
4399,347,2024-06-07,1545.75,Electronics,0
4400,70,2024-01-07,1600.7,Travel,0
4401,381,2024-06-19,12682.25,Fuel,0
4402,240,2026-01-09,3830.88,Travel,0
4403,558,2024-08-15,2995.77,Grocery,0
4404,550,2026-08-20,1831.61,Healthcare,0
4405,69,2024-08-14,7992.71,Travel,0
4406,261,2024-06-14,596.4,Online Retail,0
4407,654,2024-03-10,4447.33,Healthcare,0
4408,11,2026-07-14,8390.15,Grocery,0
4409,79,2024-10-28,5212.98,Electronics,0
4410,654,2026-03-13,1188.39,Travel,0
4411,321,2025-06-18,515.55,Online Retail,0
4412,434,2024-06-04,5445.09,Grocery,0
4413,174,2024-08-05,4539.48,Grocery,1
4414,292,2024-03-22,6329.71,Healthcare,0
4415,466,2024-04-14,4892.45,Fuel,0
4416,218,2026-02-24,6757.08,Electronics,0
4417,588,2025-09-26,1820.95,Electronics,0
4418,648,2024-06-04,2665.01,Fuel,0
4419,432,2025-02-13,664.58,Electronics,0
4420,184,2024-08-10,487.01,Electronics,0
4421,157,2025-09-29,3533.63,Fuel,0
4422,17,2024-05-06,1352.28,Grocery,0
4423,546,2024-08-29,8619.33,Entertainment,0
4424,629,2025-10-16,4487.66,Online Retail,0
4425,660,2026-01-07,2888.8,Electronics,0
4426,685,2026-08-01,334.41,Entertainment,0
4427,113,2026-08-06,824.75,Fuel,0
4428,489,2025-11-25,1138.7,Travel,0
4429,178,2024-09-11,1698.42,Dining,0
4430,123,2026-03-17,5768.34,Healthcare,0
4431,371,2025-09-15,447.96,Online Retail,0
4432,474,2026-07-27,12531.45,Dining,0
4433,518,2026-01-15,5058.69,Entertainment,0
4434,345,2026-02-24,694.58,Grocery,0
4435,89,2025-06-13,8131.99,Dining,0
4436,48,2026-02-26,4416.42,Travel,0
4437,36,2024-10-10,1297.97,Entertainment,0
4438,537,2024-03-24,5130.84,Electronics,0
4439,397,2024-07-28,753.14,Entertainment,0
4440,240,2025-07-07,2692.42,Online Retail,0
4441,559,2025-09-22,4088.6,Healthcare,0
4442,250,2025-04-28,797.11,Dining,0
4443,209,2025-04-12,3022.91,Electronics,0
4444,566,2024-07-12,3714.24,Electronics,0
4445,409,2026-03-27,1663.95,Online Retail,0
4446,474,2024-08-14,1166.92,Grocery,0
4447,563,2024-03-28,2792.47,Travel,0
4448,220,2024-05-28,1952.09,Dining,0
4449,21,2024-02-01,9205.18,Electronics,0
4450,465,2026-08-29,4153.03,Dining,0
4451,236,2024-12-27,2013.22,Dining,0
4452,680,2026-02-13,2468.18,Electronics,0
4453,213,2025-04-07,1251.98,Dining,0
4454,559,2026-06-13,6568.88,Fuel,0
4455,507,2025-09-15,4484.19,Online Retail,0
4456,496,2024-08-24,9729.93,Travel,0
4457,467,2024-04-21,3011.48,Travel,0
4458,53,2024-06-15,2101.14,Entertainment,0
4459,579,2025-07-26,3112.88,Grocery,0
4460,189,2024-01-29,9418.89,Travel,0
4461,385,2026-03-03,1625.2,Travel,0
4462,180,2024-10-06,1426.52,Electronics,0
4463,160,2026-06-05,1849.02,Healthcare,0
4464,267,2024-04-27,1225.87,Entertainment,0
4465,304,2026-05-27,3320.02,Healthcare,0
4466,636,2026-05-02,1667.61,Electronics,0
4467,278,2025-05-20,7748.25,Grocery,0
4468,663,2025-04-10,678.28,Entertainment,0
4469,468,2026-05-26,4578.98,Electronics,0
4470,446,2026-03-05,6942.45,Healthcare,0
4471,668,2025-06-08,647.69,Grocery,1
4472,695,2024-11-19,3969.79,Fuel,0
4473,321,2024-03-12,5895.83,Dining,0
4474,278,2026-06-25,316.66,Healthcare,0
4475,448,2026-08-07,997.92,Electronics,0
4476,143,2026-04-29,6568.32,Grocery,0
4477,125,2024-01-03,6586.92,Healthcare,0
4478,220,2025-02-22,2371.53,Dining,0
4479,403,2024-10-05,3117.47,Healthcare,1
4480,699,2025-02-26,4399.23,Travel,0
4481,510,2024-02-15,5726.43,Dining,0
4482,216,2025-06-11,2857.99,Fuel,0
4483,535,2025-06-14,5727.88,Dining,0
4484,362,2024-08-29,2075.33,Fuel,0
4485,682,2025-07-07,4311.03,Fuel,0
4486,430,2025-06-15,3515.62,Dining,0
4487,692,2025-09-13,8323.24,Electronics,0
4488,545,2024-08-16,986.93,Electronics,0
4489,361,2024-05-16,890.52,Online Retail,0
4490,549,2024-11-12,9146.74,Entertainment,0
4491,603,2024-01-17,382.31,Online Retail,0
4492,146,2025-11-09,5014.23,Electronics,0
4493,516,2024-09-16,4582.73,Electronics,0
4494,694,2024-11-06,1538.92,Dining,0
4495,368,2024-02-20,8932.39,Travel,0
4496,318,2025-05-26,2509.76,Electronics,0
4497,22,2024-02-04,2753.31,Dining,0
4498,518,2025-04-07,1015.73,Dining,0
4499,684,2024-09-14,1188.49,Entertainment,0
4500,431,2025-09-05,829.4,Healthcare,0
4501,676,2026-08-31,4042.62,Electronics,0
4502,96,2025-07-03,3895.98,Fuel,0
4503,363,2026-02-22,6276.14,Grocery,0
4504,543,2024-07-11,2238.14,Entertainment,0
4505,242,2024-12-18,360.55,Electronics,0
4506,586,2026-03-06,8452.85,Entertainment,0
4507,79,2025-01-01,1813.35,Electronics,0
4508,604,2026-06-19,1804.04,Entertainment,0
4509,39,2026-06-25,2401.04,Fuel,0
4510,65,2025-12-28,5828.19,Fuel,0
4511,563,2025-10-07,1510.2,Grocery,0
4512,679,2024-11-30,7263.02,Online Retail,0
4513,287,2026-03-27,828.12,Grocery,0
4514,155,2026-08-21,1689.5,Fuel,0
4515,394,2026-04-22,68.85,Entertainment,0
4516,200,2024-12-03,1855.63,Healthcare,0
4517,212,2024-06-14,493.24,Grocery,0
4518,2,2026-06-10,625.91,Electronics,0
4519,430,2024-01-16,526.03,Travel,0
4520,111,2026-02-16,2489.3,Online Retail,0
4521,532,2024-09-18,2415.03,Travel,1
4522,146,2026-01-19,4895.42,Fuel,0
4523,626,2025-08-02,1751.5,Healthcare,0
4524,480,2024-04-22,4122.56,Online Retail,0
4525,348,2026-06-04,2780.55,Entertainment,0
4526,296,2026-07-01,1353.35,Healthcare,0
4527,211,2024-10-27,6029.1,Healthcare,0
4528,49,2024-06-03,1108.64,Electronics,0
4529,54,2026-04-08,275.73,Fuel,0
4530,398,2025-03-02,86.8,Healthcare,0
4531,598,2025-10-07,1448.04,Fuel,0
4532,486,2026-03-14,2068.82,Healthcare,0
4533,598,2025-09-30,2103.2,Dining,0
4534,518,2025-04-07,67.52,Entertainment,0
4535,248,2025-11-29,3474.06,Entertainment,1
4536,654,2024-03-21,1730.8,Travel,0
4537,146,2025-05-13,4647.46,Entertainment,0
4538,192,2025-08-13,2472.0,Dining,0
4539,472,2025-10-18,3994.53,Healthcare,0
4540,27,2024-08-02,420.34,Online Retail,0
4541,530,2026-02-12,4659.02,Entertainment,0
4542,212,2024-11-17,3235.43,Entertainment,0
4543,506,2025-07-28,1153.62,Fuel,0
4544,518,2025-11-18,8283.0,Electronics,0
4545,50,2024-02-08,13281.93,Fuel,0
4546,230,2026-07-19,1189.25,Fuel,0
4547,689,2025-05-12,4980.82,Online Retail,0
4548,652,2024-01-09,2311.48,Online Retail,0
4549,382,2025-08-05,3844.2,Travel,0
4550,299,2024-09-09,2973.05,Healthcare,0
4551,426,2026-05-03,4841.11,Online Retail,1
4552,512,2024-06-10,129.94,Online Retail,0
4553,32,2024-01-06,3736.26,Dining,0
4554,222,2025-12-08,3129.91,Travel,0
4555,9,2024-02-17,2584.98,Entertainment,0
4556,355,2024-07-13,6680.42,Online Retail,0
4557,89,2024-12-24,653.59,Travel,0
4558,629,2026-04-29,4626.81,Travel,0
4559,274,2026-02-21,1040.5,Online Retail,0
4560,620,2025-08-09,1417.9,Dining,0
4561,662,2025-04-17,1184.36,Grocery,0
4562,191,2025-10-16,2545.19,Grocery,0
4563,510,2024-10-24,4697.02,Fuel,0
4564,34,2026-05-13,2326.05,Electronics,0
4565,700,2025-11-06,5380.7,Healthcare,0
4566,530,2025-07-24,1632.94,Travel,0
4567,476,2025-05-06,324.27,Healthcare,0
4568,407,2025-09-07,2950.06,Healthcare,0
4569,70,2025-07-13,1937.79,Entertainment,0
4570,184,2025-10-28,8124.82,Fuel,0
4571,487,2025-02-21,769.44,Fuel,0
4572,150,2024-10-17,3427.65,Online Retail,0
4573,449,2025-12-07,2338.34,Fuel,0
4574,582,2024-10-24,371.56,Entertainment,0
4575,621,2024-01-16,203.69,Travel,0
4576,47,2024-03-11,228.33,Grocery,0
4577,381,2024-01-02,4687.75,Entertainment,0
4578,92,2025-05-24,2274.3,Healthcare,0
4579,172,2025-10-27,3910.67,Online Retail,0
4580,617,2024-10-07,4082.63,Electronics,0
4581,513,2024-01-26,9215.45,Travel,0
4582,473,2025-09-18,5669.4,Travel,0
4583,528,2024-11-24,2251.33,Entertainment,0
4584,84,2026-02-16,3677.36,Travel,0
4585,360,2024-12-23,563.31,Online Retail,0
4586,161,2025-09-25,427.51,Entertainment,0
4587,67,2025-08-21,1984.93,Online Retail,0
4588,641,2024-10-03,1100.01,Fuel,0
4589,290,2026-01-23,2421.21,Electronics,0
4590,142,2026-03-06,1438.46,Travel,0
4591,588,2026-03-12,5304.55,Grocery,0
4592,495,2024-11-06,3595.33,Electronics,0
4593,213,2024-09-30,1180.1,Fuel,0
4594,573,2024-10-09,4125.93,Online Retail,0
4595,513,2024-06-07,589.66,Electronics,0
4596,187,2026-05-07,2193.1,Travel,0
4597,178,2026-08-14,5413.12,Online Retail,0
4598,121,2026-03-16,133.27,Grocery,0
4599,231,2024-02-12,6929.95,Fuel,1
4600,202,2026-07-09,1506.36,Dining,0
4601,236,2026-03-04,5503.91,Travel,0
4602,141,2024-03-07,1509.9,Dining,0
4603,95,2024-01-20,1254.21,Dining,0
4604,498,2024-08-31,6405.32,Entertainment,0
4605,246,2025-04-17,2741.65,Healthcare,0
4606,71,2024-12-09,5606.76,Entertainment,0
4607,507,2025-09-17,1557.44,Online Retail,0
4608,161,2025-11-07,925.68,Dining,0
4609,281,2025-04-10,5317.41,Travel,0
4610,590,2025-01-04,2239.36,Fuel,1
4611,210,2025-07-04,3173.89,Fuel,0
4612,129,2024-04-11,3415.74,Healthcare,0
4613,491,2024-01-25,4270.29,Dining,0
4614,56,2026-02-12,599.39,Online Retail,0
4615,361,2024-05-30,199.41,Grocery,0
4616,574,2026-08-15,1319.08,Dining,0
4617,306,2025-06-23,1898.18,Travel,0
4618,111,2025-05-29,7543.62,Online Retail,0
4619,558,2026-03-18,4488.49,Grocery,0
4620,510,2024-07-21,176.45,Electronics,0
4621,268,2025-06-18,3142.1,Electronics,0
4622,106,2025-03-30,2214.81,Fuel,0
4623,382,2025-05-01,743.04,Travel,0
4624,546,2026-06-19,4064.87,Grocery,0
4625,23,2026-08-21,7514.0,Entertainment,0
4626,342,2025-01-30,2439.97,Online Retail,1
4627,238,2025-01-15,1542.65,Fuel,0
4628,254,2024-09-18,2575.5,Online Retail,0
4629,166,2025-01-10,3152.8,Travel,0
4630,456,2025-02-25,11035.65,Grocery,0
4631,621,2024-03-13,1025.38,Electronics,0
4632,66,2024-08-14,1081.23,Healthcare,0
4633,15,2026-02-02,5204.68,Dining,0
4634,276,2025-11-29,1385.95,Entertainment,0
4635,491,2024-03-07,97.87,Travel,0
4636,55,2026-05-19,7590.26,Dining,0
4637,530,2024-05-12,7254.57,Healthcare,0
4638,507,2024-06-07,471.57,Online Retail,0
4639,233,2024-02-25,2447.61,Fuel,0
4640,232,2024-05-31,192.44,Fuel,1
4641,180,2024-07-06,4811.96,Entertainment,0
4642,498,2026-05-19,4623.11,Dining,0
4643,116,2025-03-03,2270.11,Travel,0
4644,234,2024-07-08,5882.62,Healthcare,0
4645,194,2024-02-10,233.46,Electronics,0
4646,263,2024-08-28,2889.43,Grocery,0
4647,640,2025-02-05,98.6,Healthcare,0
4648,18,2025-03-05,718.71,Entertainment,1
4649,31,2025-04-14,184.54,Online Retail,0
4650,287,2024-07-14,8519.42,Electronics,0
4651,320,2024-04-18,5677.99,Online Retail,0
4652,697,2025-04-17,118.64,Entertainment,0
4653,186,2024-02-23,3067.21,Electronics,0
4654,392,2026-05-18,4275.58,Electronics,0
4655,488,2024-11-02,5147.9,Travel,0
4656,489,2025-09-28,4333.33,Travel,0
4657,234,2025-09-26,3052.04,Grocery,0
4658,596,2024-02-07,1891.1,Grocery,0
4659,243,2025-08-14,2863.92,Travel,0
4660,303,2025-09-06,757.87,Travel,0
4661,41,2024-05-03,3069.31,Online Retail,1
4662,698,2025-07-20,1602.54,Healthcare,0
4663,638,2024-03-30,189.72,Healthcare,0
4664,173,2025-03-27,601.81,Entertainment,0
4665,366,2024-07-01,5123.67,Entertainment,0
4666,586,2024-11-14,228.14,Online Retail,0
4667,49,2026-05-02,2629.83,Travel,0
4668,472,2026-05-25,1489.18,Electronics,0
4669,527,2026-06-27,5995.07,Travel,0
4670,450,2026-07-24,2703.1,Online Retail,0
4671,547,2025-05-23,1741.86,Healthcare,0
4672,157,2026-04-20,2597.79,Grocery,0
4673,323,2026-05-29,16429.59,Travel,0
4674,444,2024-09-26,1506.99,Dining,0
4675,686,2024-05-08,903.2,Dining,0
4676,42,2025-01-21,2070.84,Fuel,0
4677,159,2025-10-02,3271.81,Electronics,0
4678,229,2024-04-25,1418.96,Grocery,0
4679,591,2025-09-24,15360.64,Grocery,0
4680,536,2024-11-13,822.58,Grocery,0
4681,593,2025-03-14,4362.69,Electronics,0
4682,452,2025-01-06,8034.99,Healthcare,0
4683,365,2025-12-20,21.02,Electronics,0
4684,281,2024-11-17,3551.3,Dining,0
4685,379,2025-04-08,873.43,Online Retail,0
4686,72,2025-09-08,608.06,Entertainment,0
4687,79,2026-04-15,1896.69,Online Retail,0
4688,50,2025-03-22,7588.94,Grocery,0
4689,94,2024-05-12,5344.72,Grocery,0
4690,231,2025-06-29,183.84,Electronics,0
4691,296,2024-01-17,5312.59,Grocery,0
4692,693,2025-10-08,848.05,Electronics,0
4693,643,2025-01-03,6577.54,Dining,1
4694,540,2025-09-22,63.72,Healthcare,0
4695,151,2024-05-05,3816.02,Fuel,0
4696,370,2025-04-30,714.8,Healthcare,0
4697,333,2024-06-23,5268.2,Online Retail,0
4698,438,2025-06-23,9322.61,Grocery,0
4699,45,2024-02-16,1934.43,Travel,0
4700,44,2025-05-24,1183.46,Dining,0
4701,210,2025-02-23,1649.54,Fuel,0
4702,57,2024-05-03,2118.26,Healthcare,0
4703,261,2025-12-19,3702.42,Fuel,0
4704,273,2026-03-27,223.37,Healthcare,0
4705,675,2025-06-26,2531.64,Grocery,0
4706,473,2025-05-22,2188.59,Travel,0
4707,136,2024-12-13,453.47,Entertainment,0
4708,412,2024-09-25,6313.97,Electronics,0
4709,71,2024-01-12,1004.61,Entertainment,0
4710,682,2025-04-12,10953.96,Travel,0
4711,38,2025-05-11,3570.15,Dining,0
4712,158,2024-01-31,4899.15,Grocery,0
4713,366,2024-11-15,2874.83,Fuel,0
4714,481,2025-07-01,1197.26,Electronics,0
4715,364,2024-08-20,2775.01,Dining,0
4716,657,2025-07-31,1834.31,Online Retail,0
4717,138,2025-03-16,325.24,Healthcare,0
4718,700,2026-06-25,1515.09,Online Retail,0
4719,174,2024-06-14,3798.13,Grocery,0
4720,512,2024-02-06,1512.07,Fuel,0
4721,224,2024-11-09,1568.85,Electronics,0
4722,479,2026-02-19,3915.31,Entertainment,0
4723,7,2026-06-22,1489.5,Online Retail,0
4724,504,2025-09-05,14420.16,Fuel,0
4725,572,2025-08-18,1001.94,Electronics,0
4726,239,2025-12-07,5210.09,Entertainment,1
4727,541,2026-08-23,2504.65,Entertainment,0
4728,373,2026-07-07,21962.38,Fuel,0
4729,225,2025-09-04,1367.5,Healthcare,0
4730,408,2024-12-08,4499.33,Online Retail,0
4731,403,2024-04-04,2154.63,Healthcare,0
4732,240,2024-06-11,46.51,Electronics,0
4733,230,2025-10-11,2382.17,Electronics,0
4734,313,2024-03-10,1355.08,Travel,0
4735,19,2026-04-24,3026.34,Electronics,0
4736,403,2025-04-10,930.56,Online Retail,0
4737,413,2026-06-08,8754.9,Healthcare,0
4738,378,2026-04-19,1096.01,Online Retail,0
4739,506,2025-06-24,5026.14,Dining,1
4740,346,2025-02-21,1987.07,Online Retail,0
4741,234,2024-04-27,2978.19,Online Retail,0
4742,563,2026-07-28,2724.19,Grocery,0
4743,169,2025-09-18,1490.87,Online Retail,0
4744,7,2025-02-09,2399.29,Grocery,0
4745,185,2024-05-19,4770.45,Healthcare,0
4746,502,2026-04-13,2505.11,Grocery,0
4747,245,2024-02-24,5662.14,Healthcare,0
4748,118,2025-10-13,1348.89,Grocery,0
4749,328,2024-07-25,2152.36,Online Retail,0
4750,135,2025-09-08,515.05,Grocery,0
4751,529,2024-04-04,3236.2,Online Retail,0
4752,73,2026-02-22,1973.53,Electronics,0
4753,140,2025-03-10,2672.74,Healthcare,0
4754,548,2025-02-26,8323.42,Entertainment,0
4755,495,2026-07-09,2018.14,Dining,0
4756,172,2024-06-29,7520.54,Electronics,0
4757,676,2025-10-05,821.36,Fuel,0
4758,45,2025-07-09,945.24,Grocery,0
4759,127,2025-11-08,864.47,Entertainment,0
4760,160,2025-09-30,423.79,Grocery,0
4761,356,2026-02-22,2519.31,Healthcare,0
4762,358,2024-12-10,3755.45,Online Retail,0
4763,253,2024-08-21,1926.28,Entertainment,0
4764,164,2025-10-23,8035.75,Healthcare,0
4765,421,2025-07-12,558.46,Online Retail,0
4766,282,2026-06-08,998.85,Electronics,0
4767,617,2025-11-26,1827.99,Dining,0
4768,53,2024-08-19,605.56,Fuel,0
4769,621,2024-10-23,2814.06,Entertainment,0
4770,574,2025-11-05,376.71,Fuel,0
4771,311,2025-01-12,2299.35,Travel,0
4772,490,2026-06-20,2142.7,Travel,0
4773,531,2025-11-14,3238.19,Travel,1
4774,620,2024-12-27,7475.04,Online Retail,0
4775,358,2026-02-27,1029.9,Electronics,0
4776,57,2025-11-08,9918.86,Entertainment,0
4777,541,2024-12-18,5700.22,Online Retail,0
4778,108,2025-02-17,3202.55,Electronics,0
4779,620,2025-09-02,394.41,Fuel,0
4780,575,2024-08-28,2751.6,Travel,0
4781,499,2025-10-09,520.08,Fuel,0
4782,244,2024-11-19,4086.66,Dining,0
4783,43,2026-06-24,1385.62,Online Retail,0
4784,302,2025-07-13,6770.25,Electronics,0
4785,172,2026-02-06,6996.93,Healthcare,0
4786,681,2025-06-20,4401.76,Healthcare,0
4787,551,2024-07-08,645.6,Travel,0
4788,131,2025-10-16,1632.39,Healthcare,0
4789,14,2025-09-02,7028.36,Healthcare,0
4790,645,2024-05-24,15225.12,Travel,1
4791,363,2026-07-22,1272.69,Fuel,0
4792,508,2024-03-25,2777.55,Grocery,0
4793,428,2025-01-03,1313.67,Entertainment,0
4794,219,2024-04-30,704.43,Online Retail,0
4795,574,2026-01-16,920.29,Grocery,0
4796,154,2025-02-23,2220.8,Healthcare,0
4797,565,2025-06-09,209.22,Electronics,0
4798,679,2026-05-27,5931.31,Fuel,0
4799,52,2025-03-02,1770.98,Electronics,0
4800,549,2025-04-26,2986.09,Grocery,1
4801,476,2025-07-10,2890.95,Grocery,0
4802,537,2026-06-22,1812.39,Grocery,0
4803,554,2025-02-18,1229.68,Online Retail,1
4804,655,2024-08-31,1067.19,Entertainment,0
4805,74,2024-11-06,5635.06,Healthcare,0
4806,211,2025-06-17,4375.45,Entertainment,1
4807,340,2026-01-12,4605.92,Fuel,0
4808,622,2026-04-16,1038.82,Travel,0
4809,455,2025-06-03,1455.97,Healthcare,0
4810,425,2025-04-11,3142.52,Electronics,0
4811,240,2026-06-30,2912.88,Online Retail,0
4812,87,2025-10-16,5608.03,Electronics,0
4813,260,2024-01-09,4721.22,Online Retail,0
4814,335,2025-09-29,916.13,Travel,0
4815,73,2026-01-20,1394.06,Electronics,0
4816,113,2026-01-22,374.05,Healthcare,0
4817,543,2024-06-02,4238.84,Entertainment,0
4818,172,2025-05-11,12459.37,Online Retail,0
4819,166,2026-01-12,836.85,Dining,0
4820,72,2026-06-30,176.64,Online Retail,0
4821,305,2026-04-28,3875.43,Entertainment,0
4822,31,2026-02-08,605.31,Healthcare,0
4823,362,2026-02-03,5097.53,Dining,0
4824,51,2024-12-09,1831.52,Fuel,0
4825,62,2025-08-01,922.56,Dining,0
4826,684,2024-02-03,1919.16,Fuel,0
4827,302,2024-04-29,8130.89,Online Retail,0
4828,205,2024-09-04,152.06,Electronics,0
4829,107,2026-07-25,5289.51,Healthcare,0
4830,315,2024-08-30,5739.54,Fuel,0
4831,163,2024-11-14,1408.45,Electronics,0
4832,157,2026-02-25,4087.89,Entertainment,0
4833,250,2024-01-28,3126.3,Entertainment,0
4834,94,2024-06-18,5688.48,Fuel,0
4835,343,2024-01-02,1934.35,Grocery,0
4836,287,2025-08-07,339.49,Fuel,0
4837,304,2025-12-21,7151.6,Grocery,0
4838,548,2026-06-25,989.21,Healthcare,0
4839,51,2026-03-23,1374.06,Grocery,1
4840,189,2025-12-09,1728.6,Online Retail,0
4841,246,2026-02-21,6400.76,Fuel,0
4842,269,2026-06-15,10952.79,Online Retail,0
4843,28,2025-06-29,1551.98,Online Retail,0
4844,178,2024-05-03,1621.7,Travel,0
4845,176,2025-09-08,3010.1,Entertainment,0
4846,640,2024-10-30,675.16,Healthcare,0
4847,60,2026-06-03,3908.51,Dining,0
4848,349,2025-06-01,3942.17,Healthcare,0
4849,118,2025-10-09,3091.77,Healthcare,1
4850,683,2025-05-17,394.84,Travel,0
4851,352,2024-12-08,10624.27,Fuel,0
4852,228,2026-06-08,4231.31,Electronics,0
4853,650,2026-07-15,9465.89,Dining,0
4854,452,2026-05-23,493.5,Dining,0
4855,137,2026-07-30,815.25,Fuel,0
4856,499,2024-01-17,1077.38,Travel,0
4857,512,2025-09-04,11051.7,Electronics,0
4858,356,2025-02-14,2876.85,Travel,0
4859,31,2025-07-05,2297.76,Healthcare,0
4860,518,2025-03-17,39.95,Grocery,0
4861,236,2026-07-02,1604.97,Fuel,0
4862,74,2026-03-09,1950.42,Fuel,0
4863,281,2026-01-28,3218.35,Healthcare,0
4864,346,2025-10-03,11193.1,Electronics,0
4865,76,2024-04-25,7960.72,Travel,0
4866,153,2024-06-24,1824.96,Grocery,0
4867,446,2026-07-23,772.53,Electronics,0
4868,470,2024-02-13,1789.94,Online Retail,0
4869,102,2025-12-07,2623.78,Dining,0
4870,171,2025-07-23,4087.29,Online Retail,0
4871,561,2025-12-21,1821.33,Dining,0
4872,63,2026-08-22,1973.47,Online Retail,0
4873,415,2025-01-25,1766.37,Travel,0
4874,292,2025-07-30,11128.65,Fuel,0
4875,519,2024-01-09,2093.62,Fuel,0
4876,26,2024-12-07,2408.69,Online Retail,0
4877,115,2024-09-21,10101.21,Travel,0
4878,575,2026-03-13,7859.12,Travel,0
4879,222,2024-11-18,6954.58,Fuel,0
4880,265,2024-10-24,3083.58,Entertainment,0
4881,494,2025-03-20,1489.13,Fuel,0
4882,329,2025-07-20,744.85,Dining,0
4883,318,2025-11-14,5730.54,Grocery,0
4884,41,2026-08-06,9405.82,Grocery,0
4885,443,2025-03-15,4093.7,Online Retail,0
4886,98,2025-08-17,590.45,Electronics,0
4887,290,2024-12-28,2863.6,Dining,0
4888,246,2025-07-27,6775.67,Grocery,0
4889,471,2024-08-29,848.95,Healthcare,0
4890,474,2024-08-21,904.38,Electronics,0
4891,450,2026-01-19,3825.41,Online Retail,0
4892,432,2025-10-13,4148.17,Dining,0
4893,210,2026-02-06,3669.58,Healthcare,0
4894,244,2025-12-07,7491.35,Dining,0
4895,618,2024-12-20,2365.35,Travel,0
4896,498,2026-02-01,1358.67,Entertainment,0
4897,513,2024-07-31,5351.14,Online Retail,0
4898,609,2024-01-06,13031.01,Online Retail,0
4899,48,2024-08-02,1466.3,Online Retail,0
4900,2,2025-10-31,4730.19,Healthcare,0
4901,27,2025-10-08,8291.75,Entertainment,0
4902,350,2025-12-18,3322.15,Electronics,0
4903,502,2026-01-23,624.58,Online Retail,0
4904,666,2024-08-01,3407.32,Entertainment,0
4905,443,2026-02-04,3947.87,Grocery,0
4906,514,2025-04-04,1886.0,Healthcare,0
4907,648,2026-04-28,1825.74,Fuel,0
4908,120,2024-01-22,418.34,Grocery,0
4909,473,2026-01-05,1108.94,Online Retail,0
4910,466,2025-11-03,1288.87,Travel,0
4911,146,2025-04-18,905.07,Entertainment,0
4912,328,2026-04-28,2234.21,Entertainment,0
4913,30,2024-09-17,6059.83,Travel,0
4914,337,2024-12-25,1228.11,Healthcare,0
4915,373,2024-12-30,8832.88,Travel,0
4916,265,2025-04-13,3751.59,Electronics,0
4917,348,2024-10-03,4781.47,Healthcare,0
4918,444,2025-10-24,298.81,Dining,1
4919,657,2024-04-07,7596.6,Fuel,0
4920,277,2024-02-02,123.68,Travel,0
4921,496,2024-05-20,214.16,Dining,0
4922,307,2025-03-10,6058.69,Healthcare,0
4923,631,2024-01-13,11816.22,Online Retail,0
4924,394,2025-09-09,11849.9,Entertainment,0
4925,530,2024-07-10,3421.43,Grocery,0
4926,204,2026-01-06,1797.1,Healthcare,0
4927,463,2026-03-25,2318.41,Dining,0
4928,178,2026-04-09,2362.6,Online Retail,0
4929,395,2025-06-07,2790.41,Dining,0
4930,136,2025-06-02,1042.31,Electronics,0
4931,407,2025-01-14,2665.47,Grocery,0
4932,126,2024-05-09,1476.55,Entertainment,0
4933,356,2024-08-19,904.29,Entertainment,0
4934,339,2024-08-31,9084.35,Travel,0
4935,588,2025-07-29,4125.62,Entertainment,0
4936,74,2024-01-18,4071.1,Healthcare,0
4937,165,2026-08-07,2857.96,Fuel,0
4938,498,2024-04-25,1046.1,Fuel,0
4939,641,2024-12-05,2599.69,Travel,0
4940,566,2024-11-20,11501.16,Healthcare,0
4941,392,2026-04-06,4135.85,Online Retail,0
4942,188,2025-09-03,2219.11,Entertainment,0
4943,307,2026-07-04,3630.06,Entertainment,0
4944,600,2026-06-06,1765.43,Entertainment,0
4945,148,2026-02-06,1667.48,Healthcare,0
4946,690,2024-05-23,6336.45,Online Retail,0
4947,194,2025-07-30,2872.8,Travel,0
4948,339,2025-08-06,4305.8,Dining,0
4949,409,2024-10-21,2720.87,Online Retail,0
4950,207,2024-02-06,5152.11,Fuel,0
4951,107,2024-02-02,1642.85,Electronics,0
4952,218,2025-01-10,1962.74,Online Retail,0
4953,3,2025-12-19,10662.04,Online Retail,0
4954,447,2024-06-12,211.71,Travel,0
4955,182,2026-07-21,5031.7,Electronics,0
4956,311,2024-10-06,3141.81,Online Retail,0
4957,213,2025-11-02,2070.32,Healthcare,0
4958,141,2024-02-17,1091.07,Entertainment,0
4959,659,2024-02-05,7277.84,Online Retail,0
4960,240,2025-05-08,11725.62,Online Retail,0
4961,408,2024-05-15,1934.32,Grocery,0
4962,238,2025-09-11,4613.3,Dining,0
4963,285,2025-01-18,4456.42,Fuel,0
4964,175,2024-08-13,4760.37,Grocery,0
4965,689,2026-08-22,565.55,Dining,0
4966,422,2025-01-21,6681.58,Grocery,0
4967,258,2024-03-23,331.98,Entertainment,0
4968,389,2024-05-17,4405.58,Electronics,0
4969,671,2024-11-05,7944.03,Fuel,0
4970,435,2025-05-01,1533.59,Online Retail,0
4971,660,2025-06-22,3071.88,Grocery,0
4972,465,2025-03-11,5257.33,Travel,0
4973,483,2024-04-19,2031.65,Healthcare,0
4974,262,2024-09-09,965.12,Fuel,0
4975,368,2024-04-24,4726.09,Entertainment,0
4976,424,2025-05-18,733.8,Grocery,0
4977,576,2024-03-07,143.82,Fuel,0
4978,520,2026-01-25,2925.88,Online Retail,0
4979,227,2025-05-05,2043.38,Entertainment,0
4980,301,2024-10-05,4788.38,Fuel,1
4981,258,2024-10-06,3146.36,Travel,0
4982,690,2024-02-08,13239.55,Electronics,0
4983,145,2024-02-08,7498.59,Travel,0
4984,407,2025-10-03,3491.14,Electronics,0
4985,179,2025-05-04,6772.15,Entertainment,0
4986,93,2024-05-03,8458.57,Electronics,0
4987,96,2025-12-13,8458.33,Dining,0
4988,15,2026-08-02,837.49,Grocery,0
4989,596,2025-10-14,1088.9,Entertainment,0
4990,584,2026-05-12,9712.5,Dining,0
4991,1,2025-10-29,3019.99,Entertainment,0
4992,188,2026-06-20,3206.78,Fuel,0
4993,298,2025-06-20,4246.07,Fuel,0
4994,108,2026-03-04,2382.06,Healthcare,0
4995,255,2026-01-31,10484.04,Healthcare,0
4996,648,2024-11-20,3769.33,Entertainment,0
4997,272,2024-03-01,6204.89,Healthcare,0
4998,357,2025-02-15,1864.92,Entertainment,0
4999,591,2024-07-04,2177.58,Travel,0
5000,2,2026-04-29,1045.08,Grocery,0
5001,575,2025-11-16,5556.0,Dining,0
5002,319,2026-05-20,2551.23,Electronics,0
5003,465,2024-11-23,5564.9,Entertainment,0
5004,671,2025-06-14,5105.0,Online Retail,0
5005,483,2024-08-20,924.82,Fuel,0
5006,211,2025-04-10,2264.52,Fuel,0
5007,563,2024-01-27,793.41,Travel,0
5008,168,2024-12-08,947.83,Healthcare,1
5009,270,2026-04-26,700.56,Electronics,0
5010,453,2025-08-22,1156.6,Healthcare,0
5011,316,2026-03-28,1424.42,Dining,0
5012,597,2026-01-17,15572.86,Dining,0
5013,172,2024-02-28,2022.5,Dining,0
5014,449,2025-04-12,5854.16,Entertainment,0
5015,167,2024-10-23,4527.6,Dining,0
5016,415,2024-04-25,3744.87,Grocery,0
5017,655,2024-07-28,6492.67,Healthcare,0
5018,681,2024-01-10,3496.39,Entertainment,0
5019,533,2024-07-20,1048.23,Entertainment,0
5020,445,2025-10-18,4140.85,Travel,0
5021,318,2024-09-08,5091.84,Dining,0
5022,221,2025-12-08,769.33,Travel,0
5023,28,2024-10-16,3448.59,Healthcare,0
5024,356,2024-02-22,6228.82,Online Retail,0
5025,520,2025-11-19,2767.89,Online Retail,0
5026,585,2024-06-10,12057.05,Entertainment,0
5027,664,2026-08-03,1500.49,Healthcare,0
5028,128,2025-02-23,2086.26,Electronics,0
5029,649,2024-02-14,4306.26,Dining,0
5030,195,2024-08-19,1628.19,Entertainment,0
5031,500,2024-11-10,1584.55,Dining,0
5032,522,2025-04-30,7915.55,Travel,0
5033,454,2025-10-12,2119.27,Travel,0
5034,294,2024-11-05,6278.17,Online Retail,0
5035,85,2024-10-25,896.11,Online Retail,0
5036,351,2026-06-23,2065.54,Dining,0
5037,60,2024-07-05,1972.34,Travel,0
5038,440,2025-12-15,2128.3,Grocery,0
5039,186,2024-06-12,902.18,Dining,0
5040,136,2024-09-12,1834.79,Travel,0
5041,395,2025-08-05,2736.09,Fuel,1
5042,174,2024-04-05,253.38,Grocery,0
5043,640,2024-05-27,1541.75,Healthcare,0
5044,70,2026-04-11,4266.45,Travel,0
5045,610,2024-04-04,1274.12,Online Retail,0
5046,542,2024-05-19,3342.0,Dining,0
5047,215,2025-12-31,1171.02,Fuel,1
5048,399,2025-04-03,2516.17,Entertainment,0
5049,257,2024-12-01,139.62,Grocery,0
5050,168,2026-03-13,4161.11,Travel,0
5051,218,2026-05-22,1586.04,Grocery,0
5052,240,2024-04-24,5689.51,Healthcare,0
5053,372,2025-04-28,2259.91,Travel,0
5054,406,2026-06-20,1741.91,Dining,0
5055,567,2024-05-08,1352.62,Grocery,0
5056,400,2025-02-05,1570.72,Fuel,0
5057,549,2024-07-06,1507.17,Electronics,0
5058,645,2024-05-24,1144.97,Grocery,0
5059,621,2026-05-09,1263.42,Entertainment,0
5060,286,2025-09-25,11442.98,Fuel,0
5061,366,2024-05-02,2325.98,Electronics,0
5062,565,2024-11-26,261.82,Travel,0
5063,461,2024-11-03,264.31,Healthcare,0
5064,92,2026-06-19,11669.75,Dining,1
5065,668,2024-10-22,2235.72,Online Retail,0
5066,537,2024-04-19,690.04,Travel,0
5067,473,2026-08-21,6249.51,Electronics,0
5068,693,2024-03-02,1303.12,Grocery,0
5069,117,2026-08-08,2638.64,Electronics,0
5070,620,2024-11-10,3058.35,Entertainment,0
5071,229,2025-11-05,763.36,Grocery,0
5072,569,2025-06-13,1338.86,Grocery,0
5073,53,2024-08-17,4749.96,Grocery,0
5074,390,2025-06-15,7993.52,Online Retail,0
5075,78,2024-06-23,5181.77,Entertainment,0
5076,665,2025-05-07,3532.85,Dining,0
5077,345,2024-02-28,1730.12,Entertainment,0
5078,599,2024-08-16,3954.99,Travel,0
5079,517,2024-02-29,4615.37,Entertainment,0
5080,339,2025-09-01,7821.16,Dining,0
5081,133,2026-07-06,2522.55,Travel,0
5082,328,2024-02-11,14773.19,Entertainment,0
5083,225,2025-08-11,5861.26,Grocery,0
5084,178,2025-05-06,2280.55,Grocery,0
5085,236,2024-07-12,6804.66,Healthcare,0
5086,161,2025-11-06,1807.81,Entertainment,0
5087,589,2026-01-31,1316.17,Travel,0
5088,637,2026-06-23,275.3,Fuel,0
5089,129,2024-03-15,11260.38,Electronics,0
5090,149,2024-06-24,1743.81,Electronics,0
5091,24,2025-05-24,4562.83,Dining,0
5092,293,2026-01-20,5931.43,Entertainment,0
5093,437,2024-07-09,1816.02,Grocery,0
5094,185,2024-12-12,2003.8,Entertainment,0
5095,369,2025-03-13,263.85,Grocery,0
5096,236,2025-10-05,820.91,Entertainment,0
5097,2,2024-08-11,423.44,Fuel,0
5098,167,2024-10-15,13514.95,Healthcare,0
5099,536,2024-05-13,2150.99,Online Retail,0
5100,618,2024-07-25,1259.67,Healthcare,0
5101,297,2026-06-22,1657.21,Fuel,0
5102,407,2026-01-01,2607.36,Electronics,0
5103,384,2026-06-15,1054.75,Grocery,0
5104,213,2026-07-05,4443.35,Healthcare,0
5105,470,2025-04-25,5935.74,Grocery,0
5106,286,2024-06-14,2196.51,Online Retail,0
5107,36,2026-02-05,1393.7,Electronics,0
5108,270,2026-08-20,1782.93,Online Retail,0
5109,121,2024-07-15,861.51,Travel,0
5110,335,2026-01-17,2029.05,Entertainment,0
5111,325,2025-01-22,4846.67,Online Retail,0
5112,328,2026-06-23,9409.37,Dining,0
5113,121,2024-08-07,3526.52,Grocery,0
5114,664,2025-10-02,4751.39,Travel,0
5115,82,2024-03-22,2240.04,Electronics,0
5116,206,2026-06-24,6460.54,Online Retail,0
5117,228,2025-02-17,1121.99,Online Retail,0
5118,319,2025-04-24,573.12,Dining,0
5119,299,2025-12-27,2130.17,Dining,0
5120,692,2024-08-12,3904.37,Fuel,0
5121,595,2025-12-27,521.93,Dining,0
5122,39,2024-04-22,10747.24,Dining,0
5123,417,2025-03-08,891.44,Grocery,0
5124,361,2024-11-21,1606.68,Healthcare,0
5125,651,2025-03-11,3913.79,Travel,0
5126,239,2025-07-15,3421.2,Dining,0
5127,321,2025-08-10,6636.14,Travel,0
5128,651,2024-07-21,4965.68,Entertainment,0
5129,331,2026-06-28,925.8,Entertainment,0
5130,425,2025-10-05,1673.39,Entertainment,0
5131,219,2024-05-26,4234.52,Fuel,0
5132,549,2024-05-31,2224.38,Travel,0
5133,58,2025-01-29,899.08,Electronics,0
5134,684,2026-08-05,139.78,Fuel,0
5135,121,2026-06-02,7947.46,Online Retail,0
5136,404,2024-08-22,1584.13,Online Retail,0
5137,48,2025-06-18,4192.18,Entertainment,0
5138,68,2024-11-16,983.93,Entertainment,0
5139,493,2026-02-12,3555.88,Grocery,0
5140,551,2025-12-23,203.84,Dining,0
5141,245,2025-03-27,965.17,Fuel,0
5142,40,2024-12-07,1860.72,Fuel,0
5143,23,2026-06-17,1124.51,Dining,0
5144,655,2025-02-11,1330.57,Online Retail,0
5145,527,2026-05-18,5132.44,Fuel,1
5146,271,2024-01-30,1569.13,Fuel,0
5147,179,2025-03-10,757.05,Grocery,0
5148,492,2025-06-14,1601.66,Travel,0
5149,626,2024-01-05,1943.55,Electronics,1
5150,461,2024-03-02,1783.28,Travel,0
5151,577,2025-07-06,1932.52,Fuel,0
5152,596,2025-12-30,446.29,Travel,0
5153,213,2024-07-17,3090.21,Dining,0
5154,513,2026-05-26,2099.46,Travel,0
5155,166,2024-08-22,7750.88,Online Retail,0
5156,157,2024-02-20,5493.35,Fuel,0
5157,696,2025-02-22,999.99,Online Retail,1
5158,229,2024-04-17,956.56,Grocery,0
5159,574,2025-03-14,5646.3,Healthcare,1
5160,242,2024-02-05,796.36,Healthcare,0
5161,649,2026-04-19,873.54,Healthcare,0
5162,195,2025-09-17,3320.9,Grocery,0
5163,12,2024-01-31,1319.29,Entertainment,0
5164,325,2026-06-16,3348.01,Online Retail,0
5165,419,2024-10-14,235.2,Fuel,0
5166,269,2025-05-07,1588.37,Grocery,0
5167,187,2025-09-08,6131.91,Healthcare,0
5168,580,2025-01-28,925.28,Entertainment,0
5169,263,2025-08-29,1383.72,Entertainment,0
5170,491,2024-06-04,1894.25,Fuel,0
5171,64,2024-11-05,1463.42,Dining,0
5172,612,2025-10-22,235.79,Dining,0
5173,524,2024-06-22,5729.55,Grocery,0
5174,118,2024-11-04,2050.96,Dining,0
5175,368,2024-09-27,3585.89,Healthcare,0
5176,525,2024-05-02,6472.8,Entertainment,0
5177,555,2026-05-20,1368.98,Grocery,0
5178,295,2026-08-16,3142.41,Electronics,0
5179,82,2024-09-13,51.65,Travel,0
5180,42,2026-04-11,2336.23,Dining,0
5181,699,2025-04-24,356.94,Healthcare,0
5182,77,2024-08-19,3658.93,Fuel,0
5183,244,2026-07-07,4304.17,Electronics,0
5184,600,2024-05-06,1097.67,Electronics,0
5185,667,2024-04-25,4040.5,Electronics,0
5186,331,2025-02-04,1727.44,Electronics,0
5187,474,2026-04-28,7375.88,Healthcare,1
5188,359,2024-10-18,503.33,Grocery,1
5189,77,2025-12-25,2036.46,Travel,0
5190,344,2026-05-02,2960.2,Healthcare,0
5191,548,2025-04-18,4877.86,Fuel,0
5192,439,2024-05-02,4547.76,Grocery,0
5193,393,2026-07-14,1510.08,Travel,0
5194,583,2026-02-24,1797.99,Electronics,0
5195,133,2024-03-13,888.15,Travel,1
5196,398,2025-07-20,6720.72,Fuel,0
5197,132,2026-04-13,9191.85,Healthcare,0
5198,44,2025-07-07,171.31,Entertainment,0
5199,668,2024-07-11,5560.93,Healthcare,0
5200,545,2026-06-30,4311.34,Fuel,0
5201,699,2024-12-11,33.53,Dining,0
5202,321,2024-01-01,5178.61,Dining,0
5203,404,2024-04-29,7682.54,Fuel,1
5204,44,2025-03-23,4750.16,Electronics,1
5205,132,2025-04-27,808.11,Online Retail,0
5206,59,2025-08-29,10497.33,Grocery,0
5207,239,2024-06-13,5852.06,Travel,0
5208,286,2024-04-07,872.74,Healthcare,0
5209,149,2024-09-05,3766.64,Healthcare,0
5210,545,2024-02-25,3560.61,Travel,0
5211,426,2024-02-28,478.31,Entertainment,0
5212,305,2025-09-14,2666.78,Dining,0
5213,281,2024-10-24,3390.11,Electronics,0
5214,397,2024-06-02,1428.55,Entertainment,0
5215,265,2024-06-08,8396.49,Travel,0
5216,541,2026-02-18,1911.02,Dining,0
5217,561,2025-10-30,4055.26,Electronics,0
5218,129,2024-02-13,2539.66,Electronics,0
5219,675,2025-09-14,1086.27,Grocery,0
5220,320,2025-08-22,3164.87,Dining,0
5221,138,2025-10-10,2258.05,Fuel,0
5222,596,2026-02-08,10353.98,Fuel,0
5223,291,2025-10-21,5620.39,Travel,0
5224,105,2025-11-25,302.29,Grocery,0
5225,376,2024-04-10,1034.52,Travel,0
5226,287,2026-06-15,854.43,Entertainment,0
5227,173,2024-07-27,31.34,Dining,0
5228,509,2026-01-08,4400.17,Electronics,0
5229,282,2025-12-20,3669.93,Online Retail,0
5230,370,2025-04-16,645.9,Dining,0
5231,40,2025-04-15,681.29,Travel,0
5232,259,2026-05-26,110.17,Travel,0
5233,29,2025-09-06,940.76,Fuel,0
5234,198,2024-09-09,3513.47,Entertainment,0
5235,551,2024-02-25,11334.84,Healthcare,0
5236,648,2024-05-11,322.31,Fuel,0
5237,238,2025-01-11,3223.91,Grocery,0
5238,490,2025-10-11,12633.46,Online Retail,0
5239,496,2025-03-03,2061.45,Electronics,0
5240,548,2026-01-13,2009.03,Healthcare,1
5241,59,2025-11-06,2479.39,Fuel,0
5242,209,2025-11-22,2184.82,Electronics,0
5243,470,2026-06-08,4601.96,Travel,0
5244,207,2024-03-19,15822.24,Dining,0
5245,458,2025-07-14,1080.96,Entertainment,0
5246,629,2024-11-29,430.18,Online Retail,0
5247,576,2026-01-12,709.69,Grocery,0
5248,343,2026-02-26,4922.82,Fuel,0
5249,144,2025-09-19,2922.02,Travel,0
5250,224,2025-12-20,5676.65,Healthcare,0
5251,386,2026-06-06,172.92,Grocery,0
5252,522,2025-06-26,1926.04,Entertainment,0
5253,631,2026-03-01,4462.75,Grocery,0
5254,591,2024-04-12,162.89,Fuel,0
5255,154,2024-08-29,3195.53,Grocery,0
5256,78,2026-06-04,2002.66,Dining,0
5257,88,2024-08-04,9221.97,Dining,0
5258,154,2024-01-10,371.58,Fuel,0
5259,242,2026-06-08,6095.08,Travel,0
5260,29,2024-12-15,1481.07,Entertainment,0
5261,676,2025-08-05,151.34,Dining,0
5262,244,2026-01-21,1162.12,Entertainment,0
5263,111,2025-03-14,5472.53,Travel,0
5264,373,2024-01-20,5063.79,Online Retail,0
5265,84,2025-11-13,4029.97,Grocery,0
5266,597,2025-09-29,711.91,Travel,0
5267,699,2024-10-01,9420.38,Fuel,0
5268,640,2025-10-04,2454.78,Travel,0
5269,276,2026-02-27,1919.28,Travel,0
5270,446,2026-08-15,2433.63,Dining,0
5271,105,2025-05-29,449.21,Fuel,0
5272,33,2024-03-05,173.24,Dining,0
5273,392,2026-04-29,2051.77,Healthcare,0
5274,523,2025-02-27,91.81,Fuel,0
5275,10,2025-09-19,5264.05,Entertainment,0
5276,696,2026-05-15,8036.02,Electronics,0
5277,298,2024-09-10,15062.15,Healthcare,0
5278,433,2024-01-04,1032.06,Travel,0
5279,26,2026-07-30,5073.37,Travel,0
5280,621,2024-06-06,4835.4,Healthcare,0
5281,396,2025-01-27,2113.85,Electronics,0
5282,336,2026-02-09,3811.06,Entertainment,0
5283,438,2026-01-16,7080.93,Fuel,0
5284,583,2024-06-09,1621.94,Fuel,0
5285,3,2024-09-06,4163.71,Healthcare,0
5286,35,2025-11-02,3711.5,Fuel,0
5287,359,2025-02-10,3048.85,Healthcare,0
5288,547,2025-05-05,875.35,Travel,0
5289,662,2025-12-20,650.31,Dining,0
5290,65,2026-04-18,1642.44,Electronics,0
5291,279,2025-11-09,5323.13,Healthcare,0
5292,547,2024-06-17,3067.33,Entertainment,0
5293,669,2026-07-04,4082.79,Electronics,0
5294,179,2025-07-02,3802.33,Entertainment,0
5295,675,2026-02-16,14204.25,Grocery,0
5296,565,2025-08-20,4858.08,Healthcare,0
5297,169,2024-11-12,872.12,Entertainment,0
5298,571,2025-09-26,2066.44,Healthcare,0
5299,405,2026-04-21,5750.74,Entertainment,0
5300,592,2026-03-15,123.73,Entertainment,0
5301,582,2026-06-17,2349.13,Online Retail,0
5302,142,2024-02-22,1543.01,Electronics,0
5303,497,2026-07-19,725.74,Travel,0
5304,321,2024-11-14,668.58,Electronics,0
5305,533,2026-05-27,4681.17,Grocery,0
5306,97,2025-05-29,5301.78,Dining,0
5307,183,2025-11-08,1595.71,Grocery,0
5308,161,2026-02-01,1752.36,Electronics,0
5309,643,2026-02-14,2159.88,Grocery,0
5310,257,2024-11-07,10599.92,Healthcare,0
5311,165,2025-09-23,4430.8,Travel,1
5312,515,2025-07-04,5738.05,Healthcare,0
5313,452,2024-11-07,1622.95,Travel,0
5314,446,2024-02-06,4375.28,Fuel,0
5315,620,2026-03-06,477.71,Travel,0
5316,634,2025-02-16,4170.09,Fuel,0
5317,252,2024-08-09,2504.42,Entertainment,0
5318,673,2024-11-24,502.23,Dining,0
5319,387,2025-02-24,9001.54,Electronics,0
5320,623,2026-08-28,4564.1,Travel,0
5321,484,2024-11-30,15302.51,Grocery,0
5322,57,2024-05-09,856.73,Online Retail,0
5323,650,2024-06-16,1981.71,Dining,0
5324,405,2026-06-14,4642.5,Dining,0
5325,314,2026-02-17,3153.59,Healthcare,0
5326,239,2024-01-04,4707.6,Fuel,0
5327,423,2025-04-05,693.7,Dining,0
5328,646,2024-09-19,2585.18,Electronics,0
5329,100,2025-05-28,1092.05,Online Retail,0
5330,157,2025-08-08,3499.46,Dining,0
5331,46,2025-05-04,4286.1,Online Retail,0
5332,138,2025-04-19,2464.11,Grocery,0
5333,16,2025-11-03,5223.89,Electronics,0
5334,148,2025-11-25,475.76,Entertainment,0
5335,334,2024-06-20,5385.88,Online Retail,0
5336,580,2025-10-31,10575.54,Fuel,0
5337,383,2025-05-03,596.21,Grocery,0
5338,158,2025-02-02,551.8,Fuel,0
5339,61,2024-09-10,8101.89,Online Retail,0
5340,621,2025-06-23,3051.43,Healthcare,0
5341,127,2026-08-05,4825.79,Entertainment,0
5342,538,2025-03-30,1150.07,Healthcare,0
5343,187,2024-02-28,1503.7,Grocery,0
5344,442,2024-08-25,6782.31,Travel,0
5345,624,2026-06-24,1772.95,Electronics,0
5346,638,2026-02-21,1318.18,Electronics,0
5347,70,2024-02-28,163.3,Entertainment,0
5348,358,2026-02-24,1478.76,Dining,0
5349,343,2024-04-16,562.21,Entertainment,0
5350,616,2024-10-19,741.73,Entertainment,0
5351,553,2026-06-02,1008.59,Dining,0
5352,102,2025-09-23,5670.11,Fuel,0
5353,610,2025-09-23,141.95,Electronics,0
5354,255,2024-07-28,2729.63,Electronics,0
5355,486,2024-11-12,1575.65,Online Retail,0
5356,125,2024-03-31,3288.97,Healthcare,0
5357,186,2025-07-27,3784.9,Fuel,0
5358,51,2025-04-19,992.27,Electronics,0
5359,85,2024-06-10,5895.2,Dining,0
5360,653,2024-10-11,10984.73,Fuel,0
5361,111,2024-03-04,505.88,Online Retail,0
5362,437,2024-03-03,4478.28,Grocery,0
5363,540,2024-02-17,2141.57,Electronics,0
5364,54,2024-11-10,2518.1,Electronics,0
5365,208,2024-09-20,6040.77,Healthcare,0
5366,337,2024-07-02,4446.12,Travel,0
5367,237,2024-06-23,1742.46,Online Retail,0
5368,617,2026-07-14,6696.81,Electronics,1
5369,123,2025-01-28,2208.47,Grocery,0
5370,508,2025-05-20,1007.05,Grocery,0
5371,305,2026-05-04,2902.17,Dining,0
5372,272,2026-08-30,7442.61,Grocery,0
5373,235,2025-01-04,302.47,Fuel,0
5374,474,2026-01-19,4133.25,Travel,0
5375,250,2025-01-23,96.33,Dining,0
5376,440,2024-09-18,4811.99,Fuel,0
5377,24,2024-04-27,3548.04,Dining,0
5378,193,2024-12-05,8769.15,Healthcare,0
5379,324,2026-08-21,403.99,Healthcare,0
5380,154,2024-06-14,3163.63,Fuel,0
5381,79,2024-05-21,958.85,Fuel,0
5382,155,2024-09-06,1646.67,Fuel,0
5383,375,2024-11-25,10031.94,Electronics,0
5384,671,2025-01-07,3342.02,Dining,0
5385,469,2026-07-11,4109.55,Fuel,0
5386,634,2026-06-25,1573.52,Entertainment,0
5387,383,2025-03-19,2396.92,Travel,0
5388,22,2026-05-15,6172.56,Online Retail,0
5389,103,2024-11-25,8742.17,Electronics,0
5390,532,2025-01-19,2436.34,Grocery,0
5391,432,2025-11-28,7384.99,Entertainment,0
5392,589,2026-04-26,2361.33,Travel,0
5393,289,2024-02-02,1052.74,Online Retail,0
5394,654,2025-07-27,3006.38,Travel,0
5395,252,2024-11-09,916.16,Travel,0
5396,589,2025-01-16,3230.95,Healthcare,0
5397,105,2025-07-19,505.63,Travel,0
5398,317,2025-05-15,4595.85,Grocery,0
5399,697,2026-08-24,560.31,Dining,0
5400,557,2025-03-06,1061.13,Healthcare,0
5401,275,2026-08-01,1292.73,Healthcare,0
5402,629,2025-10-24,652.66,Fuel,0
5403,320,2025-09-02,2319.38,Healthcare,0
5404,661,2025-06-05,10.93,Healthcare,1
5405,67,2024-11-27,2028.06,Fuel,0
5406,579,2025-07-25,3344.23,Dining,0
5407,473,2025-06-20,484.24,Healthcare,0
5408,125,2024-04-13,3614.86,Online Retail,0
5409,198,2026-06-29,7156.96,Fuel,0
5410,573,2026-05-14,1318.71,Grocery,0
5411,519,2025-10-12,2596.12,Healthcare,0
5412,134,2025-10-14,366.56,Grocery,0
5413,47,2024-05-25,3644.18,Healthcare,0
5414,222,2025-08-04,4430.82,Fuel,0
5415,208,2026-08-05,287.41,Fuel,0
5416,438,2024-04-30,4526.96,Entertainment,0
5417,522,2026-05-29,1722.81,Electronics,0
5418,194,2024-12-08,1388.95,Dining,0
5419,278,2024-07-30,5946.77,Online Retail,0
5420,131,2026-05-29,1254.03,Entertainment,0
5421,24,2025-10-02,407.71,Healthcare,0
5422,640,2026-02-20,2101.25,Online Retail,0
5423,553,2026-05-06,4977.7,Fuel,0
5424,553,2024-01-11,2211.57,Entertainment,0
5425,676,2024-08-03,1735.99,Online Retail,0
5426,29,2024-08-18,3871.7,Fuel,0
5427,264,2026-06-19,838.7,Dining,0
5428,520,2025-05-27,2722.51,Travel,0
5429,436,2024-06-24,106.11,Grocery,0
5430,550,2025-11-11,3669.1,Online Retail,0
5431,261,2024-12-14,6309.05,Healthcare,0
5432,65,2025-07-16,8417.8,Grocery,0
5433,389,2026-07-08,5371.5,Dining,0
5434,518,2024-09-20,4362.78,Travel,0
5435,517,2026-07-11,2182.05,Entertainment,0
5436,123,2025-12-25,4599.14,Healthcare,0
5437,444,2024-01-23,2486.78,Grocery,0
5438,443,2025-01-19,487.7,Dining,0
5439,221,2026-04-24,6575.0,Healthcare,1
5440,183,2026-04-15,106.38,Online Retail,0
5441,137,2025-11-07,1435.42,Electronics,0
5442,77,2025-11-04,984.88,Dining,0
5443,382,2026-04-29,2549.51,Grocery,0
5444,220,2024-05-18,5194.54,Electronics,0
5445,462,2025-03-26,4209.89,Dining,0
5446,413,2024-12-08,208.87,Healthcare,0
5447,403,2026-08-14,503.77,Electronics,0
5448,675,2026-01-17,4392.62,Fuel,0
5449,90,2025-12-30,13697.75,Online Retail,0
5450,27,2024-04-03,1245.7,Healthcare,0
5451,249,2026-01-10,1587.7,Fuel,0
5452,18,2026-03-26,345.77,Electronics,0
5453,522,2025-02-20,1988.37,Healthcare,0
5454,260,2026-04-21,2600.67,Entertainment,0
5455,103,2025-01-17,6243.34,Healthcare,0
5456,59,2025-09-28,3898.95,Electronics,0
5457,619,2024-07-19,5020.75,Travel,0
5458,264,2025-05-13,1968.17,Grocery,0
5459,327,2024-02-26,10203.78,Healthcare,0
5460,119,2024-04-26,348.1,Electronics,0
5461,554,2026-05-28,2058.51,Entertainment,0
5462,517,2025-11-14,1976.94,Fuel,0
5463,239,2025-07-29,1051.36,Travel,0
5464,596,2025-01-29,7233.45,Dining,0
5465,252,2025-06-28,11.26,Travel,0
5466,633,2025-11-19,637.69,Grocery,0
5467,677,2024-11-25,2593.47,Electronics,0
5468,324,2024-11-11,1688.33,Fuel,0
5469,398,2025-12-22,2126.34,Entertainment,0
5470,587,2025-06-10,728.79,Electronics,0
5471,72,2025-01-31,1279.68,Entertainment,0
5472,335,2025-03-11,5976.24,Electronics,0
5473,671,2026-02-28,4181.78,Online Retail,0
5474,141,2025-05-19,2278.02,Entertainment,0
5475,263,2024-03-18,4817.25,Grocery,0
5476,597,2026-03-19,5749.51,Travel,0
5477,498,2024-08-29,11692.18,Fuel,0
5478,343,2024-03-13,4583.34,Fuel,0
5479,90,2024-10-03,5538.29,Healthcare,0
5480,127,2024-04-26,939.57,Travel,0
5481,599,2024-01-23,3589.19,Grocery,0
5482,357,2025-11-12,2464.9,Online Retail,0
5483,672,2025-10-08,5688.85,Dining,0
5484,72,2024-10-27,5420.46,Electronics,0
5485,268,2025-11-15,5255.47,Grocery,0
5486,66,2024-02-07,6907.47,Travel,0
5487,102,2025-02-07,3911.87,Entertainment,0
5488,8,2025-07-15,1045.43,Grocery,0
5489,391,2026-02-14,4285.9,Online Retail,0
5490,166,2024-09-23,5617.18,Travel,0
5491,114,2026-07-18,5781.98,Fuel,0
5492,617,2024-12-29,1474.33,Healthcare,0
5493,310,2025-12-19,110.51,Travel,0
5494,379,2024-06-24,8038.66,Dining,0
5495,436,2025-10-18,1321.42,Dining,0
5496,304,2025-07-01,2040.21,Online Retail,0
5497,98,2025-03-14,1666.8,Healthcare,0
5498,343,2024-09-04,2921.9,Dining,0
5499,664,2025-06-23,1697.36,Grocery,0
5500,481,2025-02-04,2673.02,Fuel,0
5501,494,2024-10-07,922.81,Online Retail,0
5502,399,2025-05-27,7250.26,Dining,0
5503,253,2024-08-26,4058.35,Dining,0
5504,328,2025-09-29,2649.78,Online Retail,0
5505,291,2024-01-26,43.44,Dining,0
5506,408,2024-08-26,724.2,Online Retail,0
5507,594,2025-04-13,4798.13,Online Retail,0
5508,11,2024-05-04,870.98,Grocery,0
5509,334,2024-08-07,3708.16,Grocery,0
5510,187,2025-02-18,1756.46,Entertainment,0
5511,691,2025-03-31,2654.19,Fuel,0
5512,103,2024-11-28,1834.23,Healthcare,0
5513,44,2026-03-03,2011.53,Fuel,0
5514,492,2025-05-13,4678.3,Travel,1
5515,190,2024-12-23,4814.86,Grocery,0
5516,154,2025-05-15,2914.72,Healthcare,0
5517,363,2024-11-09,4915.51,Grocery,0
5518,651,2024-02-19,447.67,Dining,0
5519,96,2025-03-11,2407.87,Dining,1
5520,378,2024-12-19,1525.83,Electronics,0
5521,250,2025-04-28,1465.66,Entertainment,0
5522,131,2025-05-16,1298.73,Fuel,0
5523,364,2024-09-22,6546.51,Fuel,0
5524,674,2025-03-19,684.98,Dining,0
5525,183,2025-08-07,1307.73,Fuel,0
5526,154,2024-08-23,2895.84,Entertainment,0
5527,116,2024-01-29,1393.73,Entertainment,0
5528,433,2024-06-29,1370.6,Travel,0
5529,188,2025-04-18,1611.42,Fuel,0
5530,415,2025-11-04,4138.49,Travel,0
5531,58,2025-09-24,6876.22,Grocery,0
5532,493,2026-01-24,4762.89,Online Retail,0
5533,138,2025-03-30,11012.49,Healthcare,0
5534,62,2026-05-06,9330.24,Dining,0
5535,43,2026-08-11,190.16,Entertainment,0
5536,556,2024-01-17,6663.49,Healthcare,0
5537,667,2024-05-31,9093.14,Entertainment,0
5538,292,2025-01-24,3983.37,Grocery,0
5539,113,2025-03-17,2036.89,Electronics,0
5540,578,2024-07-19,885.65,Travel,0
5541,1,2024-10-11,4442.21,Fuel,0
5542,224,2024-02-13,494.62,Entertainment,0
5543,671,2026-05-30,2761.38,Dining,0
5544,274,2026-02-06,357.24,Electronics,0
5545,532,2024-06-24,2838.05,Dining,0
5546,253,2025-01-25,5787.23,Dining,0
5547,187,2025-05-23,3187.46,Travel,0
5548,224,2025-03-11,4505.01,Online Retail,0
5549,616,2025-02-17,372.59,Grocery,0
5550,314,2025-06-22,10697.79,Travel,0
5551,611,2026-06-13,3080.61,Electronics,0
5552,694,2025-05-27,527.04,Grocery,0
5553,519,2025-06-27,5544.15,Grocery,0
5554,208,2024-09-10,10489.59,Healthcare,0
5555,415,2025-03-30,1830.97,Dining,0
5556,260,2025-10-20,2298.51,Entertainment,0
5557,410,2025-07-25,6706.84,Electronics,0
5558,494,2025-04-19,5310.18,Entertainment,0
5559,679,2025-11-24,1049.75,Fuel,0
5560,548,2024-07-31,105.47,Grocery,0
5561,326,2024-02-01,10662.15,Electronics,0
5562,608,2024-10-31,1626.12,Dining,0
5563,566,2024-08-28,635.88,Online Retail,0
5564,203,2026-06-09,1148.42,Healthcare,0
5565,79,2024-08-17,7994.97,Entertainment,0
5566,294,2026-06-07,6561.73,Entertainment,0
5567,491,2025-02-09,4000.91,Fuel,0
5568,171,2025-11-27,1957.71,Grocery,0
5569,693,2025-07-15,2874.67,Grocery,0
5570,680,2024-01-06,5020.25,Entertainment,0
5571,7,2026-06-11,1730.69,Electronics,0
5572,280,2025-04-08,1147.36,Grocery,0
5573,181,2025-07-05,4768.16,Healthcare,0
5574,609,2024-09-14,3204.0,Fuel,0
5575,550,2024-06-25,8432.01,Dining,0
5576,470,2024-02-07,7855.56,Dining,0
5577,514,2025-05-27,1965.17,Online Retail,0
5578,559,2024-11-01,2512.9,Entertainment,0
5579,514,2025-02-21,7465.09,Online Retail,0
5580,469,2026-08-15,5857.83,Fuel,0
5581,688,2025-09-21,4133.04,Electronics,0
5582,385,2025-12-19,6791.71,Travel,0
5583,68,2025-09-12,431.7,Travel,0
5584,298,2024-06-19,4090.52,Online Retail,0
5585,473,2025-10-05,949.74,Online Retail,0
5586,613,2026-05-15,5471.02,Grocery,0
5587,449,2026-08-30,4030.49,Grocery,0
5588,197,2024-02-16,6543.73,Entertainment,0
5589,145,2024-01-27,8014.63,Dining,0
5590,588,2026-08-12,574.86,Entertainment,0
5591,150,2026-01-13,4146.81,Electronics,0
5592,19,2024-01-16,1454.87,Travel,0
5593,456,2026-04-13,5020.28,Fuel,1
5594,365,2026-07-06,1386.51,Electronics,0
5595,459,2024-08-27,1509.69,Dining,0
5596,323,2024-07-27,3074.74,Travel,0
5597,421,2026-01-08,538.73,Fuel,0
5598,246,2024-10-21,967.89,Dining,0
5599,324,2024-04-12,4483.3,Travel,0
5600,119,2025-11-08,9602.49,Online Retail,0
5601,482,2025-06-12,198.18,Electronics,0
5602,415,2024-09-26,1285.49,Travel,0
5603,226,2024-11-10,3779.94,Dining,0
5604,400,2025-04-02,295.14,Travel,0
5605,166,2024-08-10,2037.25,Dining,0
5606,514,2024-02-20,3412.63,Electronics,0
5607,417,2025-09-22,2621.55,Dining,0
5608,458,2024-10-12,1619.73,Dining,0
5609,433,2025-01-27,437.21,Fuel,0
5610,589,2024-10-28,14723.76,Fuel,0
5611,569,2024-06-10,1217.45,Dining,0
5612,192,2025-06-14,5333.49,Dining,0
5613,292,2025-08-14,4571.98,Travel,0
5614,382,2025-05-03,2059.28,Fuel,0
5615,535,2025-05-09,1654.79,Travel,0
5616,28,2025-11-28,490.01,Travel,0
5617,643,2024-02-11,6070.95,Online Retail,0
5618,221,2026-01-24,6519.37,Healthcare,0
5619,298,2026-03-11,2158.87,Fuel,0
5620,185,2024-05-28,1318.5,Healthcare,0
5621,380,2026-08-20,845.32,Grocery,0
5622,191,2025-03-21,2335.18,Healthcare,0
5623,638,2024-11-29,1035.89,Electronics,0
5624,223,2024-10-16,3052.44,Dining,0
5625,211,2026-08-20,3492.97,Dining,0
5626,14,2025-06-19,3518.8,Dining,0
5627,506,2026-08-28,882.94,Grocery,0
5628,642,2025-11-29,998.31,Healthcare,0
5629,405,2025-03-28,2128.79,Electronics,0
5630,636,2024-01-29,5949.26,Entertainment,0
5631,290,2026-06-16,3503.36,Electronics,0
5632,486,2024-08-10,797.86,Online Retail,1
5633,605,2026-02-01,3599.46,Healthcare,0
5634,518,2024-05-04,6350.09,Online Retail,0
5635,110,2026-03-24,6508.77,Dining,0
5636,680,2024-01-27,2453.05,Online Retail,0
5637,25,2024-04-29,146.25,Healthcare,0
5638,82,2024-10-16,1471.9,Fuel,0
5639,145,2026-01-30,379.13,Travel,0
5640,505,2026-08-30,388.4,Electronics,0
5641,614,2024-08-18,6326.88,Online Retail,0
5642,378,2025-07-15,6849.52,Electronics,0
5643,241,2025-12-29,8120.16,Fuel,0
5644,322,2026-05-18,4327.34,Electronics,0
5645,479,2024-08-18,1041.35,Electronics,0
5646,152,2024-04-18,2956.0,Entertainment,0
5647,162,2026-02-03,878.5,Entertainment,0
5648,206,2024-02-02,1619.62,Healthcare,0
5649,344,2026-05-21,413.97,Entertainment,0
5650,515,2025-01-27,1569.6,Healthcare,0
5651,366,2025-05-04,1215.91,Online Retail,0
5652,67,2025-04-28,4187.94,Healthcare,0
5653,172,2025-02-26,8021.93,Online Retail,0
5654,32,2024-01-13,3236.78,Healthcare,0
5655,272,2024-05-22,295.14,Dining,0
5656,355,2024-12-10,313.38,Online Retail,0
5657,184,2024-08-18,5039.58,Electronics,0
5658,32,2026-03-06,3907.71,Dining,0
5659,71,2026-08-25,1981.39,Dining,0
5660,484,2024-07-19,8090.47,Fuel,0
5661,303,2025-12-13,2215.77,Online Retail,0
5662,679,2025-05-08,1357.24,Entertainment,0
5663,395,2026-01-19,1655.48,Dining,0
5664,214,2026-01-14,907.11,Healthcare,0
5665,64,2026-03-04,465.4,Entertainment,0
5666,516,2026-07-26,582.2,Travel,0
5667,251,2025-07-23,5332.4,Online Retail,0
5668,418,2026-06-19,720.19,Grocery,0
5669,324,2025-03-06,930.74,Electronics,0
5670,58,2024-02-17,4470.23,Fuel,0
5671,653,2024-12-05,155.87,Grocery,0
5672,84,2025-11-06,1351.98,Fuel,0
5673,428,2024-01-27,2696.81,Electronics,0
5674,101,2026-03-17,6254.77,Online Retail,0
5675,660,2026-02-28,2672.1,Fuel,0
5676,199,2024-08-14,4234.29,Healthcare,0
5677,368,2026-04-23,5998.1,Entertainment,0
5678,55,2026-01-26,1784.8,Healthcare,0
5679,563,2024-11-30,3505.13,Entertainment,0
5680,158,2026-06-20,5356.58,Fuel,0
5681,68,2025-05-17,1270.07,Healthcare,0
5682,199,2025-03-11,3959.8,Entertainment,0
5683,396,2025-07-17,9009.19,Electronics,0
5684,230,2026-08-18,666.99,Healthcare,0
5685,248,2025-10-03,2330.66,Entertainment,0
5686,53,2025-05-15,1090.11,Travel,0
5687,510,2025-09-25,4518.73,Entertainment,0
5688,241,2025-12-19,1828.06,Dining,0
5689,615,2024-07-10,1810.3,Online Retail,0
5690,282,2025-06-01,5392.79,Grocery,0
5691,499,2025-10-31,3731.0,Grocery,0
5692,221,2024-07-06,181.11,Healthcare,0
5693,62,2026-01-03,782.97,Travel,0
5694,448,2024-01-11,878.07,Healthcare,0
5695,435,2024-01-17,4340.98,Dining,0
5696,685,2025-01-16,3267.39,Grocery,0
5697,521,2025-08-25,10669.42,Travel,0
5698,442,2024-04-25,2141.7,Electronics,0
5699,21,2025-02-10,6404.63,Fuel,0
5700,579,2024-06-30,2896.11,Grocery,0
5701,119,2026-05-13,6514.08,Fuel,0
5702,513,2025-12-16,1478.92,Healthcare,0
5703,477,2026-07-09,7700.99,Entertainment,0
5704,564,2024-12-28,165.34,Online Retail,0
5705,221,2025-07-23,5310.39,Dining,0
5706,348,2024-12-15,3676.91,Fuel,0
5707,44,2025-01-24,6918.77,Grocery,0
5708,250,2025-06-17,2517.11,Entertainment,0
5709,623,2026-07-03,1507.26,Grocery,0
5710,142,2026-04-29,2826.35,Entertainment,0
5711,667,2024-09-20,8225.67,Electronics,0
5712,36,2024-10-27,1621.18,Entertainment,0
5713,262,2025-04-25,8099.55,Travel,0
5714,265,2026-01-10,3800.33,Grocery,0
5715,696,2024-12-10,5759.75,Online Retail,0
5716,381,2024-03-05,4120.42,Entertainment,0
5717,600,2024-05-29,3034.41,Online Retail,0
5718,595,2025-01-24,1489.91,Travel,0
5719,390,2026-05-21,15481.87,Healthcare,0
5720,506,2025-11-07,450.84,Fuel,0
5721,524,2024-09-01,6468.06,Grocery,0
5722,353,2025-07-31,252.7,Electronics,0
5723,656,2026-02-14,9289.56,Online Retail,0
5724,302,2024-09-29,4776.39,Grocery,0
5725,510,2026-01-04,1060.95,Fuel,0
5726,247,2025-09-20,1167.4,Travel,0
5727,237,2025-10-12,2836.21,Travel,0
5728,253,2024-05-09,217.59,Fuel,0
5729,136,2024-04-16,6826.69,Fuel,1
5730,567,2025-03-20,1346.87,Fuel,0
5731,303,2025-01-25,545.0,Electronics,0
5732,470,2024-10-26,5932.03,Online Retail,0
5733,131,2026-06-22,149.26,Grocery,0
5734,480,2024-08-28,2542.11,Dining,0
5735,16,2024-12-22,825.89,Dining,0
5736,454,2024-02-17,4004.98,Fuel,0
5737,320,2024-01-20,6942.78,Online Retail,0
5738,85,2024-11-14,203.03,Healthcare,0
5739,231,2025-12-08,6994.92,Fuel,0
5740,29,2025-08-04,2207.47,Online Retail,0
5741,67,2025-11-01,696.82,Healthcare,0
5742,570,2026-01-02,637.06,Dining,0
5743,611,2025-07-19,2221.47,Electronics,0
5744,579,2025-03-12,149.47,Online Retail,0
5745,87,2024-12-19,2119.44,Travel,0
5746,410,2024-02-08,2429.08,Electronics,0
5747,442,2024-11-10,4279.18,Fuel,0
5748,242,2025-05-01,6449.25,Travel,0
5749,399,2024-08-11,4628.36,Dining,0
5750,191,2024-05-19,8294.79,Dining,0
5751,686,2025-07-30,851.64,Healthcare,0
5752,173,2025-04-15,3792.9,Online Retail,0
5753,178,2026-08-29,4098.06,Grocery,0
5754,537,2026-03-10,8141.92,Grocery,0
5755,165,2026-02-02,4045.19,Healthcare,0
5756,631,2025-04-30,1178.66,Entertainment,0
5757,440,2025-09-30,2608.91,Healthcare,0
5758,633,2026-05-12,3842.92,Electronics,0
5759,391,2025-07-09,377.76,Online Retail,0
5760,675,2024-09-04,9015.64,Grocery,0
5761,569,2025-11-18,2655.38,Fuel,0
5762,565,2024-04-26,12265.26,Travel,1
5763,122,2025-05-04,481.21,Electronics,0
5764,562,2026-04-13,919.47,Travel,0
5765,211,2026-04-06,4233.29,Electronics,0
5766,583,2026-01-24,1807.72,Entertainment,0
5767,4,2025-07-21,6219.98,Entertainment,0
5768,43,2024-12-05,2855.23,Entertainment,0
5769,506,2024-08-29,2718.67,Entertainment,0
5770,46,2025-05-01,2615.2,Healthcare,0
5771,228,2025-07-03,570.95,Electronics,0
5772,325,2024-11-07,2927.66,Dining,0
5773,166,2024-08-27,848.51,Dining,0
5774,518,2026-01-19,12647.77,Grocery,0
5775,424,2025-06-06,3312.85,Electronics,0
5776,459,2025-04-17,3706.98,Online Retail,0
5777,177,2026-02-23,4269.41,Electronics,0
5778,16,2026-08-03,5311.24,Fuel,0
5779,40,2025-12-10,268.37,Online Retail,0
5780,176,2026-01-30,3835.7,Grocery,0
5781,166,2024-09-20,2458.43,Entertainment,0
5782,430,2026-04-18,2106.6,Dining,0
5783,595,2025-12-12,5913.79,Dining,0
5784,198,2025-07-01,7502.51,Grocery,0
5785,417,2024-04-30,448.78,Healthcare,0
5786,643,2025-05-23,2643.77,Entertainment,0
5787,330,2025-09-21,5070.07,Healthcare,0
5788,144,2024-07-13,2899.42,Fuel,0
5789,344,2024-11-02,7044.1,Online Retail,0
5790,45,2026-02-02,1132.9,Healthcare,0
5791,698,2025-08-24,6565.86,Healthcare,0
5792,640,2024-08-20,1828.58,Dining,0
5793,23,2026-04-20,829.44,Grocery,0
5794,186,2026-04-03,2922.82,Dining,0
5795,113,2024-05-10,2232.73,Healthcare,0
5796,613,2024-03-05,378.8,Entertainment,0
5797,606,2025-11-10,2673.53,Electronics,0
5798,240,2024-03-12,5705.61,Healthcare,0
5799,375,2025-10-28,7882.68,Online Retail,0
5800,454,2025-06-09,5039.75,Travel,0
5801,697,2026-01-08,1035.5,Entertainment,0
5802,576,2024-01-31,3643.67,Grocery,0
5803,479,2026-08-03,4492.49,Travel,0
5804,319,2024-03-31,4151.46,Grocery,0
5805,507,2025-04-15,1021.56,Dining,0
5806,451,2026-03-03,1774.63,Healthcare,0
5807,406,2024-05-12,3322.24,Dining,0
5808,149,2026-01-01,4106.14,Dining,0
5809,13,2025-11-09,5906.28,Electronics,0
5810,363,2026-05-05,284.51,Travel,0
5811,636,2025-06-15,246.38,Grocery,0
5812,696,2024-10-28,3417.75,Fuel,0
5813,367,2026-03-02,4901.92,Healthcare,0
5814,677,2024-05-29,1924.12,Online Retail,0
5815,7,2026-02-12,1717.49,Entertainment,0
5816,576,2024-06-10,810.95,Dining,0
5817,147,2025-12-15,5244.85,Travel,0
5818,250,2024-02-10,3082.6,Fuel,0
5819,246,2025-01-22,3983.25,Online Retail,0
5820,158,2026-05-10,2109.8,Online Retail,0
5821,201,2025-04-08,1812.09,Fuel,1
5822,383,2024-01-27,2487.48,Electronics,0
5823,20,2026-06-12,2255.7,Travel,0
5824,152,2025-08-06,7409.27,Electronics,0
5825,197,2025-03-01,701.62,Travel,0
5826,61,2026-05-14,5327.49,Dining,0
5827,628,2025-07-25,1343.18,Healthcare,0
5828,307,2025-08-06,1729.14,Travel,0
5829,413,2025-10-28,3411.33,Dining,0
5830,408,2024-06-19,4791.38,Online Retail,0
5831,229,2024-04-22,2152.88,Entertainment,0
5832,189,2025-08-15,622.18,Travel,0
5833,62,2026-01-20,9668.24,Healthcare,0
5834,575,2026-07-25,334.4,Entertainment,0
5835,526,2024-01-15,672.04,Healthcare,0
5836,459,2024-03-16,8152.92,Electronics,0
5837,503,2026-08-15,6525.52,Electronics,0
5838,565,2024-06-18,8713.19,Healthcare,0
5839,2,2025-07-08,1336.22,Dining,0
5840,471,2025-04-05,945.8,Dining,0
5841,696,2024-06-12,5769.89,Grocery,0
5842,580,2026-01-19,599.72,Electronics,0
5843,186,2026-02-03,970.55,Dining,0
5844,413,2024-10-01,361.66,Online Retail,0
5845,184,2026-04-03,1244.0,Entertainment,0
5846,91,2025-08-12,801.23,Grocery,0
5847,211,2024-07-18,493.77,Online Retail,0
5848,243,2024-09-17,2716.13,Entertainment,0
5849,674,2024-02-10,1638.4,Travel,0
5850,328,2025-07-03,3854.92,Entertainment,0
5851,589,2025-05-26,645.86,Travel,0
5852,669,2024-06-24,1201.99,Fuel,0
5853,447,2025-09-16,1568.26,Electronics,0
5854,345,2024-10-23,5755.18,Healthcare,0
5855,346,2024-06-13,4857.5,Grocery,0
5856,550,2024-06-28,2207.16,Fuel,0
5857,229,2025-07-01,300.11,Electronics,0
5858,319,2026-06-21,6428.03,Electronics,0
5859,235,2025-05-28,704.06,Travel,0
5860,182,2025-08-28,2372.88,Grocery,0
5861,228,2026-04-22,4271.67,Dining,0
5862,70,2025-09-27,1058.8,Travel,0
5863,604,2026-03-06,1321.52,Dining,0
5864,609,2025-06-07,6439.33,Electronics,0
5865,477,2024-05-08,2657.18,Electronics,0
5866,528,2025-10-04,362.39,Online Retail,0
5867,285,2025-11-20,1691.26,Travel,0
5868,370,2025-03-12,1142.2,Fuel,0
5869,696,2025-05-05,232.52,Dining,0
5870,40,2024-03-31,369.95,Travel,0
5871,125,2025-03-30,3303.54,Grocery,0
5872,578,2026-06-18,820.64,Fuel,0
5873,54,2024-06-07,3518.41,Grocery,0
5874,544,2025-09-16,5834.5,Travel,0
5875,258,2025-12-29,152.46,Healthcare,0
5876,496,2025-11-27,3516.29,Electronics,0
5877,688,2026-04-26,2802.7,Electronics,0
5878,403,2024-07-13,4059.12,Healthcare,0
5879,17,2024-07-19,10296.2,Travel,0
5880,369,2024-11-22,2223.66,Dining,0
5881,57,2024-01-29,2209.96,Grocery,0
5882,660,2024-01-06,2627.32,Dining,0
5883,240,2025-08-16,986.06,Electronics,0
5884,670,2024-10-17,9013.79,Dining,0
5885,692,2026-08-14,92.43,Healthcare,0
5886,225,2026-04-13,1494.6,Fuel,0
5887,241,2025-10-23,1556.98,Entertainment,0
5888,609,2026-03-10,989.77,Entertainment,0
5889,475,2024-09-03,1958.54,Dining,0
5890,352,2025-11-13,1487.23,Travel,0
5891,605,2026-04-30,776.89,Electronics,0
5892,180,2024-06-03,2350.23,Fuel,0
5893,470,2025-06-08,2846.84,Online Retail,0
5894,243,2026-08-23,14437.31,Healthcare,0
5895,63,2025-05-12,758.72,Electronics,0
5896,248,2026-03-07,3511.03,Online Retail,0
5897,104,2024-02-25,3424.12,Online Retail,0
5898,696,2024-12-03,5446.92,Dining,1
5899,182,2024-02-29,4754.96,Online Retail,0
5900,653,2025-11-29,1856.0,Dining,0
5901,558,2025-07-18,681.01,Healthcare,0
5902,259,2024-07-10,379.52,Travel,0
5903,562,2026-02-25,1835.82,Travel,0
5904,36,2025-06-11,3649.85,Fuel,0
5905,120,2026-01-04,8034.03,Travel,0
5906,561,2025-11-26,2590.69,Fuel,0
5907,266,2026-07-06,868.3,Travel,0
5908,108,2024-08-11,2907.54,Electronics,0
5909,98,2025-05-05,3955.94,Online Retail,0
5910,564,2024-06-06,7081.1,Travel,0
5911,332,2025-08-28,697.22,Entertainment,0
5912,310,2024-12-20,365.7,Healthcare,0
5913,256,2025-09-03,3115.98,Dining,0
5914,67,2024-03-13,2325.86,Electronics,0
5915,695,2025-01-05,1678.97,Travel,0
5916,152,2025-03-26,2184.5,Dining,0
5917,273,2024-01-03,722.5,Fuel,0
5918,578,2024-05-10,129.23,Travel,0
5919,36,2026-03-28,4637.57,Travel,0
5920,412,2025-04-21,4395.09,Dining,0
5921,365,2024-03-06,428.92,Grocery,0
5922,505,2024-05-16,2068.51,Grocery,0
5923,636,2026-07-24,4190.95,Dining,1
5924,69,2024-06-15,3730.47,Online Retail,0
5925,259,2026-04-02,1022.95,Fuel,0
5926,255,2024-08-28,2820.07,Grocery,0
5927,573,2024-04-11,598.07,Dining,0
5928,317,2026-03-28,5045.06,Fuel,0
5929,292,2024-04-28,1909.16,Healthcare,0
5930,191,2026-03-06,2933.57,Online Retail,0
5931,398,2025-12-19,3431.83,Online Retail,0
5932,435,2026-08-23,1937.64,Grocery,1
5933,352,2025-06-14,3431.85,Dining,0
5934,431,2026-06-24,5193.75,Entertainment,0
5935,612,2025-09-24,712.75,Entertainment,0
5936,604,2024-01-18,6247.99,Healthcare,0
5937,398,2024-10-09,1389.9,Fuel,0
5938,664,2024-01-14,3604.01,Healthcare,0
5939,266,2026-05-11,1878.45,Travel,0
5940,16,2025-01-31,3083.19,Dining,1
5941,537,2025-06-13,5862.16,Dining,0
5942,539,2026-02-22,2347.68,Grocery,0
5943,36,2025-07-05,3385.02,Grocery,1
5944,231,2026-06-18,7343.86,Travel,0
5945,191,2026-08-23,1442.78,Online Retail,0
5946,369,2024-07-15,899.21,Online Retail,0
5947,201,2026-01-22,5511.46,Online Retail,0
5948,521,2024-07-03,1994.22,Fuel,0
5949,399,2025-11-02,1710.1,Electronics,0
5950,608,2025-06-08,6320.81,Healthcare,0
5951,584,2026-04-24,1043.4,Healthcare,0
5952,210,2024-06-23,3645.95,Electronics,0
5953,388,2026-08-24,8403.67,Online Retail,0
5954,432,2025-05-09,630.0,Electronics,0
5955,321,2026-03-03,8595.99,Grocery,0
5956,675,2026-03-03,1574.75,Grocery,0
5957,46,2026-02-25,1700.92,Travel,0
5958,642,2024-08-24,338.85,Electronics,0
5959,680,2024-07-05,3036.1,Entertainment,0
5960,257,2024-03-30,725.45,Entertainment,0
5961,207,2026-05-01,3787.63,Grocery,1
5962,29,2025-08-14,2153.07,Entertainment,0
5963,91,2026-05-09,2986.13,Entertainment,0
5964,164,2024-11-23,4296.95,Entertainment,0
5965,584,2025-08-05,10347.6,Healthcare,0
5966,541,2024-02-25,2377.07,Grocery,0
5967,624,2025-09-26,3831.27,Online Retail,0
5968,223,2026-05-29,3342.54,Healthcare,0
5969,210,2025-08-31,2945.61,Fuel,0
5970,574,2026-04-09,438.42,Grocery,0
5971,385,2025-06-15,962.65,Travel,0
5972,41,2025-03-01,488.16,Fuel,0
5973,549,2024-06-27,7740.69,Electronics,0
5974,68,2024-08-24,7864.48,Entertainment,0
5975,16,2025-10-03,4312.77,Grocery,0
5976,648,2025-01-23,5546.73,Fuel,0
5977,691,2025-01-04,509.01,Fuel,0
5978,496,2025-06-28,3824.74,Dining,0
5979,227,2025-06-07,1213.88,Entertainment,0
5980,116,2026-02-21,711.53,Grocery,0
5981,336,2026-05-28,5550.87,Electronics,0
5982,363,2024-05-03,3805.87,Grocery,0
5983,36,2024-04-16,584.8,Electronics,0
5984,464,2026-03-15,7154.1,Grocery,0
5985,33,2026-07-20,2174.7,Electronics,0
5986,345,2025-06-08,4520.04,Fuel,0
5987,79,2025-07-07,1407.49,Fuel,0
5988,35,2025-12-06,3055.24,Online Retail,0
5989,225,2026-07-15,4781.79,Healthcare,0
5990,412,2024-12-14,2954.36,Healthcare,0
5991,646,2024-07-14,3891.36,Healthcare,0
5992,40,2026-03-07,2100.96,Healthcare,0
5993,361,2024-02-22,4379.34,Electronics,0
5994,535,2024-04-10,3369.92,Entertainment,0
5995,229,2025-08-28,62.69,Online Retail,0
5996,565,2024-11-04,2395.4,Grocery,0
5997,316,2025-05-28,5627.42,Dining,0
5998,6,2025-05-01,108.9,Entertainment,0
5999,186,2025-12-17,7796.28,Entertainment,0
6000,293,2024-06-15,319.71,Entertainment,0
6001,437,2025-08-09,3029.52,Online Retail,0
6002,106,2025-12-31,9199.41,Fuel,0
6003,356,2025-05-16,3495.57,Grocery,0
6004,552,2024-10-27,5040.18,Fuel,0
6005,265,2026-05-29,5560.75,Travel,0
6006,138,2024-05-07,4005.09,Travel,0
6007,481,2024-11-11,904.38,Online Retail,0
6008,446,2025-06-19,1870.8,Electronics,0
6009,275,2024-09-21,922.23,Online Retail,0
6010,579,2025-09-27,8473.49,Dining,0
6011,565,2026-02-22,1916.87,Dining,0
6012,72,2025-05-31,6007.65,Travel,0
6013,419,2024-12-08,4501.13,Travel,0
6014,441,2025-08-11,2905.15,Healthcare,0
6015,142,2025-07-02,864.41,Travel,0
6016,129,2026-03-03,1135.64,Online Retail,0
6017,115,2025-08-21,1316.07,Travel,0
6018,230,2024-01-06,532.83,Online Retail,0
6019,180,2024-10-14,11117.1,Grocery,0
6020,494,2024-12-21,4242.3,Entertainment,0
6021,643,2024-12-12,2896.09,Travel,0
6022,322,2026-04-18,2056.77,Electronics,0
6023,577,2024-02-09,2242.11,Electronics,0
6024,357,2025-12-26,2687.09,Online Retail,0
6025,681,2024-09-29,2747.01,Electronics,0
6026,271,2025-06-20,4016.48,Travel,0
6027,522,2024-11-13,477.31,Electronics,0
6028,592,2024-03-08,1475.59,Travel,0
6029,641,2024-01-17,3762.97,Electronics,0
6030,278,2025-01-16,3839.26,Fuel,0
6031,249,2026-03-13,2988.56,Fuel,0
6032,10,2024-12-04,5158.45,Grocery,0
6033,434,2026-05-13,1853.45,Online Retail,0
6034,392,2026-06-12,2407.08,Entertainment,0
6035,275,2024-06-21,5207.58,Healthcare,0
6036,152,2026-03-24,543.07,Travel,0
6037,606,2025-08-13,8618.43,Fuel,0
6038,700,2025-06-27,4704.7,Dining,0
6039,698,2025-03-06,1327.17,Grocery,0
6040,316,2026-07-18,5384.9,Fuel,0
6041,522,2024-05-04,658.76,Travel,0
6042,581,2024-01-06,7602.52,Healthcare,0
6043,548,2024-01-25,198.28,Fuel,0
6044,249,2026-05-12,464.43,Travel,0
6045,617,2025-10-08,1005.38,Online Retail,0
6046,461,2025-05-12,1115.98,Electronics,0
6047,67,2024-03-18,3276.29,Electronics,0
6048,115,2024-05-10,5050.95,Fuel,0
6049,338,2026-05-18,278.66,Healthcare,0
6050,659,2026-05-01,8002.98,Healthcare,0
6051,513,2026-02-08,3819.35,Online Retail,0
6052,452,2026-05-04,10958.81,Online Retail,0
6053,424,2025-12-07,2305.14,Online Retail,0
6054,644,2026-01-06,8712.05,Healthcare,0
6055,379,2026-04-01,11724.61,Online Retail,0
6056,285,2025-03-17,1115.4,Fuel,0
6057,271,2024-04-13,959.95,Electronics,0
6058,367,2024-04-25,1765.48,Healthcare,0
6059,155,2025-09-03,1626.26,Fuel,0
6060,672,2024-07-07,3183.13,Electronics,0
6061,646,2024-07-20,1677.65,Travel,0
6062,268,2026-05-10,5373.77,Entertainment,0
6063,514,2025-05-21,4182.96,Entertainment,0
6064,542,2025-04-06,1013.81,Grocery,0
6065,430,2024-12-15,2284.37,Grocery,0
6066,78,2024-09-18,5653.34,Healthcare,1
6067,60,2024-04-29,3532.42,Online Retail,0
6068,501,2026-07-03,4436.91,Fuel,0
6069,79,2025-12-17,959.32,Healthcare,0
6070,575,2026-04-18,2571.33,Dining,0
6071,303,2024-10-21,593.93,Travel,0
6072,563,2024-04-13,2899.14,Electronics,0
6073,89,2024-04-29,2153.92,Travel,0
6074,276,2026-08-09,3090.61,Travel,0
6075,105,2026-05-07,871.68,Grocery,0
6076,343,2026-06-25,3845.18,Dining,1
6077,57,2024-05-11,5799.18,Fuel,0
6078,193,2025-02-11,77.23,Online Retail,0
6079,206,2024-07-19,401.63,Electronics,0
6080,357,2025-07-22,1101.62,Entertainment,0
6081,8,2024-01-24,1740.04,Fuel,0
6082,220,2025-01-20,1335.06,Electronics,0
6083,513,2025-05-20,549.9,Fuel,0
6084,287,2024-09-22,3114.3,Fuel,0
6085,420,2026-03-15,2954.42,Electronics,0
6086,602,2024-03-12,1334.99,Fuel,0
6087,356,2026-04-09,3568.62,Online Retail,0
6088,615,2024-01-10,2060.3,Grocery,0
6089,691,2025-12-26,9035.53,Entertainment,0
6090,370,2025-10-08,303.54,Entertainment,0
6091,338,2025-04-04,1701.73,Entertainment,0
6092,222,2024-02-16,7516.26,Entertainment,0
6093,609,2026-05-17,3838.37,Electronics,0
6094,548,2026-06-06,5172.86,Electronics,0
6095,133,2026-01-17,7668.4,Healthcare,0
6096,456,2026-07-17,1405.68,Grocery,0
6097,186,2026-05-17,1298.81,Online Retail,0
6098,693,2026-03-16,9060.38,Grocery,0
6099,230,2024-08-21,6842.1,Entertainment,0
6100,60,2026-03-21,2126.31,Fuel,0
6101,694,2025-08-09,3641.79,Electronics,0
6102,426,2024-03-17,13767.96,Electronics,0
6103,636,2024-01-22,952.32,Fuel,0
6104,625,2024-09-05,5132.73,Electronics,0
6105,315,2025-05-23,5708.92,Fuel,0
6106,310,2026-08-01,655.67,Healthcare,0
6107,592,2026-05-04,7448.27,Healthcare,0
6108,266,2026-08-04,3434.08,Entertainment,0
6109,164,2025-12-21,1613.63,Grocery,0
6110,397,2024-05-04,4121.6,Healthcare,0
6111,415,2026-01-26,1228.76,Fuel,0
6112,576,2025-01-10,3591.28,Healthcare,0
6113,114,2024-11-05,1762.6,Dining,0
6114,341,2025-06-01,3444.64,Dining,0
6115,403,2025-01-23,3584.69,Entertainment,0
6116,673,2025-09-06,4941.5,Dining,0
6117,156,2026-08-19,1544.9,Healthcare,0
6118,435,2024-11-08,455.96,Healthcare,0
6119,411,2024-09-17,2043.77,Entertainment,0
6120,668,2026-08-04,2775.52,Electronics,0
6121,301,2024-03-25,86.14,Online Retail,0
6122,127,2026-04-01,21.56,Online Retail,0
6123,392,2025-01-14,1084.15,Electronics,0
6124,599,2026-07-28,2323.4,Fuel,0
6125,113,2026-01-18,2151.64,Online Retail,0
6126,502,2024-05-19,430.98,Travel,0
6127,355,2025-05-25,6844.03,Healthcare,0
6128,557,2024-09-14,1311.34,Fuel,0
6129,222,2024-02-12,1312.63,Travel,0
6130,598,2025-08-22,648.38,Healthcare,0
6131,101,2025-10-10,1029.37,Fuel,0
6132,371,2026-03-06,675.88,Entertainment,0
6133,351,2025-12-18,4352.15,Grocery,0
6134,196,2025-08-16,7546.18,Fuel,0
6135,97,2025-08-10,859.3,Electronics,0
6136,661,2025-08-21,827.17,Healthcare,0
6137,300,2024-06-16,1661.65,Dining,0
6138,650,2025-09-14,5564.24,Travel,0
6139,227,2024-07-05,132.35,Fuel,0
6140,451,2025-07-17,1204.32,Electronics,0
6141,381,2025-02-01,2095.96,Dining,0
6142,283,2026-04-05,1186.95,Fuel,0
6143,339,2024-12-15,2808.64,Grocery,0
6144,179,2024-01-07,2126.31,Online Retail,0
6145,95,2024-04-09,516.1,Healthcare,0
6146,469,2024-07-18,4163.44,Healthcare,0
6147,196,2026-04-17,725.75,Travel,0
6148,372,2026-01-08,2847.78,Online Retail,0
6149,390,2026-06-20,612.33,Entertainment,0
6150,699,2025-12-16,2838.95,Travel,0
6151,584,2024-05-20,2096.95,Electronics,0
6152,130,2024-02-15,2412.01,Entertainment,0
6153,42,2025-07-02,3006.9,Online Retail,0
6154,677,2025-06-04,5108.22,Grocery,1
6155,64,2025-02-23,1481.18,Dining,0
6156,501,2025-07-29,462.82,Entertainment,0
6157,558,2025-02-02,1917.1,Grocery,0
6158,607,2024-08-17,5237.81,Healthcare,0
6159,238,2025-07-19,454.49,Fuel,0
6160,245,2025-01-20,2022.09,Fuel,0
6161,180,2025-03-19,5676.2,Grocery,0
6162,119,2026-03-17,1288.1,Online Retail,0
6163,161,2025-03-16,1935.57,Grocery,0
6164,142,2026-07-05,1126.97,Travel,0
6165,680,2024-05-20,1522.2,Online Retail,0
6166,340,2025-09-26,4345.0,Entertainment,0
6167,358,2025-11-23,4944.33,Dining,0
6168,439,2024-04-04,4598.51,Online Retail,0
6169,113,2025-07-19,4006.75,Entertainment,0
6170,692,2025-11-30,657.32,Entertainment,0
6171,285,2024-02-24,8627.94,Dining,0
6172,356,2026-03-12,8016.64,Healthcare,0
6173,183,2025-01-01,2096.96,Entertainment,0
6174,210,2025-09-19,5497.59,Dining,0
6175,119,2024-07-31,93.71,Grocery,0
6176,353,2024-05-17,5963.53,Electronics,0
6177,686,2025-01-15,2767.43,Entertainment,0
6178,14,2024-05-28,752.15,Online Retail,0
6179,312,2024-04-25,6187.75,Electronics,0
6180,274,2025-07-11,147.26,Online Retail,1
6181,484,2025-08-18,4603.21,Electronics,0
6182,519,2026-06-21,6119.3,Entertainment,0
6183,629,2025-07-20,6989.2,Dining,0
6184,179,2025-06-17,315.53,Healthcare,0
6185,144,2025-07-31,377.88,Online Retail,0
6186,336,2026-08-25,4235.97,Electronics,0
6187,90,2024-12-22,8343.99,Fuel,0
6188,338,2025-10-31,3454.72,Online Retail,0
6189,183,2025-12-04,1365.85,Travel,0
6190,220,2024-06-18,7652.38,Fuel,0
6191,499,2026-04-01,7928.56,Fuel,0
6192,105,2025-02-14,8980.97,Grocery,0
6193,268,2025-02-09,745.73,Dining,0
6194,474,2024-08-06,469.67,Online Retail,0
6195,343,2025-02-26,250.6,Electronics,0
6196,600,2025-07-20,459.16,Electronics,0
6197,15,2026-05-25,5433.63,Grocery,0
6198,286,2024-11-03,3366.87,Online Retail,1
6199,3,2025-08-13,20250.7,Online Retail,0
6200,44,2026-04-30,2283.15,Grocery,0
6201,285,2025-05-11,2583.54,Fuel,0
6202,176,2024-07-13,6298.71,Dining,0
6203,106,2025-12-19,1516.37,Fuel,0
6204,672,2025-07-09,776.66,Online Retail,0
6205,554,2024-10-29,3190.22,Dining,0
6206,304,2026-04-20,2115.08,Dining,0
6207,666,2024-02-01,3076.43,Fuel,0
6208,60,2026-08-03,9056.66,Entertainment,0
6209,648,2025-11-15,1030.39,Grocery,0
6210,614,2025-10-28,1079.83,Travel,0
6211,326,2025-09-21,9398.21,Online Retail,0
6212,499,2026-08-21,1477.62,Dining,0
6213,201,2025-02-21,1159.91,Healthcare,0
6214,676,2026-08-19,3134.59,Travel,0
6215,339,2024-02-14,1192.64,Grocery,0
6216,153,2026-06-24,2833.27,Electronics,0
6217,73,2026-07-05,1110.09,Healthcare,0
6218,489,2024-09-21,5691.41,Fuel,0
6219,661,2025-12-13,1507.94,Dining,0
6220,484,2025-01-13,5283.09,Electronics,0
6221,470,2025-01-10,5276.12,Healthcare,0
6222,552,2025-05-26,2364.3,Travel,0
6223,201,2024-07-15,1054.88,Fuel,0
6224,237,2024-08-13,9046.46,Healthcare,0
6225,532,2025-06-25,1964.67,Electronics,0
6226,454,2026-08-25,2859.01,Dining,0
6227,172,2024-01-21,833.79,Dining,0
6228,42,2025-03-25,3145.82,Grocery,0
6229,527,2025-03-21,2329.53,Grocery,0
6230,603,2025-12-30,7576.42,Electronics,0
6231,282,2026-08-21,3448.78,Grocery,0
6232,582,2025-06-29,2605.79,Dining,0
6233,605,2025-12-21,513.44,Grocery,0
6234,491,2024-05-13,4024.24,Fuel,0
6235,693,2026-08-18,9152.0,Entertainment,0
6236,683,2026-07-16,15403.75,Fuel,0
6237,225,2025-01-21,1367.79,Entertainment,0
6238,630,2025-12-01,5388.03,Fuel,0
6239,386,2024-03-25,5688.32,Grocery,0
6240,268,2025-07-22,5738.57,Dining,0
6241,167,2026-07-29,4969.43,Electronics,0
6242,484,2024-05-31,3625.36,Dining,0
6243,561,2026-04-23,4586.78,Dining,0
6244,143,2026-08-10,4647.05,Online Retail,0
6245,345,2025-07-02,5823.33,Online Retail,0
6246,624,2026-02-03,7820.9,Electronics,0
6247,689,2024-08-12,6261.67,Electronics,1
6248,308,2025-03-10,1494.28,Electronics,0
6249,621,2025-12-21,560.3,Electronics,0
6250,599,2025-02-22,2581.32,Entertainment,0
6251,191,2024-01-19,1087.87,Fuel,0
6252,319,2026-03-10,7467.63,Electronics,0
6253,84,2026-06-10,2516.54,Grocery,0
6254,4,2025-07-27,6945.24,Fuel,0
6255,434,2025-11-10,1351.74,Fuel,0
6256,2,2024-05-30,1310.77,Fuel,0
6257,223,2024-06-20,4923.78,Entertainment,0
6258,123,2026-06-14,1545.06,Dining,0
6259,178,2024-06-09,445.96,Entertainment,0
6260,170,2026-07-03,5655.63,Dining,0
6261,382,2024-02-26,2778.16,Fuel,0
6262,542,2025-04-06,2263.48,Entertainment,0
6263,377,2026-01-21,2052.89,Travel,0
6264,530,2024-04-02,1323.89,Grocery,0
6265,377,2024-05-04,3083.97,Healthcare,0
6266,482,2025-12-21,5595.38,Fuel,0
6267,206,2025-05-22,2297.02,Entertainment,0
6268,230,2026-02-22,461.06,Entertainment,0
6269,109,2024-12-15,2470.26,Dining,0
6270,365,2025-12-24,3654.56,Online Retail,0
6271,129,2025-06-19,1964.01,Healthcare,0
6272,438,2024-03-04,8950.1,Healthcare,0
6273,505,2025-11-08,2652.15,Dining,0
6274,620,2026-06-15,5923.24,Dining,0
6275,328,2024-07-23,1325.47,Dining,0
6276,695,2026-02-15,4717.06,Online Retail,0
6277,329,2024-07-14,1077.72,Fuel,0
6278,500,2026-06-20,4831.34,Electronics,0
6279,684,2024-11-25,1933.04,Dining,0
6280,371,2025-09-22,489.97,Travel,0
6281,643,2026-06-30,1608.02,Travel,0
6282,404,2025-06-26,865.5,Entertainment,0
6283,46,2025-03-08,1756.74,Healthcare,0
6284,347,2025-04-22,508.72,Fuel,0
6285,559,2024-09-07,370.79,Entertainment,0
6286,454,2024-02-13,798.41,Electronics,0
6287,174,2025-05-21,146.95,Fuel,0
6288,202,2026-02-08,6616.42,Online Retail,0
6289,506,2024-06-24,2431.39,Healthcare,0
6290,559,2026-06-18,2714.46,Dining,0
6291,122,2026-01-16,1815.07,Electronics,0
6292,319,2025-10-04,642.57,Dining,0
6293,102,2024-11-07,3669.5,Online Retail,0
6294,207,2025-11-30,3238.75,Entertainment,0
6295,658,2026-08-16,697.3,Travel,0
6296,21,2024-10-06,4942.43,Travel,0
6297,391,2025-09-06,526.71,Electronics,0
6298,316,2025-02-14,2633.89,Travel,0
6299,245,2025-08-19,5626.7,Dining,0
6300,629,2024-09-03,7643.69,Fuel,0
6301,624,2024-10-10,1971.02,Grocery,0
6302,15,2026-05-04,958.78,Electronics,0
6303,203,2024-06-22,285.75,Travel,0
6304,166,2026-03-28,1647.36,Dining,0
6305,45,2024-03-16,1576.62,Electronics,0
6306,353,2026-05-26,5923.15,Grocery,0
6307,277,2026-04-14,2672.71,Dining,1
6308,280,2026-06-25,490.23,Entertainment,0
6309,496,2026-08-13,4871.08,Dining,0
6310,681,2026-07-17,5709.59,Entertainment,0
6311,464,2024-07-28,3001.48,Online Retail,0
6312,433,2026-05-08,4998.34,Healthcare,0
6313,332,2026-08-26,2316.5,Grocery,0
6314,283,2025-06-16,4571.67,Healthcare,0
6315,358,2025-08-23,1318.88,Dining,0
6316,187,2026-05-10,7853.63,Healthcare,0
6317,371,2026-02-06,560.11,Grocery,0
6318,266,2026-02-16,16107.27,Travel,0
6319,263,2026-08-21,10839.06,Healthcare,0
6320,608,2026-03-29,8076.35,Grocery,0
6321,59,2026-08-08,975.61,Entertainment,0
6322,573,2026-06-19,1704.68,Electronics,0
6323,111,2025-07-07,1415.49,Entertainment,0
6324,266,2025-07-25,1047.48,Healthcare,0
6325,507,2025-05-28,1332.75,Fuel,0
6326,640,2024-11-07,3924.99,Grocery,0
6327,568,2025-10-20,1793.98,Healthcare,0
6328,509,2025-08-11,690.79,Grocery,0
6329,277,2024-08-02,224.1,Dining,0
6330,254,2026-04-17,5299.79,Online Retail,0
6331,231,2025-01-14,2881.87,Electronics,0
6332,584,2025-03-28,2482.74,Grocery,0
6333,426,2026-03-17,31.57,Healthcare,0
6334,46,2025-08-17,711.02,Healthcare,0
6335,16,2024-04-17,2543.41,Grocery,0
6336,85,2024-11-02,3691.55,Electronics,0
6337,399,2025-03-23,10.54,Fuel,0
6338,687,2025-12-14,2443.73,Grocery,0
6339,329,2024-11-03,3121.28,Entertainment,0
6340,173,2025-04-03,838.99,Dining,0
6341,310,2025-07-21,6471.22,Travel,0
6342,496,2025-06-09,484.64,Electronics,0
6343,2,2024-07-03,3185.35,Travel,0
6344,460,2025-05-05,1467.01,Healthcare,0
6345,661,2026-06-23,4045.18,Grocery,0
6346,654,2025-10-03,2355.41,Fuel,0
6347,122,2026-02-10,5957.47,Fuel,0
6348,687,2025-12-10,692.74,Electronics,0
6349,80,2024-03-20,1460.53,Online Retail,0
6350,330,2025-03-24,4106.3,Travel,0
6351,271,2024-11-13,2727.19,Fuel,0
6352,469,2025-05-03,4173.23,Electronics,0
6353,546,2024-02-12,4833.97,Travel,0
6354,427,2024-08-10,4644.0,Online Retail,0
6355,536,2024-04-30,3108.86,Dining,0
6356,688,2024-02-21,4764.22,Fuel,0
6357,359,2025-02-17,2127.17,Healthcare,1
6358,405,2026-02-01,3871.27,Online Retail,0
6359,385,2024-11-17,596.01,Entertainment,0
6360,188,2026-01-29,2821.3,Travel,1
6361,319,2025-05-22,2980.25,Travel,0
6362,392,2025-10-15,8628.13,Electronics,0
6363,18,2024-10-10,1893.47,Online Retail,0
6364,275,2025-02-13,392.68,Healthcare,0
6365,195,2024-11-19,382.0,Healthcare,0
6366,467,2025-02-14,8598.18,Travel,0
6367,273,2026-07-23,7264.26,Online Retail,0
6368,96,2024-04-20,3351.08,Electronics,0
6369,389,2026-05-03,245.07,Entertainment,0
6370,323,2026-06-17,3409.15,Grocery,0
6371,462,2024-01-14,3681.68,Online Retail,0
6372,520,2025-01-30,2468.69,Travel,0
6373,692,2025-08-10,3389.31,Electronics,0
6374,433,2024-10-19,1626.33,Grocery,0
6375,356,2024-05-18,250.32,Fuel,0
6376,197,2025-01-15,5240.59,Electronics,0
6377,471,2026-02-08,3248.42,Fuel,0
6378,289,2025-04-12,7282.69,Travel,1
6379,673,2026-03-26,4551.35,Travel,1
6380,480,2024-12-26,952.88,Electronics,0
6381,196,2025-10-05,158.57,Grocery,0
6382,658,2026-01-26,3580.44,Healthcare,0
6383,318,2025-10-18,2479.37,Healthcare,0
6384,435,2025-03-10,2659.31,Online Retail,0
6385,505,2026-04-10,3293.23,Healthcare,0
6386,458,2024-06-12,117.84,Entertainment,0
6387,396,2024-04-09,2102.19,Grocery,0
6388,514,2024-02-04,949.26,Travel,0
6389,626,2025-11-20,2848.74,Online Retail,0
6390,115,2024-12-09,1021.12,Grocery,0
6391,397,2024-04-26,1624.78,Online Retail,0
6392,425,2024-07-06,1522.92,Online Retail,0
6393,646,2024-02-11,1632.03,Travel,0
6394,404,2025-02-05,4964.24,Healthcare,0
6395,104,2025-09-14,1513.32,Healthcare,0
6396,534,2024-09-06,5344.36,Online Retail,0
6397,563,2024-09-22,49.12,Healthcare,0
6398,588,2026-08-05,1052.95,Electronics,0
6399,150,2024-02-14,103.91,Healthcare,0
6400,106,2026-03-30,4341.32,Fuel,0
6401,35,2024-03-02,2214.44,Grocery,0
6402,300,2026-02-06,1837.98,Fuel,0
6403,79,2026-08-13,1227.99,Dining,0
6404,536,2024-10-23,5009.03,Fuel,0
6405,407,2024-08-05,3015.06,Grocery,0
6406,221,2024-08-18,1257.5,Grocery,0
6407,204,2025-02-01,11382.26,Online Retail,0
6408,315,2024-09-17,1601.96,Healthcare,0
6409,101,2024-09-16,235.02,Dining,0
6410,292,2024-06-12,5909.88,Travel,0
6411,441,2026-06-30,1311.98,Online Retail,0
6412,323,2024-10-14,785.58,Travel,0
6413,342,2024-03-12,4140.61,Healthcare,0
6414,580,2024-11-02,3290.4,Fuel,0
6415,267,2025-06-13,1196.51,Grocery,0
6416,88,2024-04-22,1109.49,Online Retail,0
6417,375,2025-04-10,4787.36,Entertainment,0
6418,122,2026-08-21,2602.78,Healthcare,0
6419,603,2025-11-05,4796.41,Dining,0
6420,110,2024-12-02,2099.66,Fuel,0
6421,508,2026-05-25,626.22,Entertainment,0
6422,317,2024-11-18,3288.57,Fuel,0
6423,347,2024-01-01,3734.13,Electronics,0
6424,621,2024-08-20,1796.14,Electronics,0
6425,576,2024-01-17,2098.43,Travel,0
6426,120,2025-04-27,782.86,Healthcare,0
6427,604,2025-01-02,338.68,Dining,1
6428,225,2024-03-07,4285.14,Online Retail,0
6429,264,2025-01-26,570.93,Entertainment,0
6430,581,2024-07-05,3213.22,Online Retail,0
6431,105,2026-05-18,5125.79,Grocery,0
6432,288,2025-08-10,3784.85,Entertainment,0
6433,81,2024-09-28,4517.03,Fuel,0
6434,396,2026-01-03,6469.1,Dining,0
6435,448,2026-04-07,187.61,Electronics,0
6436,408,2026-01-20,3759.24,Dining,0
6437,656,2024-03-28,2708.02,Electronics,0
6438,498,2025-05-04,2671.06,Dining,0
6439,27,2024-03-16,3771.29,Fuel,0
6440,145,2025-09-01,415.28,Electronics,0
6441,349,2025-12-27,7299.64,Travel,1
6442,321,2024-01-26,3434.33,Fuel,0
6443,136,2026-01-13,153.44,Travel,0
6444,370,2024-08-25,4050.32,Fuel,0
6445,373,2024-04-02,182.01,Online Retail,0
6446,318,2024-10-01,5140.23,Travel,0
6447,600,2026-08-26,5041.44,Healthcare,0
6448,267,2024-10-09,573.33,Travel,0
6449,551,2024-03-19,238.63,Grocery,0
6450,490,2024-03-15,3614.97,Healthcare,0
6451,680,2026-05-12,191.76,Electronics,0
6452,446,2025-09-29,1794.04,Dining,0
6453,340,2024-07-08,8138.86,Fuel,0
6454,1,2025-09-06,1971.58,Healthcare,0
6455,465,2024-01-22,4948.26,Entertainment,0
6456,370,2025-10-27,6722.44,Dining,0
6457,629,2026-04-13,5978.27,Travel,0
6458,418,2026-01-31,2792.77,Electronics,0
6459,489,2024-06-28,926.67,Travel,0
6460,639,2024-12-09,6735.87,Fuel,0
6461,675,2025-05-31,6722.54,Grocery,0
6462,155,2024-03-15,2264.8,Healthcare,0
6463,172,2026-03-17,1305.17,Electronics,0
6464,549,2025-08-15,3970.14,Fuel,0
6465,95,2024-05-30,388.86,Dining,0
6466,574,2026-01-01,1796.23,Electronics,0
6467,105,2025-12-23,9468.9,Travel,0
6468,255,2024-06-05,191.66,Fuel,0
6469,597,2025-06-02,1005.34,Fuel,0
6470,97,2024-11-02,2107.8,Electronics,1
6471,37,2024-09-06,458.0,Travel,0
6472,532,2026-02-24,1570.52,Dining,0
6473,567,2024-02-10,2288.79,Electronics,0
6474,528,2025-02-19,3109.62,Electronics,0
6475,325,2024-09-13,3035.52,Online Retail,0
6476,535,2024-11-17,1607.74,Electronics,0
6477,484,2025-02-18,4803.09,Online Retail,0
6478,265,2025-07-19,2220.95,Electronics,0
6479,522,2024-12-24,242.2,Entertainment,0
6480,136,2025-06-15,13078.37,Fuel,0
6481,298,2025-11-29,3023.9,Fuel,0
6482,580,2024-06-22,561.23,Dining,0
6483,103,2025-02-03,3758.28,Entertainment,0
6484,295,2025-06-07,2566.08,Grocery,0
6485,432,2025-01-05,914.53,Electronics,0
6486,419,2025-06-25,9839.79,Online Retail,0
6487,670,2026-03-02,47.56,Fuel,0
6488,463,2025-08-19,1486.33,Fuel,0
6489,18,2025-03-28,2742.89,Dining,0
6490,697,2025-10-08,2091.62,Fuel,0
6491,159,2026-08-18,780.56,Online Retail,0
6492,417,2024-01-18,11316.61,Fuel,0
6493,613,2025-07-14,94.12,Electronics,0
6494,426,2024-01-06,4380.7,Healthcare,0
6495,49,2026-07-02,52.65,Electronics,0
6496,246,2025-12-17,1370.65,Entertainment,0
6497,8,2026-05-10,1645.8,Dining,0
6498,296,2025-07-11,2901.25,Dining,0
6499,615,2025-02-07,538.99,Online Retail,0
6500,181,2024-01-05,7958.39,Healthcare,0
6501,538,2025-08-20,1180.07,Online Retail,1
6502,30,2026-06-04,638.18,Electronics,0
6503,178,2024-05-17,1659.88,Online Retail,0
6504,402,2024-08-26,4774.31,Healthcare,0
6505,677,2025-05-28,2492.36,Online Retail,0
6506,434,2025-06-04,6607.21,Dining,0
6507,499,2025-02-17,2911.4,Electronics,0
6508,541,2024-05-23,3198.46,Grocery,0
6509,84,2025-04-16,7223.88,Healthcare,0
6510,672,2025-05-06,3370.49,Healthcare,0
6511,323,2024-06-28,776.05,Fuel,0
6512,217,2025-08-15,3145.14,Entertainment,0
6513,606,2026-04-24,2227.03,Grocery,0
6514,344,2024-03-25,1190.27,Entertainment,0
6515,468,2024-03-18,3713.12,Travel,0
6516,259,2025-07-06,2383.11,Dining,0
6517,411,2026-01-31,1528.48,Travel,0
6518,107,2024-04-09,243.96,Travel,0
6519,292,2026-07-09,4774.2,Electronics,0
6520,317,2025-04-09,7624.21,Dining,0
6521,174,2024-04-13,2153.53,Electronics,0
6522,639,2025-03-12,2155.54,Electronics,0
6523,430,2025-02-26,1768.96,Entertainment,0
6524,610,2025-01-15,3065.0,Grocery,0
6525,108,2025-07-24,2701.18,Dining,0
6526,297,2024-08-28,7012.69,Fuel,0
6527,567,2026-08-24,4929.41,Dining,0
6528,115,2024-10-05,1455.76,Dining,0
6529,147,2026-04-23,96.56,Healthcare,0
6530,647,2026-03-09,4827.32,Travel,0
6531,85,2025-02-07,4615.08,Travel,0
6532,321,2024-07-07,144.65,Electronics,0
6533,51,2026-08-01,1867.82,Travel,0
6534,238,2025-07-12,2904.25,Healthcare,0
6535,571,2024-11-18,240.43,Electronics,0
6536,255,2024-05-27,1344.51,Electronics,0
6537,328,2024-11-27,158.71,Grocery,0
6538,642,2025-09-27,2372.27,Entertainment,0
6539,280,2025-05-08,1021.56,Electronics,0
6540,421,2024-03-05,4360.57,Electronics,0
6541,365,2026-01-30,4982.86,Healthcare,1
6542,503,2024-11-09,12986.46,Entertainment,0
6543,412,2024-07-06,4179.27,Fuel,0
6544,582,2025-11-13,6848.97,Travel,0
6545,617,2025-12-24,1767.12,Fuel,0
6546,691,2026-03-12,1617.34,Healthcare,0
6547,241,2024-01-03,2357.37,Travel,0
6548,125,2025-01-12,1293.82,Healthcare,0
6549,131,2024-09-12,4310.19,Dining,0
6550,552,2025-07-20,918.83,Online Retail,0
6551,609,2026-08-08,854.04,Online Retail,0
6552,170,2024-04-26,763.57,Dining,0
6553,337,2025-10-02,3684.06,Dining,0
6554,14,2025-03-09,858.83,Healthcare,0
6555,406,2025-03-26,853.03,Travel,0
6556,492,2026-07-07,871.99,Online Retail,0
6557,111,2025-12-14,65.32,Travel,0
6558,649,2024-04-02,1524.28,Online Retail,0
6559,604,2025-02-28,4427.96,Electronics,0
6560,671,2025-12-24,3995.14,Fuel,0
6561,657,2024-04-14,4110.13,Fuel,0
6562,58,2025-05-08,4937.47,Electronics,0
6563,314,2025-04-30,4510.88,Grocery,0
6564,298,2024-03-12,1769.09,Electronics,0
6565,15,2026-07-20,4617.14,Electronics,0
6566,655,2024-12-26,717.87,Travel,0
6567,19,2024-09-22,2814.66,Fuel,0
6568,487,2024-03-27,762.45,Travel,0
6569,212,2024-02-21,1332.52,Healthcare,0
6570,419,2024-07-10,7240.66,Dining,0
6571,345,2025-12-23,1808.2,Travel,0
6572,155,2024-09-18,1325.54,Grocery,0
6573,303,2025-03-19,5503.11,Grocery,0
6574,496,2025-10-07,1183.23,Entertainment,0
6575,399,2024-11-22,3884.89,Online Retail,0
6576,158,2025-02-01,3086.46,Healthcare,0
6577,181,2025-04-20,2271.51,Grocery,0
6578,488,2026-05-31,1034.83,Electronics,0
6579,147,2026-06-25,8916.85,Travel,1
6580,417,2024-10-09,1259.98,Grocery,0
6581,682,2024-08-31,7566.85,Dining,0
6582,403,2025-01-29,4122.94,Entertainment,0
6583,197,2024-07-14,5434.78,Healthcare,0
6584,469,2025-07-08,3037.19,Travel,0
6585,663,2025-06-04,9161.72,Healthcare,0
6586,455,2025-03-29,11093.88,Electronics,0
6587,401,2025-03-27,2028.19,Dining,0
6588,430,2026-04-17,1346.06,Healthcare,0
6589,49,2024-05-26,2763.32,Healthcare,0
6590,17,2026-01-17,1939.35,Online Retail,1
6591,417,2025-07-20,6645.5,Dining,0
6592,335,2026-02-12,4307.55,Travel,0
6593,690,2025-07-14,635.1,Dining,0
6594,334,2026-01-21,610.75,Healthcare,0
6595,588,2025-08-13,3197.66,Dining,0
6596,462,2025-11-25,6609.49,Dining,0
6597,213,2025-02-07,1106.31,Fuel,0
6598,605,2026-05-21,4011.53,Fuel,0
6599,67,2024-10-09,4965.98,Dining,0
6600,488,2025-11-30,4206.09,Electronics,0
6601,323,2024-11-16,456.66,Entertainment,0
6602,507,2026-02-10,1691.98,Entertainment,0
6603,70,2026-03-24,1714.09,Healthcare,0
6604,142,2024-06-29,4974.8,Electronics,0
6605,209,2025-09-01,1534.49,Dining,0
6606,396,2025-05-29,665.16,Dining,1
6607,643,2025-01-23,4707.09,Grocery,0
6608,636,2024-09-29,923.87,Fuel,0
6609,458,2025-08-20,271.79,Fuel,0
6610,80,2026-03-13,1634.37,Online Retail,0
6611,549,2024-12-06,194.57,Electronics,0
6612,595,2024-11-21,44.76,Dining,0
6613,379,2026-04-21,3770.37,Travel,0
6614,47,2026-01-06,2576.66,Electronics,0
6615,118,2025-12-10,12696.45,Dining,1
6616,565,2025-07-31,1353.49,Electronics,0
6617,106,2024-04-08,8300.14,Healthcare,0
6618,238,2024-05-26,3961.94,Dining,0
6619,537,2024-02-24,1459.01,Online Retail,0
6620,107,2024-11-02,736.58,Electronics,0
6621,301,2024-02-02,3179.95,Fuel,0
6622,479,2025-04-04,884.15,Travel,0
6623,350,2024-01-27,3121.07,Online Retail,0
6624,614,2026-08-28,849.58,Entertainment,0
6625,126,2025-04-29,570.82,Travel,0
6626,401,2024-01-13,172.03,Dining,0
6627,254,2024-06-25,2915.63,Dining,0
6628,392,2024-07-02,2329.48,Electronics,0
6629,93,2025-10-19,544.15,Grocery,0
6630,481,2026-01-20,2101.83,Healthcare,0
6631,144,2025-04-15,335.75,Grocery,0
6632,567,2025-12-09,2519.26,Grocery,0
6633,623,2024-04-01,2167.17,Electronics,0
6634,239,2024-11-01,4516.9,Dining,0
6635,502,2024-01-06,305.84,Healthcare,0
6636,383,2025-02-01,39.59,Entertainment,0
6637,597,2024-02-05,7733.06,Entertainment,0
6638,649,2026-02-10,3463.08,Entertainment,0
6639,612,2025-06-04,1108.94,Fuel,0
6640,182,2026-01-04,7234.15,Dining,0
6641,413,2025-07-25,12461.11,Grocery,0
6642,66,2024-02-06,3676.88,Dining,0
6643,213,2024-12-10,2104.39,Fuel,0
6644,255,2024-01-12,468.62,Online Retail,1
6645,345,2024-03-17,1567.09,Travel,0
6646,583,2026-07-05,467.21,Travel,0
6647,14,2026-06-30,3608.33,Entertainment,0
6648,346,2024-04-26,15508.23,Healthcare,0
6649,573,2025-01-30,3982.15,Online Retail,0
6650,162,2024-10-08,7244.33,Dining,0
6651,562,2025-02-22,2030.46,Travel,0
6652,54,2025-08-17,3504.75,Fuel,0
6653,356,2025-01-06,1745.8,Dining,0
6654,691,2026-03-02,278.55,Healthcare,0
6655,265,2024-02-27,83.92,Online Retail,0
6656,449,2025-07-22,14424.28,Electronics,0
6657,121,2025-11-23,1257.99,Entertainment,0
6658,296,2025-06-25,2072.43,Dining,0
6659,53,2025-10-10,95.59,Travel,0
6660,81,2025-08-26,1762.61,Dining,0
6661,228,2024-06-09,4745.08,Healthcare,0
6662,687,2026-02-08,4373.16,Travel,0
6663,657,2024-09-18,2552.4,Online Retail,0
6664,41,2024-06-22,5010.17,Fuel,0
6665,49,2025-06-17,1299.16,Electronics,0
6666,482,2025-09-11,7460.96,Fuel,0
6667,665,2025-01-02,19270.92,Electronics,0
6668,355,2024-02-29,6476.13,Healthcare,0
6669,371,2026-08-30,2111.92,Electronics,0
6670,422,2026-03-03,976.09,Travel,0
6671,309,2025-04-29,496.7,Electronics,0
6672,522,2024-12-06,2424.62,Travel,0
6673,87,2026-05-10,499.86,Travel,0
6674,42,2024-12-11,3137.51,Dining,0
6675,50,2024-07-18,2187.85,Electronics,0
6676,156,2024-09-02,953.47,Online Retail,0
6677,382,2025-06-26,2717.75,Travel,0
6678,184,2025-12-29,3012.73,Travel,0
6679,420,2024-11-09,3955.27,Travel,0
6680,14,2024-07-07,2323.0,Entertainment,0
6681,304,2026-06-30,3672.83,Fuel,0
6682,104,2024-04-04,6942.59,Healthcare,0
6683,202,2025-06-21,571.83,Dining,0
6684,453,2024-06-22,523.69,Healthcare,0
6685,10,2025-09-29,4843.49,Travel,0
6686,540,2024-12-31,1256.78,Fuel,0
6687,187,2024-03-15,7124.39,Grocery,0
6688,603,2024-06-12,5740.17,Travel,0
6689,501,2025-04-20,7302.61,Fuel,0
6690,634,2024-05-21,257.34,Dining,0
6691,425,2025-07-18,2207.07,Healthcare,0
6692,287,2026-02-19,3703.43,Fuel,0
6693,111,2024-10-10,699.42,Fuel,0
6694,51,2026-07-02,2093.72,Electronics,0
6695,556,2025-12-18,3288.36,Fuel,0
6696,452,2024-03-24,1050.97,Grocery,0
6697,104,2025-03-30,682.4,Dining,0
6698,67,2025-06-24,1643.7,Grocery,0
6699,557,2025-07-01,7615.16,Fuel,0
6700,42,2025-03-24,3920.19,Online Retail,0
6701,359,2024-12-17,2905.58,Online Retail,0
6702,228,2025-07-08,5437.31,Entertainment,0
6703,502,2025-10-21,2291.56,Travel,0
6704,41,2026-04-06,1400.17,Online Retail,1
6705,59,2024-04-10,751.88,Entertainment,0
6706,98,2024-05-15,1898.75,Fuel,0
6707,519,2025-05-08,4554.37,Grocery,0
6708,499,2025-02-17,1419.0,Healthcare,0
6709,506,2026-05-23,2038.47,Travel,0
6710,403,2025-07-13,1389.43,Grocery,0
6711,123,2024-08-17,5602.42,Entertainment,0
6712,160,2026-04-09,3718.31,Dining,0
6713,97,2026-04-26,1492.33,Healthcare,0
6714,88,2024-02-09,5233.1,Travel,0
6715,525,2026-05-12,357.79,Grocery,0
6716,320,2024-12-20,3830.4,Fuel,0
6717,292,2024-08-12,876.84,Travel,0
6718,103,2024-04-22,4118.63,Online Retail,0
6719,454,2024-03-19,3057.12,Online Retail,1
6720,583,2024-02-28,3144.34,Healthcare,0
6721,7,2026-01-15,3260.98,Fuel,0
6722,653,2026-05-31,2029.21,Online Retail,0
6723,129,2026-07-23,3071.13,Entertainment,0
6724,638,2025-05-12,520.9,Entertainment,0
6725,523,2024-09-06,2069.56,Healthcare,0
6726,624,2026-05-16,487.06,Online Retail,0
6727,140,2026-06-09,9305.77,Online Retail,0
6728,395,2025-01-25,877.93,Healthcare,0
6729,57,2024-07-21,8047.25,Fuel,0
6730,314,2026-03-29,5925.88,Fuel,0
6731,123,2024-12-16,1655.17,Entertainment,0
6732,50,2025-06-07,1130.69,Healthcare,0
6733,583,2026-05-13,1853.48,Fuel,0
6734,530,2024-06-11,11718.83,Fuel,0
6735,243,2024-10-23,1507.62,Grocery,0
6736,290,2024-07-25,6926.97,Dining,0
6737,372,2026-01-06,7969.98,Online Retail,0
6738,425,2024-04-24,1251.67,Travel,0
6739,405,2024-05-23,2028.04,Fuel,0
6740,214,2024-11-18,2954.18,Dining,0
6741,261,2025-01-04,2958.29,Healthcare,0
6742,693,2025-12-27,2239.16,Travel,0
6743,66,2026-07-06,1902.8,Dining,0
6744,284,2025-08-02,4802.92,Electronics,0
6745,180,2024-08-08,6032.1,Electronics,0
6746,171,2025-10-06,5271.63,Fuel,0
6747,111,2025-11-15,2273.75,Online Retail,0
6748,70,2024-03-23,4320.71,Fuel,0
6749,637,2026-06-15,2444.37,Entertainment,0
6750,610,2025-05-13,1791.96,Online Retail,0
6751,519,2026-02-04,2629.8,Grocery,0
6752,650,2024-02-20,1499.17,Fuel,0
6753,577,2026-07-13,7255.94,Electronics,0
6754,90,2026-08-06,4859.42,Grocery,0
6755,569,2026-07-09,892.29,Electronics,0
6756,566,2025-05-30,1012.71,Healthcare,0
6757,2,2024-04-20,3095.15,Electronics,0
6758,616,2025-03-16,2424.07,Entertainment,0
6759,525,2025-08-09,1349.54,Fuel,0
6760,696,2025-03-13,1656.66,Travel,0
6761,338,2025-02-20,1167.05,Grocery,0
6762,520,2024-12-07,3259.7,Travel,0
6763,543,2025-10-27,5668.18,Entertainment,0
6764,467,2025-07-12,2604.91,Dining,0
6765,672,2025-12-24,1973.84,Electronics,0
6766,100,2024-03-19,743.38,Entertainment,0
6767,251,2024-08-27,362.67,Grocery,0
6768,68,2026-05-06,519.08,Dining,0
6769,424,2026-02-18,3300.21,Travel,0
6770,18,2025-10-18,3391.3,Dining,0
6771,214,2025-02-02,190.87,Dining,0
6772,518,2025-02-21,488.13,Dining,0
6773,626,2025-10-02,1455.18,Healthcare,0
6774,156,2026-01-22,1585.2,Grocery,0
6775,178,2025-02-21,13676.66,Fuel,0
6776,19,2026-05-25,104.56,Fuel,0
6777,246,2024-12-03,1818.45,Entertainment,0
6778,493,2024-11-08,395.57,Entertainment,0
6779,622,2025-11-07,3119.67,Dining,0
6780,295,2026-02-09,1280.78,Fuel,0
6781,71,2025-06-12,1553.84,Grocery,0
6782,225,2026-07-16,4531.38,Healthcare,0
6783,346,2026-04-11,12177.72,Entertainment,0
6784,425,2024-07-20,2195.4,Healthcare,0
6785,407,2026-02-05,2551.94,Fuel,0
6786,561,2026-03-01,5031.83,Healthcare,0
6787,406,2026-04-26,2388.57,Fuel,0
6788,283,2025-05-27,2332.34,Electronics,0
6789,85,2026-01-16,4493.38,Dining,0
6790,656,2025-12-06,138.7,Grocery,0
6791,28,2026-06-12,3061.66,Electronics,0
6792,231,2024-10-16,1241.87,Dining,0
6793,292,2024-06-01,7052.84,Travel,0
6794,624,2026-01-17,3048.48,Grocery,0
6795,318,2025-09-16,1239.65,Travel,0
6796,290,2026-08-10,3897.18,Dining,0
6797,660,2024-03-21,5072.16,Travel,0
6798,256,2024-02-03,2416.62,Dining,0
6799,529,2025-05-02,7979.64,Travel,0
6800,23,2025-08-15,6670.9,Dining,0
6801,420,2026-04-19,2964.22,Fuel,0
6802,510,2025-10-13,1405.88,Electronics,0
6803,148,2025-12-08,1796.55,Healthcare,0
6804,532,2025-01-13,1265.16,Travel,0
6805,632,2025-07-22,2901.32,Entertainment,0
6806,38,2024-05-16,2150.68,Travel,0
6807,136,2025-11-07,2467.04,Grocery,0
6808,101,2024-05-16,2921.86,Fuel,0
6809,664,2024-06-17,6057.5,Entertainment,0
6810,204,2024-06-10,1490.89,Fuel,0
6811,663,2026-06-26,1598.75,Travel,0
6812,266,2024-06-18,4407.0,Healthcare,0
6813,685,2024-07-26,8301.35,Fuel,0
6814,394,2026-08-28,3528.46,Dining,0
6815,199,2024-06-11,13556.63,Grocery,0
6816,356,2025-06-14,2300.47,Online Retail,0
6817,97,2024-05-16,3750.29,Electronics,0
6818,140,2025-03-12,1514.42,Online Retail,0
6819,441,2026-07-01,5188.89,Healthcare,0
6820,528,2024-11-16,3297.62,Fuel,0
6821,296,2025-03-25,17063.8,Fuel,0
6822,599,2026-05-04,1358.74,Entertainment,0
6823,272,2025-06-03,77.9,Electronics,0
6824,262,2026-07-13,887.14,Grocery,0
6825,390,2025-01-04,1217.79,Entertainment,0
6826,276,2024-08-13,3506.16,Travel,0
6827,483,2024-01-27,4925.88,Healthcare,0
6828,632,2025-01-20,387.86,Electronics,0
6829,233,2024-03-05,3924.36,Dining,0
6830,342,2025-07-15,118.72,Healthcare,0
6831,235,2024-01-16,697.23,Electronics,0
6832,414,2024-04-10,5647.2,Electronics,1
6833,428,2025-06-09,8336.34,Travel,0
6834,316,2025-08-15,5784.14,Online Retail,0
6835,50,2024-07-07,1749.39,Online Retail,0
6836,649,2025-12-24,1070.0,Online Retail,0
6837,490,2025-01-27,6430.61,Travel,0
6838,505,2024-07-01,878.37,Healthcare,0
6839,560,2025-03-24,3960.24,Dining,0
6840,19,2026-06-18,1403.06,Dining,0
6841,616,2025-06-03,3645.79,Entertainment,0
6842,61,2026-04-13,357.06,Entertainment,0
6843,528,2026-05-20,8857.88,Entertainment,0
6844,669,2024-08-08,444.1,Fuel,1
6845,355,2024-02-12,799.83,Dining,0
6846,501,2025-10-16,2901.73,Grocery,0
6847,612,2025-04-26,7777.21,Entertainment,0
6848,397,2024-12-16,637.41,Travel,0
6849,344,2024-05-08,1780.17,Dining,0
6850,566,2024-05-23,2382.34,Travel,0
6851,551,2026-06-22,5857.89,Dining,0
6852,59,2024-05-19,516.98,Travel,0
6853,45,2026-06-13,4393.03,Electronics,0
6854,499,2024-09-15,7030.74,Travel,0
6855,497,2024-05-16,3172.29,Electronics,0
6856,569,2025-05-21,255.76,Healthcare,0
6857,59,2024-04-24,4714.28,Online Retail,0
6858,110,2024-09-22,7468.33,Grocery,0
6859,20,2024-04-17,1750.94,Healthcare,0
6860,199,2024-01-20,380.7,Online Retail,0
6861,352,2024-04-05,3257.48,Fuel,0
6862,253,2026-08-02,2302.36,Dining,0
6863,84,2024-06-03,4578.2,Online Retail,0
6864,388,2024-08-03,3351.11,Grocery,0
6865,228,2024-05-31,2233.86,Travel,0
6866,202,2024-03-14,1974.03,Fuel,0
6867,542,2024-06-08,3287.47,Entertainment,0
6868,223,2024-04-10,692.46,Electronics,0
6869,386,2024-05-24,5832.92,Online Retail,0
6870,47,2025-03-21,7070.47,Entertainment,0
6871,514,2025-01-03,1996.9,Healthcare,0
6872,380,2024-06-24,1627.51,Online Retail,0
6873,549,2024-09-04,917.94,Healthcare,0
6874,212,2025-03-30,425.5,Online Retail,0
6875,337,2025-02-10,1432.47,Dining,0
6876,300,2024-04-27,2628.42,Entertainment,0
6877,690,2026-05-21,4738.83,Online Retail,0
6878,72,2025-01-14,528.35,Entertainment,0
6879,142,2024-12-09,2092.92,Electronics,0
6880,679,2025-07-13,2237.8,Grocery,0
6881,60,2024-10-06,3823.99,Travel,0
6882,195,2025-08-29,1252.42,Electronics,0
6883,223,2026-06-10,7935.93,Fuel,0
6884,551,2026-04-03,5629.79,Healthcare,0
6885,534,2024-11-09,2875.14,Electronics,0
6886,608,2024-04-02,7262.61,Healthcare,0
6887,68,2024-04-28,4030.72,Healthcare,0
6888,151,2024-07-24,6523.78,Grocery,0
6889,327,2025-08-26,5194.97,Dining,0
6890,512,2025-04-25,3551.68,Dining,0
6891,400,2024-10-01,3678.12,Entertainment,0
6892,366,2024-07-09,2973.36,Fuel,0
6893,566,2025-05-21,14096.21,Healthcare,0
6894,139,2026-07-26,5911.85,Dining,1
6895,593,2026-01-18,2730.84,Travel,0
6896,462,2024-09-06,7695.59,Healthcare,0
6897,168,2025-07-05,1235.79,Grocery,0
6898,307,2025-05-10,3116.65,Dining,0
6899,192,2026-02-27,1271.01,Grocery,0
6900,217,2024-12-01,2531.93,Grocery,0
6901,479,2024-12-02,1716.87,Grocery,0
6902,213,2025-03-12,2692.67,Electronics,0
6903,602,2024-06-13,1241.55,Travel,0
6904,69,2026-04-28,3195.99,Entertainment,0
6905,118,2025-01-19,465.86,Grocery,0
6906,640,2026-04-19,1895.22,Entertainment,0
6907,506,2025-02-05,1404.67,Dining,0
6908,308,2025-10-20,6207.96,Healthcare,0
6909,167,2025-11-29,9837.16,Fuel,0
6910,179,2026-02-10,3806.23,Online Retail,0
6911,127,2025-10-31,2423.89,Healthcare,1
6912,629,2025-11-03,1404.82,Online Retail,0
6913,237,2024-10-28,3085.6,Entertainment,0
6914,656,2024-03-02,4687.59,Entertainment,0
6915,557,2026-06-25,5998.49,Grocery,0
6916,251,2026-04-03,4768.65,Electronics,0
6917,520,2024-09-25,1191.95,Entertainment,0
6918,334,2024-01-21,1574.98,Healthcare,0
6919,336,2026-08-29,703.96,Fuel,0
6920,539,2024-03-21,1026.89,Dining,0
6921,500,2024-02-01,4633.34,Online Retail,0
6922,154,2026-08-21,2379.28,Online Retail,0
6923,285,2025-10-18,4803.94,Electronics,0
6924,655,2025-08-10,5519.12,Healthcare,0
6925,148,2025-08-27,2812.58,Dining,0
6926,500,2025-12-23,5024.18,Healthcare,0
6927,591,2025-07-24,1941.44,Travel,0
6928,421,2025-12-29,2887.71,Healthcare,0
6929,38,2026-01-29,442.72,Dining,0
6930,596,2024-07-25,1821.7,Dining,0
6931,631,2025-07-30,1060.03,Travel,0
6932,451,2024-11-19,304.76,Fuel,0
6933,553,2025-08-17,3406.46,Electronics,0
6934,32,2024-06-15,2136.28,Electronics,0
6935,507,2026-05-05,1634.29,Travel,0
6936,564,2024-09-15,1722.48,Online Retail,0
6937,399,2024-07-01,515.12,Online Retail,1
6938,367,2024-04-28,4227.17,Online Retail,0
6939,568,2025-06-01,4216.32,Travel,0
6940,464,2024-12-13,1177.94,Electronics,0
6941,20,2025-11-25,654.4,Online Retail,0
6942,129,2025-02-11,3443.38,Online Retail,1
6943,414,2024-10-27,8248.31,Dining,0
6944,424,2024-11-02,2546.13,Dining,0
6945,183,2024-08-01,4708.29,Entertainment,0
6946,98,2025-11-11,1538.32,Online Retail,0
6947,448,2024-05-05,2995.32,Travel,0
6948,217,2026-06-07,106.0,Travel,0
6949,473,2024-09-13,1397.95,Entertainment,0
6950,463,2024-01-10,630.52,Dining,0
6951,151,2025-10-11,11366.31,Grocery,0
6952,538,2025-11-24,2390.01,Electronics,0
6953,109,2025-08-22,15947.21,Grocery,0
6954,280,2024-12-18,2364.2,Grocery,0
6955,412,2024-06-16,3398.41,Travel,0
6956,621,2026-05-01,2114.85,Dining,0
6957,659,2025-04-23,1624.9,Entertainment,0
6958,486,2025-04-08,3294.83,Healthcare,0
6959,465,2024-07-27,4524.64,Online Retail,0
6960,351,2026-02-01,882.59,Entertainment,0
6961,339,2026-07-01,1585.49,Travel,0
6962,390,2025-09-20,414.26,Entertainment,0
6963,655,2025-12-07,213.49,Grocery,0
6964,456,2025-11-22,4520.62,Grocery,0
6965,574,2024-06-17,4110.78,Healthcare,0
6966,387,2025-03-28,1952.76,Dining,0
6967,513,2024-10-09,4116.58,Healthcare,0
6968,596,2025-01-27,4698.48,Electronics,0
6969,307,2026-04-11,6164.96,Travel,0
6970,452,2026-03-21,115.69,Healthcare,0
6971,344,2025-06-27,2462.83,Grocery,0
6972,358,2024-04-23,639.62,Entertainment,0
6973,186,2024-12-13,1035.37,Entertainment,0
6974,586,2025-12-06,935.79,Travel,0
6975,572,2025-08-06,3170.41,Travel,0
6976,645,2025-06-28,1323.24,Electronics,0
6977,200,2025-01-14,113.04,Electronics,0
6978,700,2026-08-03,3680.18,Healthcare,0
6979,493,2026-06-07,619.69,Entertainment,0
6980,239,2025-09-20,661.08,Online Retail,0
6981,613,2026-05-01,17638.63,Online Retail,0
6982,392,2024-06-23,7477.32,Grocery,0
6983,387,2024-06-05,1328.0,Electronics,0
6984,530,2025-11-26,797.07,Travel,0
6985,110,2025-10-22,4361.39,Dining,0
6986,326,2024-08-26,20938.19,Electronics,0
6987,18,2026-03-27,8973.78,Dining,0
6988,299,2025-12-29,4718.76,Fuel,0
6989,472,2024-07-24,8917.49,Dining,0
6990,692,2025-08-17,3860.27,Online Retail,0
6991,158,2026-04-29,8442.44,Online Retail,1
6992,613,2026-01-19,1123.26,Dining,0
6993,28,2025-02-13,6037.89,Electronics,0
6994,10,2026-03-09,2247.45,Entertainment,0
6995,241,2024-10-27,4592.21,Dining,0
6996,203,2026-08-08,9261.74,Dining,0
6997,408,2026-08-17,1798.37,Fuel,0
6998,136,2024-10-20,1034.95,Online Retail,0
6999,387,2025-11-01,6501.8,Fuel,0
7000,692,2026-07-27,3113.24,Healthcare,1
7001,118,2024-10-10,3397.38,Electronics,0
7002,303,2025-11-28,985.69,Online Retail,0
7003,423,2025-05-31,4324.43,Healthcare,0
7004,301,2025-03-08,5516.21,Online Retail,0
7005,288,2025-09-19,1333.21,Fuel,0
7006,27,2025-04-10,2216.24,Travel,0
7007,335,2025-11-25,1352.63,Entertainment,0
7008,649,2026-07-24,3986.0,Online Retail,0
7009,613,2024-07-23,7426.69,Travel,0
7010,559,2024-06-20,1500.44,Entertainment,0
7011,55,2025-08-24,11129.65,Entertainment,0
7012,88,2026-07-26,2048.84,Dining,0
7013,370,2026-04-06,3134.39,Grocery,0
7014,209,2025-01-29,16348.0,Electronics,0
7015,122,2026-02-22,4164.83,Entertainment,0
7016,130,2026-06-08,2125.84,Entertainment,0
7017,128,2024-10-13,5390.76,Healthcare,0
7018,65,2024-04-12,1333.57,Electronics,0
7019,428,2026-08-03,1434.75,Dining,0
7020,290,2024-06-03,618.08,Fuel,0
7021,469,2024-01-13,1168.2,Grocery,0
7022,151,2024-11-07,2083.48,Fuel,0
7023,425,2026-01-29,3870.57,Healthcare,1
7024,130,2025-12-28,4229.29,Healthcare,0
7025,647,2024-11-05,1847.23,Dining,0
7026,121,2025-10-30,3203.49,Online Retail,0
7027,557,2026-07-06,7925.64,Online Retail,0
7028,480,2024-01-07,5130.63,Dining,0
7029,140,2026-04-19,1005.32,Dining,0
7030,64,2025-08-08,2514.39,Healthcare,0
7031,446,2026-05-09,7055.78,Electronics,0
7032,31,2024-02-17,1204.98,Healthcare,0
7033,435,2024-09-02,919.47,Grocery,0
7034,475,2025-01-08,1334.04,Electronics,1
7035,453,2026-02-15,2144.39,Entertainment,0
7036,684,2025-10-22,986.2,Online Retail,0
7037,301,2024-11-20,1395.71,Travel,0
7038,352,2024-08-23,8148.06,Grocery,0
7039,664,2025-03-12,7216.37,Dining,0
7040,603,2024-06-10,87.9,Entertainment,0
7041,325,2026-05-31,287.68,Fuel,0
7042,296,2026-03-21,5125.25,Grocery,0
7043,553,2025-12-03,1270.96,Healthcare,0
7044,396,2025-04-12,859.09,Dining,0
7045,337,2025-09-16,3613.62,Travel,1
7046,572,2024-09-04,4554.6,Fuel,0
7047,552,2024-05-05,5066.76,Healthcare,0
7048,291,2024-08-14,4729.09,Healthcare,0
7049,277,2025-06-08,3829.76,Electronics,0
7050,469,2026-07-24,1977.96,Electronics,0
7051,1,2024-04-30,5832.36,Healthcare,0
7052,548,2024-10-24,5501.71,Travel,0
7053,350,2024-03-14,6487.81,Entertainment,0
7054,612,2025-03-06,927.3,Electronics,0
7055,384,2026-07-11,872.0,Entertainment,0
7056,272,2024-02-19,16798.96,Dining,0
7057,81,2025-07-31,6515.63,Grocery,0
7058,1,2024-05-30,1314.18,Grocery,0
7059,466,2024-01-06,1936.84,Dining,0
7060,140,2025-06-08,4630.22,Grocery,0
7061,598,2025-04-02,5191.58,Entertainment,0
7062,347,2026-05-27,187.91,Grocery,0
7063,608,2024-10-06,3499.93,Healthcare,0
7064,327,2025-09-10,5505.63,Healthcare,0
7065,264,2024-05-30,1401.23,Entertainment,0
7066,99,2025-07-18,197.31,Electronics,0
7067,288,2026-03-09,4882.24,Online Retail,0
7068,575,2025-01-10,468.93,Online Retail,0
7069,601,2024-05-29,7552.2,Healthcare,0
7070,335,2025-05-07,766.71,Healthcare,0
7071,699,2024-06-11,3174.83,Grocery,0
7072,26,2025-09-22,247.29,Online Retail,0
7073,37,2024-08-14,3062.18,Electronics,0
7074,43,2025-10-06,2522.21,Grocery,0
7075,44,2025-11-25,1901.75,Online Retail,0
7076,4,2026-09-01,1383.85,Dining,0
7077,38,2024-07-04,1984.27,Healthcare,0
7078,558,2026-06-27,1450.72,Online Retail,0
7079,324,2024-11-09,4573.91,Electronics,0
7080,547,2024-05-30,3242.54,Travel,0
7081,550,2026-05-29,2903.9,Healthcare,0
7082,484,2025-07-10,3091.33,Fuel,0
7083,66,2025-07-05,1645.33,Electronics,0
7084,86,2024-10-21,3687.08,Online Retail,0
7085,483,2024-06-17,5551.04,Online Retail,0
7086,669,2024-02-29,4141.56,Entertainment,0
7087,120,2026-04-18,5429.62,Fuel,0
7088,445,2024-01-21,4486.0,Healthcare,0
7089,24,2025-05-14,3571.09,Healthcare,0
7090,140,2024-09-17,616.98,Electronics,0
7091,417,2026-03-24,1148.52,Dining,0
7092,458,2025-11-16,242.96,Dining,1
7093,416,2024-03-17,5544.74,Electronics,0
7094,317,2024-05-05,638.84,Fuel,0
7095,199,2024-06-06,1014.93,Healthcare,0
7096,560,2025-11-26,1758.44,Grocery,0
7097,226,2024-03-30,1771.4,Entertainment,0
7098,499,2024-08-16,2111.94,Healthcare,0
7099,248,2025-04-14,5666.83,Fuel,0
7100,362,2024-06-29,3518.92,Healthcare,0
7101,651,2025-01-12,4270.65,Healthcare,0
7102,279,2024-10-23,892.64,Entertainment,0
7103,607,2025-02-09,4350.2,Grocery,1
7104,43,2024-01-28,830.67,Entertainment,0
7105,370,2024-12-23,2038.98,Fuel,0
7106,359,2025-06-07,1333.38,Healthcare,0
7107,675,2025-02-17,1426.06,Dining,0
7108,186,2026-07-06,13696.91,Dining,0
7109,408,2025-01-06,1549.85,Online Retail,0
7110,411,2024-10-23,156.94,Dining,0
7111,72,2024-06-04,5352.79,Travel,0
7112,697,2025-08-21,2222.05,Electronics,0
7113,342,2025-07-08,4122.44,Grocery,0
7114,306,2024-02-20,1014.14,Entertainment,1
7115,627,2026-04-27,2116.67,Dining,0
7116,48,2026-08-12,2456.74,Travel,0
7117,464,2026-08-27,2440.41,Fuel,0
7118,14,2026-01-28,2224.42,Entertainment,0
7119,667,2024-04-24,5066.71,Online Retail,0
7120,568,2026-05-23,5719.96,Fuel,0
7121,372,2025-02-04,967.24,Healthcare,0
7122,275,2026-04-22,5439.52,Grocery,0
7123,639,2024-08-23,1093.13,Entertainment,0
7124,172,2025-10-31,3892.27,Online Retail,0
7125,537,2025-07-06,124.54,Healthcare,0
7126,290,2025-03-23,5109.13,Electronics,0
7127,576,2024-12-17,3547.71,Travel,0
7128,524,2024-02-22,1184.67,Online Retail,0
7129,695,2026-05-05,2658.06,Entertainment,0
7130,423,2025-12-05,2216.52,Electronics,0
7131,212,2026-06-30,2941.96,Online Retail,0
7132,622,2025-05-19,3015.35,Travel,0
7133,440,2024-11-12,2252.3,Entertainment,0
7134,493,2025-08-23,8403.79,Fuel,0
7135,180,2024-12-13,1568.19,Dining,0
7136,372,2026-07-04,3814.65,Entertainment,0
7137,598,2025-06-05,3353.54,Electronics,0
7138,257,2025-10-22,1742.57,Dining,0
7139,411,2025-09-11,7613.67,Online Retail,0
7140,145,2025-01-13,888.65,Dining,0
7141,124,2026-01-03,4482.89,Electronics,0
7142,540,2025-04-24,3786.14,Travel,0
7143,295,2024-04-07,3490.5,Healthcare,0
7144,144,2025-02-02,2633.65,Electronics,0
7145,128,2024-02-19,5407.57,Online Retail,0
7146,88,2025-12-17,576.8,Electronics,0
7147,321,2025-10-23,1139.93,Dining,0
7148,218,2026-05-23,3623.91,Dining,0
7149,55,2025-04-11,1234.97,Electronics,0
7150,337,2026-08-24,987.73,Healthcare,0
7151,676,2025-10-17,6871.77,Travel,0
7152,686,2025-01-11,7177.82,Fuel,0
7153,418,2024-10-21,3832.38,Travel,0
7154,405,2026-07-13,1269.54,Dining,0
7155,694,2024-06-16,1610.59,Grocery,0
7156,531,2024-01-17,3088.09,Electronics,0
7157,122,2024-04-18,2100.79,Electronics,1
7158,369,2025-11-03,4614.61,Online Retail,0
7159,270,2026-02-05,735.71,Fuel,0
7160,102,2025-05-11,763.31,Electronics,0
7161,652,2025-01-27,2266.88,Grocery,0
7162,413,2024-06-27,7206.02,Travel,0
7163,485,2024-03-21,3740.8,Dining,0
7164,555,2025-12-27,2845.75,Grocery,0
7165,50,2024-08-28,2829.66,Fuel,0
7166,222,2026-08-18,6946.14,Dining,0
7167,619,2026-04-19,9928.77,Electronics,0
7168,143,2026-01-21,705.62,Dining,0
7169,133,2025-04-14,3147.09,Entertainment,0
7170,432,2024-12-15,3419.66,Entertainment,0
7171,184,2026-04-12,1621.02,Dining,0
7172,582,2024-02-16,1084.1,Entertainment,0
7173,513,2026-07-10,186.12,Healthcare,0
7174,539,2026-03-13,2666.83,Travel,0
7175,498,2024-03-06,9504.1,Electronics,0
7176,105,2024-08-01,5433.17,Grocery,0
7177,463,2026-07-08,2685.84,Grocery,0
7178,121,2025-10-08,3643.83,Dining,0
7179,4,2024-12-27,2596.44,Grocery,0
7180,684,2026-03-23,2578.93,Online Retail,0
7181,175,2025-11-11,5446.63,Travel,0
7182,488,2026-06-20,2756.75,Electronics,0
7183,242,2025-01-28,678.45,Travel,0
7184,491,2025-07-27,902.43,Fuel,0
7185,281,2025-08-22,1681.09,Electronics,0
7186,309,2024-02-11,3514.66,Travel,0
7187,52,2025-10-15,975.14,Travel,0
7188,325,2025-11-30,202.72,Entertainment,0
7189,473,2024-05-09,1825.65,Grocery,0
7190,500,2026-03-02,4026.32,Electronics,0
7191,624,2025-02-24,5815.69,Entertainment,0
7192,413,2025-02-20,1108.01,Online Retail,0
7193,693,2024-07-20,2203.65,Travel,0
7194,440,2026-04-10,761.48,Grocery,0
7195,559,2024-04-26,1518.01,Online Retail,0
7196,104,2026-08-12,268.5,Online Retail,1
7197,142,2025-07-31,527.75,Entertainment,0
7198,412,2024-08-18,501.94,Grocery,0
7199,358,2025-10-25,6067.06,Entertainment,0
7200,346,2025-11-29,973.47,Fuel,0
7201,642,2024-09-08,4715.04,Fuel,0
7202,334,2026-05-04,538.26,Healthcare,0
7203,47,2024-01-08,2370.86,Travel,0
7204,367,2024-05-03,3181.61,Fuel,0
7205,160,2026-08-04,3774.1,Entertainment,0
7206,24,2026-01-11,160.8,Fuel,0
7207,186,2025-04-07,3860.94,Entertainment,0
7208,1,2024-11-04,4379.11,Grocery,0
7209,427,2025-09-27,826.47,Healthcare,0
7210,326,2025-11-04,4108.14,Entertainment,0
7211,667,2024-03-14,9105.78,Fuel,0
7212,44,2025-02-26,4045.86,Grocery,0
7213,338,2025-08-27,49.94,Electronics,0
7214,641,2025-07-27,3841.39,Travel,0
7215,395,2026-01-13,520.37,Online Retail,0
7216,253,2026-06-08,3198.5,Healthcare,0
7217,448,2024-02-16,4142.47,Electronics,1
7218,191,2025-06-03,3174.86,Electronics,0
7219,597,2025-05-25,5113.58,Electronics,0
7220,466,2024-07-21,1068.55,Electronics,0
7221,201,2024-05-18,4265.74,Dining,0
7222,54,2026-05-31,1698.33,Healthcare,0
7223,439,2024-05-23,4171.15,Dining,0
7224,629,2025-03-07,653.3,Healthcare,0
7225,648,2025-08-22,1185.19,Fuel,0
7226,465,2025-04-10,4767.01,Online Retail,0
7227,658,2025-08-26,2273.68,Dining,0
7228,571,2024-01-28,1016.14,Healthcare,0
7229,268,2025-06-23,4947.75,Grocery,0
7230,593,2026-02-27,1191.49,Dining,0
7231,79,2025-05-12,3616.02,Dining,0
7232,623,2026-08-25,1269.56,Healthcare,0
7233,648,2025-04-03,9046.38,Travel,0
7234,395,2024-10-27,2787.31,Electronics,0
7235,645,2025-04-14,2371.71,Fuel,0
7236,94,2024-10-19,5752.66,Fuel,0
7237,69,2024-11-22,1089.99,Dining,0
7238,241,2025-03-17,4601.66,Fuel,0
7239,57,2024-09-07,951.99,Dining,0
7240,168,2024-02-03,2230.13,Electronics,0
7241,130,2024-09-16,1400.58,Healthcare,0
7242,320,2024-01-30,571.73,Electronics,0
7243,453,2026-06-04,582.23,Online Retail,0
7244,140,2026-04-26,1420.07,Electronics,0
7245,212,2024-09-17,4371.47,Healthcare,0
7246,517,2026-05-23,16768.33,Electronics,0
7247,169,2024-12-31,596.43,Online Retail,0
7248,234,2024-12-29,2182.61,Entertainment,1
7249,560,2025-05-06,1723.12,Entertainment,0
7250,277,2026-06-08,4526.47,Electronics,0
7251,171,2025-12-25,7143.03,Online Retail,0
7252,562,2025-09-11,2970.0,Travel,0
7253,673,2026-01-27,651.59,Grocery,0
7254,632,2026-05-03,1735.58,Entertainment,0
7255,307,2025-12-04,3768.26,Fuel,0
7256,16,2025-04-01,1824.74,Dining,1
7257,296,2024-10-22,812.23,Fuel,0
7258,536,2025-03-30,2437.08,Electronics,0
7259,661,2024-06-08,1922.66,Entertainment,0
7260,49,2025-08-14,3124.19,Dining,0
7261,85,2026-03-07,4721.2,Fuel,0
7262,202,2024-01-28,6833.21,Entertainment,0
7263,81,2026-05-02,10223.79,Electronics,0
7264,124,2025-09-14,13621.07,Entertainment,0
7265,304,2026-06-09,420.87,Dining,0
7266,177,2025-11-21,3414.51,Grocery,0
7267,411,2026-04-16,189.75,Dining,0
7268,664,2026-01-02,2989.59,Dining,0
7269,356,2024-12-18,4286.84,Fuel,0
7270,356,2025-06-10,466.79,Fuel,0
7271,669,2024-05-29,10616.51,Travel,0
7272,425,2026-03-27,509.74,Entertainment,0
7273,696,2025-10-15,749.07,Travel,0
7274,647,2025-07-23,4337.56,Online Retail,0
7275,29,2025-09-25,3457.46,Entertainment,0
7276,657,2025-11-13,3528.59,Electronics,0
7277,116,2024-08-29,16.78,Dining,0
7278,188,2025-08-20,3748.51,Grocery,0
7279,388,2025-08-27,3270.11,Healthcare,0
7280,541,2025-11-03,1356.91,Healthcare,0
7281,666,2026-08-31,295.95,Entertainment,0
7282,323,2024-11-24,2383.51,Entertainment,0
7283,196,2024-06-13,4812.85,Healthcare,0
7284,270,2026-08-25,6264.92,Travel,0
7285,257,2025-01-04,1771.7,Dining,0
7286,206,2024-10-04,7051.95,Grocery,0
7287,162,2025-01-16,249.63,Electronics,0
7288,497,2026-02-08,4867.54,Dining,0
7289,678,2024-07-27,2293.6,Healthcare,0
7290,418,2024-01-20,229.37,Healthcare,0
7291,108,2026-02-07,6092.93,Fuel,0
7292,468,2025-05-15,2332.48,Electronics,0
7293,396,2025-11-20,5175.29,Travel,0
7294,281,2024-09-15,2105.12,Electronics,0
7295,17,2024-07-30,2043.81,Healthcare,0
7296,544,2025-03-26,1331.03,Healthcare,0
7297,422,2026-04-16,2442.27,Fuel,0
7298,165,2025-12-18,3615.66,Travel,0
7299,275,2025-02-19,2202.79,Healthcare,0
7300,370,2024-06-09,534.44,Healthcare,0
7301,396,2025-06-21,3367.79,Fuel,0
7302,460,2024-02-23,3370.71,Healthcare,0
7303,57,2025-10-29,503.47,Fuel,0
7304,375,2025-02-25,1172.12,Entertainment,0
7305,64,2026-05-02,453.78,Travel,0
7306,116,2026-08-01,2501.81,Electronics,0
7307,65,2024-08-09,4280.71,Travel,0
7308,435,2024-04-23,3836.09,Electronics,0
7309,585,2025-07-31,292.48,Online Retail,1
7310,678,2024-02-17,2366.43,Electronics,0
7311,507,2025-10-16,672.36,Dining,0
7312,548,2026-05-06,419.38,Grocery,0
7313,90,2026-05-14,2372.76,Dining,0
7314,5,2026-01-17,1377.38,Online Retail,0
7315,222,2026-01-22,9345.79,Travel,0
7316,254,2024-09-01,10140.26,Healthcare,0
7317,306,2026-06-10,4266.08,Healthcare,0
7318,466,2026-01-05,1278.36,Grocery,0
7319,70,2024-03-14,150.31,Healthcare,0
7320,73,2025-07-31,1211.88,Dining,0
7321,588,2025-02-18,4869.41,Electronics,0
7322,406,2024-05-31,1525.19,Online Retail,0
7323,255,2024-10-25,286.09,Online Retail,0
7324,584,2026-07-01,8092.1,Electronics,0
7325,470,2025-04-29,824.24,Electronics,0
7326,587,2024-05-30,962.71,Dining,0
7327,450,2026-03-01,6678.91,Electronics,0
7328,354,2024-08-22,2895.39,Fuel,0
7329,641,2025-04-25,3037.49,Electronics,0
7330,694,2024-05-06,3108.08,Healthcare,0
7331,520,2024-02-04,696.43,Electronics,0
7332,441,2026-08-13,4060.35,Grocery,0
7333,25,2025-10-16,5596.76,Dining,0
7334,609,2025-08-09,2565.45,Electronics,0
7335,109,2024-01-11,1939.04,Travel,0
7336,23,2025-08-17,7142.57,Dining,0
7337,312,2024-04-05,5071.6,Electronics,0
7338,55,2024-05-29,877.21,Grocery,0
7339,66,2025-12-10,4564.37,Online Retail,0
7340,325,2025-05-15,2026.17,Online Retail,0
7341,275,2026-03-21,3041.81,Healthcare,0
7342,90,2024-12-14,9691.29,Fuel,0
7343,685,2024-11-06,277.46,Dining,0
7344,145,2026-03-15,83.87,Electronics,0
7345,144,2025-07-08,1170.95,Grocery,0
7346,565,2026-06-10,1963.32,Grocery,0
7347,494,2025-06-17,961.67,Fuel,0
7348,249,2024-06-30,4136.57,Dining,0
7349,182,2024-02-24,3605.32,Healthcare,0
7350,640,2024-07-31,2442.81,Entertainment,0
7351,24,2025-06-15,3254.68,Fuel,0
7352,449,2025-09-30,3104.77,Electronics,0
7353,69,2024-01-11,7653.91,Healthcare,1
7354,3,2024-09-18,754.03,Healthcare,0
7355,73,2026-03-10,2927.28,Grocery,0
7356,394,2025-01-20,6572.49,Healthcare,0
7357,210,2025-12-30,1840.98,Electronics,0
7358,484,2024-12-29,2384.56,Travel,0
7359,673,2024-10-03,4944.07,Online Retail,0
7360,28,2025-11-05,125.93,Dining,0
7361,435,2024-09-12,5650.71,Dining,0
7362,638,2025-10-05,3374.45,Dining,0
7363,87,2024-07-04,4495.22,Electronics,0
7364,293,2026-01-03,4226.02,Electronics,0
7365,50,2026-07-17,346.87,Entertainment,0
7366,76,2026-06-03,416.71,Entertainment,0
7367,680,2026-04-04,46.31,Dining,0
7368,176,2024-01-10,345.3,Entertainment,0
7369,120,2026-03-27,682.47,Healthcare,0
7370,627,2025-08-30,2501.6,Entertainment,0
7371,190,2025-03-30,6890.25,Entertainment,0
7372,195,2026-02-24,1711.45,Online Retail,0
7373,590,2026-03-02,2276.22,Grocery,0
7374,531,2026-06-29,2084.8,Healthcare,0
7375,389,2025-07-30,3703.03,Entertainment,0
7376,594,2025-11-14,1164.93,Entertainment,1
7377,159,2024-10-18,2195.91,Online Retail,0
7378,558,2025-10-18,5218.52,Entertainment,0
7379,466,2025-02-23,7075.59,Healthcare,0
7380,400,2025-09-20,6638.49,Travel,0
7381,261,2025-02-02,5919.69,Electronics,0
7382,85,2024-06-21,6327.01,Fuel,0
7383,408,2024-12-09,2436.37,Electronics,0
7384,563,2024-11-22,1112.3,Online Retail,0
7385,68,2024-08-24,3256.72,Dining,0
7386,113,2024-04-12,3639.7,Fuel,0
7387,617,2025-01-23,1786.94,Electronics,0
7388,605,2025-05-06,1194.45,Travel,0
7389,417,2025-08-07,6477.5,Online Retail,0
7390,321,2025-08-22,2346.28,Online Retail,0
7391,4,2024-07-10,1673.41,Entertainment,0
7392,639,2024-05-21,1856.7,Healthcare,0
7393,392,2024-05-18,2857.91,Entertainment,0
7394,56,2025-10-27,1137.42,Electronics,0
7395,254,2025-11-03,3567.12,Travel,0
7396,585,2025-05-16,6.27,Fuel,0
7397,634,2025-05-28,495.03,Fuel,0
7398,446,2025-09-14,1608.36,Dining,0
7399,97,2024-12-09,3809.58,Electronics,0
7400,113,2025-12-28,1627.33,Electronics,0
7401,234,2026-06-04,5512.09,Travel,0
7402,534,2024-08-19,6980.0,Entertainment,0
7403,536,2025-03-25,2098.55,Travel,0
7404,525,2024-11-04,840.08,Fuel,0
7405,158,2024-11-19,2178.3,Fuel,0
7406,219,2025-01-14,5360.3,Dining,0
7407,220,2024-07-29,754.65,Travel,0
7408,511,2024-12-06,4171.71,Fuel,0
7409,540,2024-11-11,2033.31,Grocery,0
7410,21,2026-03-04,4432.85,Entertainment,0
7411,499,2024-09-23,3541.18,Travel,0
7412,272,2024-04-04,1282.88,Healthcare,0
7413,252,2026-04-25,2068.65,Electronics,0
7414,356,2026-05-30,3696.03,Healthcare,0
7415,328,2026-05-19,5164.92,Grocery,0
7416,686,2024-06-27,2055.71,Dining,0
7417,387,2025-02-06,5342.22,Dining,0
7418,578,2024-10-10,10553.25,Entertainment,0
7419,622,2024-09-11,5652.08,Online Retail,0
7420,688,2026-06-13,2375.39,Online Retail,0
7421,464,2024-05-07,2296.88,Entertainment,0
7422,664,2025-08-12,385.87,Entertainment,0
7423,415,2025-11-29,1959.24,Electronics,0
7424,259,2024-03-07,4222.41,Dining,0
7425,568,2026-05-07,5161.52,Grocery,0
7426,618,2024-08-08,706.46,Healthcare,0
7427,214,2025-02-04,3485.31,Online Retail,0
7428,674,2025-06-11,6159.6,Grocery,0
7429,311,2026-05-03,668.94,Fuel,0
7430,162,2026-08-21,3078.66,Healthcare,0
7431,481,2024-08-29,1334.98,Entertainment,0
7432,171,2025-02-02,510.9,Travel,0
7433,283,2025-08-16,2102.12,Dining,0
7434,374,2025-02-05,317.86,Travel,0
7435,336,2024-03-20,1286.49,Healthcare,1
7436,82,2026-01-30,2523.55,Travel,0
7437,113,2025-07-03,5185.01,Grocery,0
7438,56,2024-05-05,744.37,Healthcare,0
7439,428,2025-09-14,1828.36,Entertainment,0
7440,695,2026-06-02,5265.07,Electronics,0
7441,449,2025-09-20,1047.15,Dining,0
7442,392,2025-04-10,556.45,Healthcare,0
7443,600,2026-01-29,6857.39,Healthcare,0
7444,18,2024-09-21,2239.14,Grocery,0
7445,60,2024-04-02,5465.07,Grocery,1
7446,694,2025-04-23,1239.46,Entertainment,0
7447,630,2024-09-28,4308.19,Electronics,0
7448,389,2025-04-23,5376.06,Grocery,0
7449,61,2025-11-06,1389.17,Fuel,0
7450,133,2026-04-05,4106.54,Travel,0
7451,522,2025-07-31,1133.05,Grocery,1
7452,162,2025-08-16,6740.52,Dining,0
7453,413,2026-07-14,1139.07,Fuel,0
7454,531,2026-06-04,7088.6,Online Retail,0
7455,285,2026-02-03,3453.51,Travel,0
7456,330,2026-06-05,1880.07,Entertainment,0
7457,647,2025-04-04,7812.88,Fuel,0
7458,687,2026-01-18,1314.66,Grocery,0
7459,320,2025-06-04,10450.63,Online Retail,0
7460,143,2025-08-22,4131.34,Dining,0
7461,18,2025-10-05,620.9,Online Retail,0
7462,127,2024-03-17,1605.19,Online Retail,0
7463,365,2024-01-10,1976.25,Online Retail,0
7464,686,2026-07-18,10681.9,Electronics,0
7465,373,2024-12-21,6422.32,Travel,0
7466,689,2024-02-19,5213.84,Entertainment,0
7467,522,2024-04-28,1367.95,Online Retail,0
7468,57,2024-02-08,2163.14,Grocery,0
7469,251,2024-08-21,4231.12,Fuel,0
7470,408,2025-12-12,4417.2,Healthcare,0
7471,52,2026-03-19,2302.46,Fuel,0
7472,14,2024-03-02,2038.82,Online Retail,0
7473,245,2025-06-18,4266.97,Online Retail,0
7474,626,2025-10-06,7861.88,Healthcare,0
7475,422,2026-04-18,953.7,Fuel,0
7476,367,2026-06-01,8485.78,Entertainment,0
7477,382,2026-05-16,2176.84,Dining,0
7478,382,2025-11-30,6720.98,Online Retail,0
7479,593,2026-02-24,524.5,Travel,0
7480,224,2025-12-27,3000.62,Healthcare,0
7481,190,2026-01-13,6297.21,Fuel,0
7482,199,2026-05-29,425.02,Grocery,0
7483,399,2024-06-10,826.49,Travel,0
7484,188,2024-03-25,6587.76,Fuel,0
7485,683,2024-09-19,1232.83,Grocery,0
7486,483,2026-07-16,1642.59,Entertainment,0
7487,220,2025-11-17,3526.96,Grocery,0
7488,183,2025-04-03,465.24,Grocery,0
7489,306,2024-10-20,3782.3,Entertainment,0
7490,602,2024-07-13,624.86,Electronics,0
7491,696,2024-12-31,5936.3,Healthcare,0
7492,373,2026-07-16,2107.97,Travel,0
7493,102,2026-07-01,7164.11,Entertainment,0
7494,30,2026-08-06,1135.25,Travel,0
7495,402,2025-11-19,6615.16,Dining,0
7496,437,2025-07-25,3601.43,Entertainment,0
7497,260,2024-04-13,802.94,Travel,0
7498,623,2025-07-31,5675.72,Travel,0
7499,33,2025-12-04,432.16,Entertainment,0
7500,215,2025-02-13,4332.32,Electronics,0
7501,533,2026-02-12,842.02,Fuel,0
7502,171,2025-07-29,4572.83,Dining,0
7503,140,2026-06-09,3875.01,Entertainment,0
7504,512,2024-04-14,2616.59,Fuel,0
7505,625,2025-10-29,3396.43,Travel,0
7506,130,2024-12-01,337.51,Travel,0
7507,293,2024-04-03,2211.05,Healthcare,0
7508,683,2024-10-24,671.29,Grocery,0
7509,102,2026-01-16,7524.76,Healthcare,0
7510,97,2024-06-29,6151.24,Grocery,0
7511,173,2025-10-01,389.27,Online Retail,0
7512,336,2024-07-15,1247.75,Travel,0
7513,584,2025-03-20,9202.51,Electronics,0
7514,305,2024-05-21,1840.13,Travel,0
7515,262,2026-01-11,4317.73,Healthcare,0
7516,595,2026-04-30,2836.94,Entertainment,0
7517,180,2025-05-26,1050.42,Dining,0
7518,257,2025-01-17,2674.83,Grocery,0
7519,175,2026-06-27,3205.02,Healthcare,0
7520,78,2026-07-11,1575.82,Grocery,0
7521,409,2026-06-27,240.83,Fuel,0
7522,679,2026-02-02,3634.28,Entertainment,0
7523,180,2024-08-07,2869.4,Grocery,0
7524,51,2024-06-05,8211.72,Travel,0
7525,655,2025-03-05,2754.44,Dining,0
7526,75,2025-07-07,3708.61,Electronics,0
7527,35,2024-07-12,2494.99,Dining,1
7528,516,2024-05-21,2733.45,Travel,0
7529,110,2024-11-18,8099.9,Entertainment,0
7530,698,2024-12-08,1690.47,Grocery,0
7531,301,2024-08-05,1505.1,Healthcare,0
7532,470,2025-03-26,2562.5,Healthcare,0
7533,146,2025-05-14,1938.31,Travel,0
7534,149,2024-04-04,2121.17,Healthcare,1
7535,546,2024-01-01,2961.12,Fuel,0
7536,357,2024-02-05,4947.49,Entertainment,0
7537,642,2026-02-10,10109.17,Dining,0
7538,645,2026-02-25,2022.59,Travel,0
7539,421,2024-06-03,169.26,Online Retail,0
7540,547,2026-07-07,936.93,Dining,0
7541,598,2024-09-24,2590.11,Dining,0
7542,408,2026-05-23,15033.62,Electronics,0
7543,561,2024-06-19,8267.84,Dining,0
7544,19,2026-03-07,1222.2,Dining,0
7545,112,2024-12-11,1953.95,Healthcare,0
7546,333,2026-02-01,4478.4,Healthcare,0
7547,55,2024-03-16,7036.73,Entertainment,0
7548,324,2025-07-12,343.44,Electronics,0
7549,441,2026-04-17,4528.8,Grocery,0
7550,258,2024-05-04,2624.57,Travel,1
7551,688,2025-02-08,230.99,Grocery,0
7552,611,2026-05-19,1671.54,Entertainment,0
7553,583,2026-06-20,1333.06,Fuel,0
7554,499,2025-05-02,1294.87,Online Retail,0
7555,432,2024-02-15,7019.92,Online Retail,0
7556,464,2026-07-08,3577.97,Electronics,0
7557,78,2024-06-17,1695.79,Entertainment,0
7558,657,2025-02-04,1311.11,Entertainment,0
7559,546,2026-03-25,3117.53,Travel,0
7560,203,2024-04-17,1577.8,Fuel,0
7561,479,2025-03-28,4690.61,Dining,0
7562,290,2025-08-30,2113.61,Travel,0
7563,654,2024-02-27,141.7,Healthcare,0
7564,375,2025-04-17,372.24,Healthcare,0
7565,497,2024-02-15,1112.92,Travel,0
7566,133,2025-09-22,2083.36,Healthcare,0
7567,73,2026-05-22,3568.22,Grocery,0
7568,631,2024-07-17,3330.63,Travel,0
7569,427,2024-09-12,9011.02,Healthcare,0
7570,465,2024-05-06,19.74,Fuel,1
7571,283,2025-02-04,8.42,Travel,0
7572,442,2024-01-04,287.47,Online Retail,0
7573,295,2026-05-24,814.07,Entertainment,0
7574,446,2024-04-03,4890.4,Travel,0
7575,444,2025-10-12,3088.34,Travel,0
7576,155,2024-11-08,291.3,Electronics,0
7577,630,2026-01-21,832.4,Online Retail,0
7578,662,2024-02-19,912.36,Dining,0
7579,532,2025-04-04,662.04,Entertainment,0
7580,15,2024-03-31,1587.96,Electronics,0
7581,16,2025-11-08,1192.8,Travel,0
7582,563,2024-07-06,1310.96,Healthcare,0
7583,103,2025-07-23,328.43,Dining,0
7584,685,2025-01-31,3554.82,Dining,0
7585,255,2024-06-15,2180.68,Dining,0
7586,124,2024-07-06,1083.9,Online Retail,0
7587,480,2025-07-12,479.08,Fuel,0
7588,481,2024-07-28,1441.06,Grocery,0
7589,444,2026-06-21,155.31,Travel,0
7590,538,2026-01-14,3133.91,Online Retail,0
7591,353,2024-12-02,3384.99,Fuel,0
7592,221,2025-01-17,2064.37,Fuel,0
7593,302,2025-04-26,8669.54,Online Retail,0
7594,441,2026-02-21,3490.33,Electronics,0
7595,553,2025-02-09,4486.05,Travel,1
7596,303,2025-02-04,3275.51,Grocery,0
7597,67,2025-11-02,3310.02,Fuel,0
7598,282,2024-09-07,2553.56,Travel,0
7599,417,2025-09-03,4331.43,Electronics,0
7600,542,2025-01-10,2341.11,Online Retail,0
7601,566,2025-04-10,551.61,Travel,0
7602,553,2026-01-24,4837.51,Electronics,0
7603,191,2024-02-16,3200.42,Grocery,0
7604,17,2025-09-27,627.95,Travel,0
7605,142,2024-09-14,1934.57,Healthcare,0
7606,84,2024-01-10,229.39,Travel,0
7607,472,2024-11-02,6827.09,Dining,0
7608,190,2026-01-29,2999.05,Dining,1
7609,123,2025-12-15,403.12,Travel,0
7610,378,2024-09-07,1710.36,Online Retail,0
7611,342,2025-01-21,563.91,Online Retail,0
7612,493,2026-04-28,1176.3,Grocery,0
7613,646,2025-01-03,3328.77,Travel,0
7614,59,2024-09-05,4707.69,Healthcare,0
7615,43,2025-03-10,450.14,Dining,0
7616,572,2026-02-02,6836.19,Grocery,0
7617,637,2025-02-25,5705.79,Travel,0
7618,235,2025-05-17,1369.09,Dining,0
7619,134,2025-11-30,920.19,Travel,0
7620,210,2026-04-19,4169.46,Electronics,0
7621,338,2025-10-15,13301.05,Entertainment,0
7622,9,2025-01-30,2159.83,Online Retail,0
7623,93,2026-01-13,1248.57,Grocery,0
7624,25,2026-01-30,1083.09,Entertainment,0
7625,497,2024-07-21,771.91,Travel,0
7626,312,2025-11-09,4937.43,Travel,0
7627,699,2025-12-23,6289.1,Online Retail,0
7628,312,2024-10-21,1333.65,Entertainment,0
7629,212,2024-10-15,1917.19,Dining,0
7630,215,2025-10-19,793.2,Entertainment,0
7631,648,2024-01-01,858.46,Dining,0
7632,132,2024-10-10,1998.83,Fuel,0
7633,511,2025-09-15,2822.09,Fuel,0
7634,616,2025-03-19,9049.54,Entertainment,0
7635,676,2024-01-12,253.37,Healthcare,0
7636,60,2024-05-04,1756.04,Online Retail,0
7637,471,2024-04-05,2686.17,Grocery,0
7638,568,2025-06-01,1535.99,Electronics,0
7639,478,2024-02-10,3554.28,Grocery,0
7640,589,2026-01-13,5288.58,Dining,0
7641,661,2025-08-14,1574.11,Travel,0
7642,617,2025-05-06,1854.73,Grocery,0
7643,510,2024-07-21,1141.54,Dining,0
7644,136,2024-06-30,3735.55,Electronics,0
7645,594,2026-02-27,693.55,Healthcare,0
7646,480,2025-08-23,4914.73,Dining,0
7647,200,2024-12-13,959.6,Grocery,0
7648,453,2024-07-22,2998.91,Online Retail,0
7649,119,2024-11-22,2950.11,Online Retail,0
7650,584,2024-10-20,7137.76,Online Retail,0
7651,449,2025-05-16,5370.72,Travel,0
7652,451,2024-09-14,713.92,Entertainment,0
7653,177,2026-01-25,5224.22,Dining,0
7654,107,2024-02-26,587.05,Fuel,0
7655,301,2025-11-09,2274.75,Fuel,0
7656,245,2024-01-07,1255.88,Fuel,0
7657,599,2024-07-20,4831.09,Electronics,0
7658,690,2026-07-03,534.11,Dining,0
7659,442,2026-01-14,279.28,Electronics,0
7660,559,2026-08-15,2694.91,Electronics,0
7661,661,2025-05-09,636.79,Healthcare,0
7662,515,2024-05-14,3337.01,Healthcare,0
7663,249,2026-08-20,2996.26,Healthcare,0
7664,163,2026-01-11,2115.58,Fuel,0
7665,197,2025-05-18,2234.35,Travel,0
7666,221,2026-01-19,3307.39,Grocery,0
7667,150,2024-10-06,1917.42,Online Retail,0
7668,474,2026-02-08,1076.2,Entertainment,0
7669,684,2026-01-12,1794.65,Fuel,0
7670,181,2024-05-15,1783.29,Travel,0
7671,301,2024-01-29,2323.27,Fuel,0
7672,660,2026-04-05,11096.52,Electronics,0
7673,645,2025-12-07,1763.54,Healthcare,0
7674,19,2024-10-13,6961.61,Dining,0
7675,242,2025-06-13,5379.95,Fuel,0
7676,245,2024-01-29,718.29,Online Retail,0
7677,202,2024-06-20,528.99,Healthcare,0
7678,660,2024-03-27,2646.62,Travel,0
7679,540,2024-01-24,5241.35,Dining,0
7680,46,2024-05-14,1972.55,Travel,0
7681,433,2024-02-15,2696.52,Grocery,0
7682,404,2026-07-09,2540.72,Travel,0
7683,368,2024-03-20,8373.9,Electronics,0
7684,506,2024-05-08,4873.08,Online Retail,0
7685,309,2025-04-20,1302.38,Online Retail,0
7686,499,2025-08-09,299.74,Grocery,0
7687,327,2025-11-20,2140.55,Dining,0
7688,662,2024-04-04,1991.92,Grocery,0
7689,585,2024-05-10,15332.61,Dining,0
7690,38,2024-01-16,2322.15,Electronics,0
7691,108,2024-06-03,2370.12,Online Retail,0
7692,280,2024-07-05,1577.58,Entertainment,0
7693,36,2026-03-04,1480.34,Fuel,0
7694,49,2025-07-30,4846.51,Electronics,0
7695,5,2024-08-10,4448.76,Online Retail,0
7696,630,2024-04-25,1789.08,Fuel,0
7697,347,2026-03-18,3835.71,Grocery,0
7698,547,2025-11-26,2527.31,Grocery,0
7699,573,2024-04-02,2729.55,Entertainment,0
7700,117,2025-06-29,797.84,Online Retail,1
7701,470,2026-03-27,4134.09,Travel,0
7702,434,2024-09-20,1775.76,Grocery,0
7703,694,2025-12-15,6339.29,Online Retail,0
7704,612,2025-01-12,395.74,Dining,0
7705,427,2024-05-23,1618.01,Dining,0
7706,474,2024-10-02,435.96,Grocery,0
7707,357,2024-11-25,5109.83,Electronics,0
7708,409,2024-02-08,3091.03,Electronics,0
7709,408,2024-11-20,397.16,Fuel,0
7710,620,2026-07-30,2545.35,Fuel,0
7711,618,2024-05-10,1806.82,Grocery,0
7712,155,2024-01-12,1565.85,Entertainment,0
7713,11,2025-01-02,2253.73,Grocery,0
7714,183,2026-07-26,9888.84,Online Retail,0
7715,327,2025-10-22,10030.63,Travel,0
7716,155,2025-05-15,2598.53,Entertainment,0
7717,288,2025-12-13,1920.7,Dining,0
7718,304,2024-01-10,336.3,Fuel,0
7719,668,2024-07-16,2696.11,Electronics,0
7720,308,2026-04-01,10240.27,Travel,0
7721,132,2025-12-04,3362.29,Entertainment,0
7722,287,2025-03-25,1675.98,Healthcare,0
7723,18,2024-09-16,722.89,Grocery,0
7724,21,2024-08-09,2337.76,Online Retail,0
7725,443,2024-02-11,9312.13,Healthcare,0
7726,177,2026-05-10,1798.63,Online Retail,0
7727,438,2024-07-08,6080.8,Dining,0
7728,26,2026-03-04,1981.03,Dining,0
7729,224,2024-11-29,142.05,Healthcare,0
7730,402,2026-06-05,262.33,Entertainment,0
7731,378,2024-02-05,4165.39,Entertainment,0
7732,416,2025-05-19,2537.45,Fuel,0
7733,418,2024-04-02,5547.55,Fuel,0
7734,226,2024-01-02,2135.99,Online Retail,0
7735,248,2024-12-13,5925.68,Dining,0
7736,286,2025-09-13,3904.09,Grocery,0
7737,295,2026-06-20,449.73,Online Retail,0
7738,551,2024-05-27,1751.71,Healthcare,0
7739,100,2025-09-11,1180.64,Entertainment,0
7740,393,2026-02-20,681.08,Travel,0
7741,540,2026-06-30,1992.14,Grocery,0
7742,239,2024-09-28,5866.69,Fuel,0
7743,273,2024-02-06,1303.67,Fuel,0
7744,475,2026-07-21,599.96,Online Retail,0
7745,452,2026-04-26,5018.05,Dining,0
7746,388,2024-09-04,2551.38,Online Retail,0
7747,299,2024-05-12,183.26,Healthcare,0
7748,33,2025-06-04,3582.54,Electronics,0
7749,114,2024-08-19,3663.65,Grocery,0
7750,342,2025-07-03,2142.61,Healthcare,0
7751,491,2024-04-07,396.49,Online Retail,0
7752,142,2026-06-23,1117.54,Electronics,0
7753,293,2025-02-04,1544.35,Travel,0
7754,173,2024-05-17,2164.18,Fuel,0
7755,130,2024-07-16,584.53,Healthcare,0
7756,630,2025-10-10,4452.64,Fuel,0
7757,654,2025-12-21,10440.42,Grocery,0
7758,690,2024-04-13,770.03,Healthcare,0
7759,626,2026-01-06,1108.37,Healthcare,0
7760,283,2026-06-30,1003.53,Grocery,0
7761,510,2024-10-10,16836.44,Grocery,0
7762,199,2025-08-24,2941.14,Electronics,0
7763,404,2026-02-18,6076.28,Entertainment,0
7764,177,2026-07-07,3287.38,Entertainment,0
7765,438,2024-06-08,457.09,Dining,0
7766,296,2026-05-16,713.75,Dining,0
7767,253,2024-02-09,996.58,Entertainment,0
7768,61,2025-06-24,1145.93,Electronics,0
7769,185,2024-06-09,4519.54,Grocery,0
7770,309,2024-04-20,13963.6,Healthcare,0
7771,415,2024-08-27,1833.31,Entertainment,0
7772,586,2024-06-01,2592.97,Healthcare,0
7773,519,2024-02-19,2202.02,Fuel,0
7774,382,2024-10-19,325.93,Entertainment,0
7775,347,2024-04-17,7419.78,Grocery,0
7776,328,2025-01-08,3992.11,Entertainment,0
7777,627,2024-10-22,1957.45,Entertainment,0
7778,587,2025-05-22,11556.36,Fuel,0
7779,272,2026-04-11,199.93,Travel,0
7780,396,2024-05-16,4768.7,Electronics,0
7781,264,2026-04-14,2110.5,Electronics,0
7782,397,2025-06-09,1447.64,Grocery,0
7783,298,2026-08-26,1325.29,Grocery,0
7784,596,2025-02-01,1864.53,Fuel,0
7785,493,2024-04-05,1649.92,Fuel,0
7786,123,2024-07-23,3518.23,Grocery,1
7787,20,2024-01-02,2870.98,Online Retail,0
7788,673,2026-04-24,6954.7,Fuel,0
7789,248,2025-07-05,1636.02,Travel,0
7790,106,2026-05-09,9079.15,Entertainment,0
7791,521,2025-08-11,8348.32,Online Retail,0
7792,332,2026-06-29,1314.28,Dining,0
7793,389,2024-08-18,900.5,Healthcare,0
7794,446,2024-11-19,4808.99,Entertainment,0
7795,217,2026-02-16,3366.16,Dining,0
7796,398,2026-03-12,1191.49,Fuel,0
7797,460,2026-07-21,3356.09,Entertainment,0
7798,430,2026-05-14,1170.96,Dining,0
7799,631,2024-11-19,2895.1,Grocery,0
7800,274,2025-10-20,2504.09,Dining,0
7801,354,2026-07-11,1390.22,Online Retail,0
7802,526,2024-09-15,9368.2,Entertainment,0
7803,518,2024-04-11,9902.43,Online Retail,0
7804,698,2025-05-05,1731.5,Entertainment,0
7805,139,2025-04-08,7699.49,Fuel,0
7806,645,2025-11-07,1079.76,Online Retail,0
7807,332,2024-07-11,2005.91,Electronics,0
7808,151,2025-03-13,1852.97,Healthcare,0
7809,204,2025-07-23,513.32,Fuel,0
7810,247,2025-07-22,1098.57,Grocery,0
7811,695,2024-03-10,8003.01,Electronics,0
7812,77,2024-04-09,2694.52,Online Retail,0
7813,154,2025-05-06,8365.09,Grocery,0
7814,501,2024-12-27,3539.89,Online Retail,0
7815,664,2024-06-17,4564.68,Fuel,0
7816,56,2026-02-24,3645.97,Dining,0
7817,287,2025-02-11,3188.23,Fuel,0
7818,287,2025-07-18,1751.17,Online Retail,0
7819,349,2025-11-01,4059.46,Healthcare,0
7820,535,2025-12-07,4272.66,Fuel,0
7821,367,2024-11-21,5390.63,Electronics,0
7822,98,2024-01-24,6347.75,Entertainment,1
7823,170,2025-06-10,8763.3,Entertainment,0
7824,518,2024-08-21,3301.47,Electronics,0
7825,168,2026-08-05,3744.05,Fuel,0
7826,348,2026-05-22,3046.21,Dining,0
7827,264,2026-05-03,8491.53,Online Retail,0
7828,308,2026-02-01,3420.17,Grocery,0
7829,522,2026-08-30,3391.53,Electronics,0
7830,171,2026-07-21,3916.64,Electronics,0
7831,491,2024-06-21,3897.07,Healthcare,0
7832,534,2025-08-22,3062.23,Fuel,0
7833,699,2025-04-26,1393.12,Online Retail,0
7834,317,2024-01-31,1361.16,Travel,0
7835,62,2026-02-03,516.14,Electronics,0
7836,467,2024-04-16,2061.37,Grocery,0
7837,532,2026-06-24,477.72,Fuel,1
7838,22,2025-11-09,123.57,Healthcare,0
7839,137,2024-08-22,5955.96,Dining,0
7840,241,2024-02-05,1381.67,Entertainment,0
7841,358,2026-08-21,6521.09,Entertainment,0
7842,361,2026-02-27,813.6,Grocery,0
7843,138,2025-03-06,1978.76,Entertainment,0
7844,140,2026-02-23,5802.14,Healthcare,0
7845,656,2026-01-22,4157.2,Fuel,0
7846,504,2025-08-19,360.8,Electronics,0
7847,356,2025-05-20,560.49,Dining,1
7848,232,2024-02-12,2499.36,Healthcare,0
7849,329,2024-10-17,688.58,Dining,0
7850,676,2024-10-29,3472.2,Entertainment,0
7851,216,2024-04-16,2777.47,Travel,0
7852,232,2025-11-22,9650.95,Travel,0
7853,315,2024-06-06,2713.79,Healthcare,0
7854,132,2024-09-09,1284.34,Grocery,0
7855,78,2025-09-23,938.67,Fuel,0
7856,625,2025-05-21,1231.48,Travel,0
7857,479,2025-06-24,6639.1,Fuel,0
7858,236,2026-04-12,2589.8,Electronics,0
7859,400,2025-02-25,1961.8,Grocery,0
7860,348,2025-08-25,3225.35,Healthcare,1
7861,70,2025-09-02,443.18,Grocery,0
7862,529,2024-05-02,3360.06,Dining,0
7863,72,2025-05-09,2056.35,Electronics,0
7864,399,2025-06-18,1829.51,Online Retail,0
7865,206,2024-05-17,8448.72,Dining,0
7866,306,2024-05-04,1856.44,Entertainment,0
7867,332,2024-09-12,2217.37,Dining,1
7868,305,2025-02-18,1148.29,Travel,0
7869,156,2025-02-24,4552.46,Healthcare,0
7870,59,2024-08-10,635.34,Healthcare,0
7871,92,2025-01-22,2247.21,Healthcare,0
7872,510,2024-10-11,1038.96,Dining,0
7873,68,2026-05-29,6067.2,Online Retail,0
7874,355,2025-10-01,6228.57,Travel,0
7875,214,2026-07-07,1441.26,Grocery,0
7876,488,2025-09-24,3218.62,Grocery,0
7877,441,2025-06-04,2398.73,Fuel,0
7878,129,2025-04-23,1619.81,Electronics,0
7879,475,2024-09-16,5124.14,Entertainment,0
7880,461,2024-06-22,1352.22,Grocery,0
7881,199,2026-02-17,3560.83,Dining,1
7882,590,2025-01-14,814.83,Fuel,0
7883,309,2024-06-26,12961.37,Fuel,0
7884,24,2025-02-10,2428.38,Fuel,0
7885,440,2025-04-24,1439.7,Grocery,0
7886,316,2025-10-16,1552.49,Online Retail,0
7887,253,2026-08-27,2167.13,Travel,0
7888,316,2026-08-08,2115.94,Travel,0
7889,686,2026-05-02,385.31,Fuel,0
7890,272,2026-03-17,6243.58,Healthcare,0
7891,485,2026-06-25,1426.18,Healthcare,0
7892,596,2025-11-28,10775.68,Healthcare,0
7893,405,2024-04-05,3338.65,Healthcare,0
7894,624,2024-08-21,1304.11,Dining,0
7895,349,2025-03-26,4357.85,Healthcare,0
7896,158,2026-02-04,2473.53,Entertainment,0
7897,345,2026-01-19,10984.35,Healthcare,0
7898,87,2026-05-06,3281.16,Grocery,0
7899,205,2024-06-01,6114.87,Online Retail,0
7900,144,2025-08-05,4368.25,Entertainment,0
7901,55,2026-01-19,877.07,Fuel,0
7902,108,2025-01-19,10512.36,Grocery,0
7903,587,2024-11-29,473.09,Travel,0
7904,601,2025-10-06,2222.34,Online Retail,0
7905,634,2026-05-15,3479.53,Healthcare,0
7906,18,2025-03-19,110.21,Fuel,0
7907,683,2025-02-11,1254.57,Dining,0
7908,240,2024-03-15,3073.77,Fuel,0
7909,283,2024-09-01,3227.14,Fuel,0
7910,127,2024-03-18,12072.01,Entertainment,0
7911,663,2026-06-12,6845.81,Entertainment,0
7912,700,2026-04-02,1547.68,Dining,0
7913,492,2025-11-25,109.01,Travel,0
7914,53,2024-07-28,317.94,Electronics,0
7915,296,2025-03-27,2423.04,Dining,0
7916,196,2024-01-12,4803.36,Electronics,0
7917,643,2026-07-26,1127.76,Grocery,0
7918,456,2024-02-21,11741.92,Travel,0
7919,678,2025-08-10,2564.72,Travel,0
7920,585,2025-04-28,1983.01,Online Retail,0
7921,374,2025-07-26,13020.09,Entertainment,0
7922,198,2024-03-21,11100.08,Travel,0
7923,546,2024-12-18,6329.05,Travel,0
7924,488,2026-03-18,1750.6,Dining,0
7925,544,2026-03-24,12028.97,Healthcare,0
7926,653,2025-01-28,7079.25,Travel,0
7927,427,2025-07-24,2455.76,Fuel,0
7928,467,2026-02-19,9538.12,Dining,0
7929,296,2025-08-29,1616.45,Fuel,0
7930,345,2025-02-11,481.99,Fuel,0
7931,95,2026-07-01,1844.35,Entertainment,0
7932,135,2026-08-27,409.16,Electronics,0
7933,699,2024-09-20,2627.18,Dining,0
7934,125,2024-02-17,2461.31,Online Retail,0
7935,51,2026-02-10,1300.59,Travel,0
7936,560,2024-04-14,7001.1,Dining,0
7937,95,2026-03-01,3380.85,Online Retail,0
7938,324,2026-01-30,1523.67,Healthcare,0
7939,263,2024-03-02,2008.11,Fuel,0
7940,292,2025-06-18,5175.67,Online Retail,0
7941,279,2025-12-05,6730.28,Dining,0
7942,26,2024-03-19,3103.69,Dining,0
7943,188,2026-03-20,1006.66,Entertainment,0
7944,449,2024-04-16,2165.38,Dining,0
7945,55,2025-06-06,4667.3,Online Retail,0
7946,186,2024-01-20,8129.31,Electronics,0
7947,630,2024-04-18,1775.68,Dining,0
7948,459,2025-12-16,843.33,Electronics,0
7949,360,2024-03-17,5508.25,Electronics,0
7950,383,2026-05-26,7839.6,Travel,0
7951,679,2024-01-23,2899.24,Grocery,0
7952,35,2025-09-03,1168.32,Fuel,0
7953,615,2024-12-22,1819.4,Electronics,0
7954,335,2025-08-13,3053.92,Online Retail,0
7955,346,2025-08-28,1430.84,Entertainment,0
7956,161,2025-09-19,607.22,Entertainment,0
7957,272,2025-07-09,1406.15,Grocery,0
7958,380,2026-07-20,1804.94,Fuel,0
7959,179,2025-05-12,1782.07,Entertainment,0
7960,245,2026-04-10,21285.31,Online Retail,0
7961,696,2025-02-10,1464.74,Online Retail,0
7962,572,2025-08-18,756.06,Healthcare,0
7963,424,2025-10-25,2009.32,Dining,1
7964,205,2025-01-12,7288.39,Online Retail,0
7965,589,2026-05-11,7007.02,Healthcare,0
7966,601,2024-09-21,6016.84,Fuel,0
7967,690,2026-03-16,9953.9,Travel,0
7968,468,2024-07-04,1004.74,Healthcare,0
7969,157,2025-11-28,635.45,Grocery,0
7970,264,2026-03-22,4666.96,Online Retail,0
7971,648,2024-10-12,1693.47,Electronics,0
7972,73,2024-09-06,5798.12,Grocery,0
7973,557,2026-07-05,6736.05,Healthcare,0
7974,351,2025-09-09,3472.79,Healthcare,0
7975,319,2026-04-19,2333.47,Fuel,0
7976,113,2026-07-13,8885.24,Grocery,0
7977,665,2026-07-13,3204.84,Dining,0
7978,147,2026-03-10,1514.52,Dining,0
7979,413,2025-08-26,2404.49,Healthcare,0
7980,386,2026-07-12,2936.23,Healthcare,0
7981,276,2024-11-20,168.64,Dining,0
7982,102,2025-06-15,10672.38,Online Retail,0
7983,112,2025-03-16,1163.28,Dining,0
7984,447,2024-11-27,320.0,Entertainment,0
7985,510,2024-11-15,3128.42,Entertainment,0
7986,170,2026-08-05,3619.65,Online Retail,0
7987,542,2024-12-08,1230.51,Fuel,0
7988,479,2024-04-13,1790.57,Dining,0
7989,145,2025-02-18,3125.82,Online Retail,0
7990,269,2024-12-31,3001.18,Travel,0
7991,261,2026-06-30,5637.39,Online Retail,0
7992,389,2026-01-30,3175.78,Grocery,0
7993,39,2025-04-30,2319.48,Travel,0
7994,667,2026-03-18,4411.95,Online Retail,0
7995,391,2025-01-29,1391.84,Entertainment,0
7996,481,2024-08-05,2223.37,Electronics,0
7997,421,2025-09-15,5211.92,Grocery,0
7998,280,2025-08-29,3029.81,Travel,0
7999,594,2024-10-06,4336.18,Travel,0
8000,227,2024-06-15,3467.03,Entertainment,0
8001,19,2024-01-09,2088.64,Travel,0
8002,393,2025-01-09,13348.92,Entertainment,0
8003,84,2025-12-12,887.56,Entertainment,0
8004,575,2026-02-23,360.75,Grocery,0
8005,23,2024-11-20,2703.89,Fuel,0
8006,147,2025-10-08,2123.46,Travel,1
8007,662,2024-08-19,2716.88,Travel,0
8008,184,2024-07-01,6206.58,Dining,0
8009,360,2025-06-05,1074.56,Travel,0
8010,612,2024-10-30,69.1,Electronics,0
8011,173,2024-06-06,18484.21,Grocery,0
8012,211,2024-08-22,2168.13,Electronics,0
8013,14,2024-09-28,4237.82,Grocery,0
8014,562,2024-11-02,2285.39,Dining,0
8015,68,2025-05-14,1774.83,Electronics,0
8016,685,2026-04-30,2320.81,Electronics,0
8017,505,2026-08-08,4452.64,Dining,0
8018,220,2025-07-14,5957.02,Fuel,0
8019,337,2024-08-25,8713.71,Travel,0
8020,363,2024-07-08,4915.28,Dining,0
8021,515,2025-03-31,2208.24,Entertainment,0
8022,260,2025-10-19,12966.75,Entertainment,0
8023,186,2025-05-29,4391.55,Travel,0
8024,93,2024-05-08,5045.51,Online Retail,0
8025,308,2025-11-26,8809.48,Healthcare,0
8026,337,2024-10-30,2650.34,Fuel,0
8027,437,2025-05-23,8205.8,Healthcare,0
8028,584,2026-04-17,351.57,Travel,0
8029,149,2025-12-16,2394.51,Electronics,0
8030,157,2025-05-28,9631.96,Dining,0
8031,202,2026-04-22,6900.72,Electronics,0
8032,115,2024-07-15,3766.12,Fuel,0
8033,100,2024-10-02,700.91,Online Retail,0
8034,560,2024-09-18,206.35,Entertainment,0
8035,499,2026-03-25,2534.25,Entertainment,0
8036,581,2026-03-28,2285.13,Dining,0
8037,408,2024-09-13,5867.46,Fuel,0
8038,572,2024-07-05,3112.74,Grocery,0
8039,312,2026-02-28,6616.6,Dining,0
8040,617,2025-03-15,3597.0,Travel,0
8041,398,2025-09-12,908.92,Grocery,0
8042,24,2024-07-11,4131.53,Grocery,0
8043,119,2025-07-08,2870.31,Healthcare,0
8044,362,2025-10-29,2575.1,Grocery,0
8045,570,2025-03-28,3009.8,Travel,0
8046,103,2026-03-10,3741.63,Fuel,0
8047,529,2025-06-15,2702.11,Electronics,0
8048,623,2025-06-08,411.08,Fuel,0
8049,128,2024-08-16,557.66,Electronics,0
8050,388,2025-10-13,1766.37,Travel,0
8051,620,2025-04-30,7663.73,Online Retail,0
8052,217,2025-09-24,3260.93,Healthcare,0
8053,276,2025-08-16,2626.0,Dining,0
8054,315,2024-12-25,12645.04,Fuel,0
8055,325,2025-01-07,3591.49,Healthcare,0
8056,233,2024-10-31,2704.92,Healthcare,0
8057,372,2025-01-07,1953.24,Grocery,0
8058,190,2026-04-04,1659.43,Grocery,0
8059,556,2024-12-04,285.59,Online Retail,0
8060,478,2024-04-28,2657.43,Dining,0
8061,115,2026-03-08,641.45,Healthcare,0
8062,596,2024-07-31,1121.45,Fuel,0
8063,186,2025-01-09,603.77,Healthcare,0
8064,371,2024-07-16,11892.73,Healthcare,0
8065,656,2025-07-19,3475.57,Electronics,0
8066,478,2024-09-16,8067.28,Entertainment,0
8067,657,2026-08-05,5526.62,Fuel,0
8068,422,2025-02-20,2133.76,Grocery,1
8069,567,2024-01-30,1343.4,Entertainment,0
8070,325,2025-06-23,2100.85,Electronics,0
8071,118,2024-08-02,956.26,Healthcare,0
8072,125,2024-12-07,78.89,Dining,0
8073,417,2026-06-21,340.25,Healthcare,0
8074,101,2024-06-24,4705.79,Grocery,0
8075,313,2025-11-29,406.9,Entertainment,0
8076,325,2025-11-03,1119.68,Dining,0
8077,57,2025-01-02,1986.23,Grocery,0
8078,593,2025-03-08,658.3,Dining,0
8079,53,2024-03-28,4310.35,Electronics,0
8080,221,2025-04-10,6425.65,Fuel,0
8081,600,2025-05-16,436.65,Healthcare,0
8082,27,2025-08-06,381.52,Grocery,0
8083,64,2026-02-03,1421.42,Healthcare,0
8084,591,2026-06-25,5015.16,Healthcare,0
8085,190,2025-02-16,4909.92,Grocery,0
8086,638,2026-05-10,320.83,Healthcare,0
8087,106,2026-04-02,3792.77,Healthcare,0
8088,115,2024-10-26,2091.77,Online Retail,0
8089,403,2024-10-10,7178.6,Travel,0
8090,668,2025-06-06,859.38,Electronics,0
8091,533,2025-04-27,624.88,Entertainment,0
8092,427,2024-12-29,5208.88,Healthcare,0
8093,186,2024-03-28,333.57,Grocery,0
8094,49,2026-02-13,2912.46,Travel,0
8095,548,2025-05-27,2285.84,Fuel,0
8096,83,2024-06-20,1478.61,Fuel,0
8097,123,2026-04-19,1815.94,Entertainment,0
8098,309,2026-06-21,2911.22,Online Retail,0
8099,250,2024-05-28,110.87,Fuel,0
8100,607,2025-05-27,881.0,Travel,0
8101,171,2025-08-17,182.21,Grocery,0
8102,457,2024-08-18,287.55,Travel,0
8103,319,2024-11-02,2199.45,Grocery,0
8104,168,2025-01-11,4344.55,Entertainment,0
8105,687,2024-12-10,6395.17,Fuel,0
8106,557,2025-10-20,5992.21,Dining,0
8107,516,2024-01-09,2991.29,Online Retail,0
8108,322,2025-09-26,301.41,Online Retail,0
8109,145,2025-06-03,4215.74,Healthcare,0
8110,453,2026-01-09,733.45,Grocery,0
8111,677,2026-08-18,6174.68,Fuel,0
8112,187,2025-02-25,1045.64,Grocery,0
8113,477,2024-05-23,3928.67,Travel,0
8114,601,2025-03-01,3806.66,Travel,0
8115,318,2024-08-16,7612.81,Grocery,0
8116,56,2025-05-11,2374.77,Entertainment,0
8117,642,2024-08-08,2383.99,Online Retail,0
8118,75,2024-01-11,2699.06,Healthcare,1
8119,534,2025-07-02,5986.82,Fuel,0
8120,336,2024-11-09,814.84,Dining,0
8121,511,2024-07-04,1864.34,Travel,0
8122,494,2024-01-03,2460.52,Electronics,0
8123,141,2026-07-16,335.33,Entertainment,0
8124,69,2026-03-28,1645.73,Entertainment,0
8125,90,2025-11-09,3777.86,Fuel,0
8126,141,2024-12-27,483.25,Healthcare,1
8127,606,2025-09-01,4950.76,Healthcare,0
8128,62,2025-06-07,2687.76,Online Retail,0
8129,477,2024-01-04,6864.05,Fuel,0
8130,269,2026-06-08,6791.75,Travel,0
8131,573,2025-04-03,9269.95,Electronics,0
8132,420,2025-03-29,2696.37,Dining,0
8133,537,2026-02-28,4432.51,Entertainment,0
8134,579,2025-11-25,2988.09,Grocery,0
8135,633,2025-05-09,1870.91,Fuel,0
8136,562,2026-04-09,2215.84,Dining,0
8137,263,2025-12-20,1329.6,Online Retail,0
8138,644,2025-07-15,611.53,Online Retail,0
8139,246,2025-10-27,2478.4,Fuel,0
8140,410,2024-06-08,3208.56,Fuel,0
8141,166,2026-06-25,1436.87,Healthcare,0
8142,569,2026-05-10,1509.24,Electronics,1
8143,74,2024-12-23,9464.8,Entertainment,1
8144,674,2024-02-08,1797.85,Fuel,0
8145,339,2026-03-15,395.07,Travel,0
8146,594,2025-05-07,2427.82,Entertainment,0
8147,349,2024-09-10,2295.49,Healthcare,0
8148,99,2026-08-29,2301.0,Electronics,0
8149,81,2025-06-27,2637.67,Grocery,0
8150,619,2024-07-18,1617.26,Healthcare,0
8151,423,2025-08-25,1019.92,Dining,0
8152,100,2026-01-11,120.06,Entertainment,0
8153,255,2025-03-07,574.99,Entertainment,0
8154,401,2025-10-29,3896.13,Grocery,0
8155,320,2024-04-09,9233.54,Fuel,0
8156,52,2024-09-25,1018.88,Fuel,0
8157,358,2025-02-27,1582.84,Grocery,0
8158,122,2024-04-21,2374.86,Travel,0
8159,218,2024-07-11,11836.17,Travel,0
8160,467,2025-06-09,2342.05,Fuel,0
8161,480,2025-04-20,117.83,Online Retail,0
8162,56,2024-12-18,181.14,Electronics,0
8163,357,2024-01-21,8282.58,Travel,0
8164,180,2025-01-22,649.58,Dining,0
8165,310,2025-04-16,1919.28,Electronics,0
8166,564,2026-08-19,1793.25,Healthcare,0
8167,287,2025-01-02,262.36,Healthcare,0
8168,411,2025-05-16,1990.34,Grocery,0
8169,17,2024-01-14,5755.49,Electronics,0
8170,345,2024-06-24,355.17,Travel,0
8171,540,2025-08-30,220.95,Electronics,0
8172,455,2025-04-17,4117.82,Electronics,0
8173,677,2024-11-01,9715.51,Online Retail,0
8174,550,2025-01-20,12482.71,Healthcare,0
8175,92,2025-07-21,3702.78,Online Retail,0
8176,43,2025-02-23,348.72,Online Retail,0
8177,203,2026-05-13,3675.13,Grocery,0
8178,570,2024-08-01,652.27,Grocery,0
8179,593,2026-04-22,3215.2,Fuel,0
8180,508,2026-06-19,4885.99,Online Retail,0
8181,497,2025-05-05,1067.57,Grocery,0
8182,469,2024-06-17,7647.48,Online Retail,0
8183,219,2025-04-04,2055.61,Entertainment,0
8184,477,2026-06-01,1867.47,Online Retail,0
8185,455,2025-06-03,1017.24,Online Retail,0
8186,58,2025-09-04,3977.0,Online Retail,0
8187,643,2025-01-15,4601.44,Online Retail,0
8188,531,2025-07-21,8067.61,Fuel,0
8189,154,2024-10-14,1740.94,Online Retail,0
8190,202,2024-09-14,3073.52,Grocery,0
8191,476,2024-06-02,1888.08,Electronics,0
8192,171,2025-11-12,3510.72,Dining,0
8193,569,2026-06-11,5116.16,Grocery,0
8194,330,2024-12-15,2428.2,Dining,0
8195,67,2024-03-01,1788.53,Dining,1
8196,484,2025-01-28,2278.08,Dining,0
8197,655,2024-12-02,3583.49,Online Retail,0
8198,233,2025-08-28,2467.7,Travel,0
8199,672,2024-06-11,3478.8,Entertainment,0
8200,505,2026-02-03,2966.7,Grocery,0
8201,514,2024-02-29,2427.29,Travel,0
8202,253,2025-01-09,2284.71,Healthcare,0
8203,361,2024-06-17,2305.99,Entertainment,0
8204,156,2026-04-30,1759.86,Entertainment,0
8205,423,2025-03-20,1144.75,Grocery,0
8206,602,2026-06-07,1890.58,Dining,0
8207,454,2025-06-28,2395.62,Travel,0
8208,612,2026-01-08,4529.38,Grocery,0
8209,108,2026-05-22,4827.96,Dining,0
8210,426,2026-03-14,8782.7,Grocery,0
8211,207,2025-10-28,3356.1,Travel,0
8212,395,2026-02-13,72.33,Fuel,0
8213,71,2026-02-20,2113.18,Healthcare,0
8214,269,2025-10-15,2236.14,Grocery,0
8215,260,2025-06-23,1668.96,Dining,0
8216,370,2025-05-11,80.33,Dining,0
8217,522,2024-07-15,4607.29,Healthcare,0
8218,402,2025-07-15,2973.18,Travel,0
8219,620,2026-04-08,1560.02,Entertainment,0
8220,200,2026-04-10,634.73,Travel,0
8221,260,2025-04-07,2347.71,Fuel,0
8222,331,2025-04-18,14371.84,Healthcare,0
8223,432,2026-01-21,2971.18,Dining,0
8224,595,2026-08-13,9542.33,Healthcare,0
8225,417,2024-01-07,43.93,Grocery,0
8226,672,2025-11-14,11900.17,Entertainment,0
8227,331,2025-03-10,1994.36,Online Retail,0
8228,371,2024-08-12,2394.42,Electronics,0
8229,486,2024-11-26,1169.57,Entertainment,0
8230,103,2026-08-27,4762.94,Healthcare,0
8231,106,2024-10-16,1293.19,Electronics,0
8232,234,2025-05-05,856.7,Travel,0
8233,53,2025-10-19,6359.12,Entertainment,0
8234,291,2024-09-14,475.97,Travel,0
8235,244,2026-03-14,4917.97,Entertainment,0
8236,433,2024-03-11,527.73,Travel,0
8237,679,2026-04-22,310.14,Online Retail,0
8238,397,2025-11-09,5603.08,Electronics,0
8239,668,2026-02-19,2263.16,Online Retail,0
8240,424,2024-03-30,13735.53,Healthcare,0
8241,444,2026-03-02,1335.62,Healthcare,0
8242,586,2024-09-30,411.42,Dining,0
8243,406,2026-03-25,7889.5,Entertainment,0
8244,679,2024-12-07,4969.2,Dining,0
8245,444,2025-11-07,749.84,Fuel,0
8246,235,2026-08-26,1735.77,Entertainment,0
8247,301,2026-01-10,1888.93,Grocery,0
8248,453,2024-03-20,3891.06,Online Retail,0
8249,202,2024-08-03,718.05,Healthcare,0
8250,514,2024-05-04,1664.36,Dining,0
8251,4,2026-07-22,3025.89,Travel,0
8252,511,2024-11-10,177.56,Online Retail,0
8253,14,2025-05-05,2510.76,Fuel,0
8254,115,2025-07-16,1543.35,Grocery,0
8255,681,2024-09-13,4878.73,Fuel,0
8256,581,2024-12-25,1507.28,Entertainment,0
8257,522,2025-03-19,2479.37,Travel,0
8258,650,2024-01-14,5758.27,Healthcare,0
8259,484,2026-03-13,2171.78,Grocery,0
8260,75,2026-06-01,166.0,Grocery,0
8261,592,2025-11-06,9561.8,Fuel,0
8262,166,2025-03-01,5096.55,Travel,0
8263,425,2024-05-28,1066.62,Dining,0
8264,625,2024-11-15,3631.88,Dining,0
8265,468,2025-03-03,2036.32,Entertainment,0
8266,27,2024-07-12,949.22,Travel,0
8267,554,2026-01-06,13422.63,Grocery,0
8268,561,2025-03-15,687.69,Electronics,0
8269,88,2025-11-07,7563.92,Healthcare,0
8270,660,2025-05-17,3971.32,Dining,0
8271,132,2024-07-03,5913.55,Dining,0
8272,38,2025-09-27,1517.97,Healthcare,0
8273,390,2025-12-25,2260.92,Electronics,0
8274,474,2025-02-18,7229.04,Healthcare,0
8275,68,2025-10-19,5483.66,Travel,1
8276,109,2026-08-16,1768.44,Healthcare,0
8277,462,2024-08-26,2126.56,Grocery,0
8278,58,2026-05-17,4310.69,Dining,0
8279,583,2024-10-26,3200.19,Fuel,0
8280,191,2024-02-12,1792.03,Dining,0
8281,587,2025-02-12,726.62,Entertainment,0
8282,519,2026-03-10,8386.32,Travel,0
8283,227,2025-10-18,3910.46,Healthcare,0
8284,559,2024-11-20,5070.87,Entertainment,0
8285,142,2026-07-16,2178.51,Travel,0
8286,338,2026-08-17,554.85,Online Retail,0
8287,672,2026-08-27,18775.92,Travel,0
8288,623,2025-06-23,6611.85,Dining,0
8289,639,2025-11-03,478.43,Travel,0
8290,105,2025-05-31,1783.87,Travel,0
8291,220,2025-02-06,10810.53,Electronics,0
8292,54,2025-05-27,2967.1,Healthcare,1
8293,626,2024-03-07,745.43,Electronics,0
8294,550,2024-06-07,7282.8,Online Retail,0
8295,617,2025-08-01,1599.64,Online Retail,0
8296,81,2025-02-12,606.64,Entertainment,0
8297,237,2025-04-14,2062.8,Fuel,0
8298,501,2026-06-11,922.57,Electronics,0
8299,255,2025-10-15,1967.42,Travel,0
8300,206,2024-03-11,4139.07,Healthcare,0
8301,653,2026-07-29,3262.33,Travel,0
8302,375,2026-04-21,104.1,Healthcare,0
8303,520,2024-06-11,2012.02,Online Retail,0
8304,541,2026-04-09,9115.74,Online Retail,0
8305,433,2024-12-27,5604.9,Grocery,0
8306,518,2024-12-28,1912.84,Fuel,0
8307,668,2025-07-15,4956.71,Electronics,0
8308,350,2026-06-01,1574.12,Entertainment,0
8309,606,2024-12-07,4116.58,Travel,0
8310,47,2025-07-15,1157.73,Dining,0
8311,53,2024-06-20,11133.01,Entertainment,0
8312,275,2024-03-24,1993.5,Grocery,0
8313,350,2025-08-06,2593.9,Healthcare,0
8314,231,2024-08-17,6247.9,Travel,0
8315,627,2024-02-08,2529.27,Grocery,0
8316,16,2024-01-09,2970.86,Electronics,0
8317,78,2025-01-02,2928.42,Fuel,0
8318,441,2024-08-30,3460.37,Electronics,0
8319,51,2026-08-06,709.27,Healthcare,0
8320,137,2025-04-11,3749.87,Grocery,0
8321,602,2025-04-11,1469.87,Fuel,0
8322,572,2024-06-01,1266.98,Grocery,0
8323,545,2024-04-09,1844.57,Dining,0
8324,241,2024-10-18,477.61,Online Retail,0
8325,118,2026-03-24,1823.46,Entertainment,0
8326,223,2025-08-28,639.53,Healthcare,0
8327,127,2024-06-23,85.88,Online Retail,0
8328,167,2024-02-05,4903.83,Healthcare,0
8329,583,2024-09-01,1811.91,Fuel,0
8330,172,2024-09-23,3115.19,Entertainment,0
8331,147,2026-07-27,4214.54,Electronics,1
8332,179,2024-06-15,7390.14,Dining,0
8333,101,2026-01-25,1867.52,Electronics,0
8334,606,2025-01-11,2469.47,Electronics,0
8335,636,2024-11-09,3948.4,Electronics,0
8336,141,2024-07-22,292.19,Online Retail,0
8337,564,2025-09-23,1607.03,Fuel,0
8338,190,2025-11-04,2371.31,Fuel,0
8339,283,2025-04-20,1296.3,Fuel,0
8340,700,2026-07-13,1308.41,Dining,0
8341,439,2026-05-20,998.52,Online Retail,0
8342,567,2026-02-07,18327.08,Electronics,0
8343,302,2025-06-30,2364.77,Electronics,0
8344,435,2025-05-22,918.87,Travel,0
8345,193,2025-10-06,1903.05,Fuel,0
8346,515,2025-07-22,836.92,Online Retail,0
8347,691,2024-05-25,2580.85,Fuel,0
8348,110,2025-09-30,3131.99,Electronics,0
8349,382,2024-08-31,7504.0,Healthcare,0
8350,189,2025-12-22,391.67,Online Retail,0
8351,447,2024-01-26,2581.76,Travel,0
8352,320,2024-02-18,882.47,Electronics,0
8353,286,2025-07-27,5483.61,Travel,0
8354,273,2026-02-04,252.9,Entertainment,0
8355,351,2025-07-02,9519.28,Entertainment,0
8356,145,2024-06-14,478.53,Dining,0
8357,202,2024-10-27,2608.59,Grocery,0
8358,50,2025-03-08,5251.66,Travel,0
8359,301,2024-08-14,2238.4,Dining,0
8360,429,2026-07-27,690.64,Entertainment,0
8361,440,2025-03-17,2240.65,Entertainment,0
8362,148,2026-05-19,1266.21,Online Retail,0
8363,569,2024-04-11,569.66,Fuel,0
8364,292,2025-03-30,589.41,Fuel,0
8365,562,2026-04-11,10170.12,Fuel,0
8366,575,2024-09-30,2175.21,Grocery,0
8367,8,2026-03-22,1252.96,Travel,0
8368,33,2026-01-07,3577.17,Fuel,0
8369,375,2025-08-04,6200.06,Online Retail,0
8370,587,2024-02-13,1136.36,Dining,0
8371,262,2026-05-29,1224.28,Entertainment,0
8372,428,2025-04-10,1876.53,Online Retail,0
8373,425,2025-08-21,2108.96,Dining,0
8374,534,2025-11-02,619.16,Entertainment,0
8375,618,2025-04-23,2743.33,Healthcare,0
8376,399,2024-06-04,1008.59,Fuel,0
8377,543,2025-08-07,43.36,Grocery,0
8378,422,2025-08-07,4309.56,Fuel,0
8379,232,2024-03-24,240.08,Healthcare,0
8380,400,2024-07-13,3454.64,Entertainment,0
8381,518,2024-07-31,4473.2,Entertainment,0
8382,627,2024-12-19,1551.61,Grocery,0
8383,71,2025-06-28,4330.9,Healthcare,0
8384,235,2025-08-20,3984.29,Dining,0
8385,90,2024-04-19,2990.24,Grocery,0
8386,120,2026-04-17,1651.56,Dining,0
8387,158,2026-02-28,1687.31,Online Retail,0
8388,632,2024-03-31,333.96,Fuel,0
8389,280,2024-06-14,1311.63,Grocery,0
8390,644,2026-03-30,878.77,Grocery,0
8391,358,2025-02-11,5508.98,Grocery,0
8392,14,2025-03-08,2141.23,Grocery,0
8393,279,2025-04-17,1132.45,Grocery,0
8394,509,2026-08-24,3095.25,Electronics,0
8395,440,2024-06-02,875.58,Electronics,0
8396,258,2026-07-06,677.36,Healthcare,0
8397,87,2024-08-24,7726.2,Fuel,0
8398,531,2026-05-26,829.35,Fuel,0
8399,366,2025-04-17,5349.35,Online Retail,0
8400,554,2026-01-09,381.83,Fuel,0
8401,191,2024-04-14,1489.02,Electronics,0
8402,110,2024-12-22,347.68,Entertainment,0
8403,256,2024-07-01,3148.53,Grocery,0
8404,168,2025-07-13,707.09,Travel,0
8405,357,2024-01-23,2647.8,Dining,0
8406,351,2025-01-06,4709.05,Electronics,0
8407,93,2025-05-08,193.05,Dining,0
8408,328,2025-04-10,2123.85,Electronics,0
8409,272,2026-03-12,5657.95,Dining,0
8410,364,2025-08-14,759.37,Grocery,0
8411,533,2026-03-01,4999.17,Fuel,0
8412,319,2025-05-02,2556.97,Fuel,0
8413,195,2024-12-12,1038.24,Entertainment,0
8414,633,2024-10-12,1993.59,Electronics,0
8415,536,2025-11-01,837.79,Travel,0
8416,673,2026-06-17,418.19,Fuel,0
8417,162,2026-08-23,4174.99,Fuel,0
8418,431,2024-08-14,885.85,Fuel,0
8419,528,2025-02-16,7336.38,Healthcare,0
8420,626,2025-08-28,4106.32,Dining,0
8421,137,2026-06-09,1779.96,Dining,0
8422,177,2024-10-28,2760.3,Travel,0
8423,666,2026-01-29,4093.22,Grocery,0
8424,397,2026-03-30,12014.33,Dining,0
8425,108,2024-06-21,4383.29,Travel,0
8426,136,2024-11-01,710.03,Online Retail,0
8427,700,2025-03-09,307.32,Online Retail,0
8428,630,2026-04-08,410.02,Travel,0
8429,161,2026-06-26,731.77,Electronics,0
8430,387,2024-06-11,577.11,Online Retail,0
8431,498,2024-06-12,1110.16,Online Retail,0
8432,313,2025-01-09,1322.94,Travel,0
8433,214,2024-02-26,200.14,Grocery,0
8434,491,2025-05-17,2393.18,Dining,0
8435,58,2024-09-17,3522.75,Online Retail,1
8436,146,2025-01-12,621.65,Electronics,0
8437,18,2024-01-05,2624.89,Fuel,0
8438,624,2024-08-13,850.82,Entertainment,0
8439,104,2024-05-03,3324.72,Online Retail,0
8440,609,2024-08-06,7094.02,Healthcare,0
8441,286,2025-02-19,8549.41,Grocery,0
8442,74,2024-08-16,115.53,Entertainment,0
8443,407,2026-01-15,2373.94,Entertainment,0
8444,223,2025-03-16,6631.17,Online Retail,0
8445,335,2024-07-27,5398.79,Fuel,0
8446,685,2025-08-31,1059.07,Electronics,0
8447,442,2026-04-08,1425.28,Online Retail,0
8448,13,2025-05-01,2237.68,Online Retail,0
8449,68,2026-08-21,7327.84,Healthcare,0
8450,540,2024-12-13,5392.76,Electronics,0
8451,474,2025-03-28,8060.32,Grocery,0
8452,343,2025-02-17,6241.81,Dining,0
8453,550,2026-08-25,2386.23,Electronics,0
8454,157,2025-12-04,11499.5,Healthcare,0
8455,162,2025-07-17,463.93,Electronics,0
8456,285,2024-12-22,1986.69,Electronics,0
8457,555,2024-02-28,2106.66,Electronics,0
8458,688,2026-05-29,6037.85,Entertainment,0
8459,176,2024-04-17,1488.24,Grocery,0
8460,433,2025-12-09,9812.59,Dining,0
8461,311,2025-05-15,4086.87,Entertainment,0
8462,617,2025-11-13,1722.31,Travel,0
8463,565,2026-06-17,704.6,Travel,0
8464,121,2024-07-09,72.77,Online Retail,0
8465,482,2024-04-06,98.58,Grocery,1
8466,13,2024-12-27,2048.19,Fuel,0
8467,353,2025-07-11,14722.04,Online Retail,0
8468,187,2024-03-06,3953.68,Dining,0
8469,259,2026-03-01,4940.05,Travel,0
8470,232,2025-08-13,1006.56,Electronics,0
8471,395,2026-08-16,1058.82,Electronics,1
8472,595,2024-10-06,157.93,Travel,0
8473,364,2026-06-04,6329.59,Entertainment,0
8474,607,2025-01-09,61.37,Electronics,0
8475,681,2024-04-13,2818.69,Healthcare,0
8476,157,2026-03-29,2273.99,Travel,0
8477,579,2024-03-15,2437.04,Fuel,0
8478,153,2025-11-25,7378.39,Healthcare,0
8479,82,2024-07-19,2646.96,Dining,0
8480,147,2025-10-15,943.74,Entertainment,0
8481,289,2024-09-29,5426.91,Grocery,0
8482,120,2024-03-19,6112.44,Online Retail,0
8483,412,2026-04-24,1056.29,Dining,0
8484,418,2024-12-09,825.9,Fuel,0
8485,494,2025-09-21,1488.8,Dining,0
8486,639,2024-02-08,1309.74,Healthcare,0
8487,125,2026-07-07,4026.48,Fuel,0
8488,687,2025-08-28,1618.91,Healthcare,0
8489,582,2025-02-12,2904.46,Dining,0
8490,38,2026-05-27,14319.36,Grocery,0
8491,441,2025-02-03,2054.03,Fuel,0
8492,181,2024-11-16,1391.76,Entertainment,0
8493,48,2024-09-29,7765.11,Fuel,0
8494,478,2025-09-28,15153.19,Entertainment,0
8495,42,2025-03-02,8330.53,Grocery,0
8496,125,2025-07-08,2218.43,Online Retail,0
8497,481,2026-02-10,5300.97,Electronics,0
8498,59,2025-10-01,9246.34,Grocery,0
8499,529,2025-11-10,1349.51,Dining,0
8500,19,2025-08-17,3013.7,Online Retail,0
8501,218,2026-02-08,1165.63,Entertainment,0
8502,180,2025-12-05,581.98,Fuel,0
8503,114,2026-03-20,4559.09,Entertainment,0
8504,373,2025-09-08,1974.33,Fuel,0
8505,154,2024-01-05,776.58,Fuel,0
8506,106,2026-06-05,780.51,Electronics,0
8507,275,2024-08-19,5961.17,Fuel,0
8508,348,2025-12-02,4572.88,Entertainment,0
8509,443,2025-09-29,4825.03,Fuel,0
8510,60,2025-10-06,1349.28,Online Retail,0
8511,132,2025-03-11,7478.18,Travel,0
8512,36,2025-03-16,6431.63,Entertainment,1
8513,554,2024-04-24,7876.67,Dining,0
8514,392,2024-08-27,575.5,Dining,0
8515,175,2024-03-04,3800.19,Fuel,0
8516,373,2026-06-03,3785.97,Online Retail,0
8517,567,2026-07-08,1162.0,Healthcare,0
8518,533,2024-04-14,2240.78,Fuel,0
8519,647,2026-04-07,3338.72,Travel,0
8520,162,2025-10-25,7621.58,Travel,0
8521,115,2024-11-07,2898.47,Electronics,0
8522,535,2024-06-02,4266.31,Travel,0
8523,643,2025-09-15,339.84,Electronics,0
8524,123,2024-01-28,1685.58,Healthcare,0
8525,494,2024-05-23,1896.7,Travel,0
8526,403,2024-04-12,6797.12,Entertainment,0
8527,622,2024-05-11,6933.8,Fuel,0
8528,135,2024-01-07,558.42,Grocery,0
8529,243,2024-11-21,1235.23,Entertainment,0
8530,435,2026-02-20,3600.48,Online Retail,0
8531,605,2024-10-01,2120.74,Electronics,0
8532,578,2024-08-29,1767.84,Healthcare,0
8533,334,2026-08-12,1571.15,Grocery,0
8534,260,2025-04-14,3319.24,Grocery,0
8535,133,2024-01-24,3330.89,Travel,0
8536,282,2025-07-27,1385.44,Online Retail,0
8537,698,2025-06-17,1602.37,Fuel,0
8538,160,2025-02-17,2240.19,Travel,0
8539,664,2026-04-12,2728.83,Entertainment,0
8540,196,2025-10-26,46.76,Online Retail,0
8541,88,2024-01-26,1090.01,Online Retail,0
8542,503,2024-12-29,1298.03,Grocery,0
8543,320,2025-06-23,2133.87,Healthcare,0
8544,513,2025-10-07,3270.07,Electronics,0
8545,691,2025-01-05,1182.33,Fuel,0
8546,104,2025-03-09,1992.24,Travel,0
8547,384,2024-07-29,160.06,Entertainment,0
8548,187,2025-08-08,7923.69,Entertainment,0
8549,348,2024-08-17,467.59,Fuel,0
8550,180,2025-04-21,10880.82,Dining,0
8551,137,2026-03-05,3049.21,Online Retail,0
8552,364,2026-06-12,5325.71,Entertainment,0
8553,294,2025-03-28,2343.99,Entertainment,0
8554,537,2024-07-21,3368.69,Entertainment,0
8555,349,2024-02-14,3332.06,Fuel,0
8556,423,2026-04-03,5783.2,Grocery,0
8557,500,2025-02-02,3777.2,Electronics,0
8558,39,2024-07-02,401.17,Dining,0
8559,316,2026-03-07,246.89,Entertainment,0
8560,368,2025-04-14,742.28,Travel,0
8561,445,2025-11-02,2379.2,Fuel,0
8562,28,2024-03-03,5997.14,Online Retail,0
8563,72,2026-07-20,1167.85,Healthcare,0
8564,595,2024-11-02,399.5,Electronics,0
8565,535,2026-01-23,681.97,Dining,0
8566,295,2024-10-16,11436.79,Entertainment,0
8567,3,2024-06-15,5574.28,Entertainment,0
8568,182,2025-02-04,667.13,Fuel,0
8569,450,2024-03-06,1718.24,Healthcare,0
8570,477,2025-05-10,2656.39,Fuel,0
8571,579,2025-03-26,3758.77,Online Retail,0
8572,387,2024-03-16,18143.72,Entertainment,0
8573,537,2025-03-09,2388.88,Healthcare,0
8574,166,2025-07-09,959.7,Healthcare,0
8575,104,2025-06-18,8199.24,Healthcare,0
8576,235,2024-03-11,12565.26,Grocery,0
8577,591,2025-10-16,2086.71,Healthcare,0
8578,621,2024-11-19,3975.3,Fuel,0
8579,56,2024-09-04,2335.35,Fuel,0
8580,138,2026-04-12,4059.34,Entertainment,0
8581,47,2026-08-21,5088.99,Online Retail,1
8582,535,2024-04-20,3294.57,Fuel,0
8583,576,2025-04-27,7374.19,Entertainment,0
8584,650,2024-09-15,3232.29,Fuel,0
8585,128,2025-11-28,917.91,Fuel,0
8586,364,2025-08-15,6850.81,Grocery,0
8587,313,2025-02-02,7328.71,Grocery,0
8588,684,2025-12-29,73.17,Dining,0
8589,656,2025-10-29,13533.97,Grocery,0
8590,586,2026-06-23,806.08,Fuel,0
8591,147,2026-08-16,2097.46,Healthcare,0
8592,234,2025-02-07,1678.04,Travel,0
8593,547,2024-05-29,1074.59,Grocery,0
8594,427,2026-06-18,3556.71,Entertainment,0
8595,410,2025-03-01,512.72,Online Retail,0
8596,53,2026-05-16,2833.14,Grocery,0
8597,284,2025-11-10,5426.54,Entertainment,0
8598,683,2025-05-25,2475.76,Dining,0
8599,322,2026-04-15,8262.28,Fuel,0
8600,619,2026-01-05,491.42,Healthcare,0
8601,288,2025-09-13,1631.62,Electronics,0
8602,594,2025-05-20,936.43,Electronics,0
8603,580,2024-08-13,5007.25,Entertainment,0
8604,436,2024-07-25,2634.36,Grocery,0
8605,570,2025-09-21,1754.06,Fuel,0
8606,34,2025-01-10,5559.64,Travel,0
8607,262,2025-08-30,9973.82,Electronics,0
8608,63,2025-11-29,3965.02,Entertainment,0
8609,489,2024-02-12,6359.66,Dining,0
8610,205,2024-03-25,44.35,Entertainment,0
8611,373,2025-08-14,4111.57,Healthcare,0
8612,590,2026-08-10,16028.87,Online Retail,0
8613,524,2025-06-03,4076.97,Fuel,0
8614,467,2025-10-19,4226.75,Electronics,0
8615,36,2024-10-09,3541.6,Fuel,0
8616,432,2024-07-29,2192.17,Entertainment,0
8617,236,2024-08-20,1831.91,Grocery,0
8618,693,2026-07-06,2404.85,Healthcare,0
8619,236,2026-01-18,3871.4,Dining,0
8620,525,2024-12-13,777.71,Dining,0
8621,418,2024-03-04,2380.7,Online Retail,0
8622,235,2026-04-17,6238.22,Healthcare,0
8623,146,2024-10-04,2416.92,Electronics,0
8624,182,2024-08-20,1774.0,Online Retail,0
8625,373,2025-11-14,3844.61,Entertainment,0
8626,621,2024-04-29,282.34,Electronics,0
8627,686,2024-07-22,2168.81,Grocery,0
8628,221,2025-05-02,698.25,Travel,0
8629,31,2024-04-24,3125.4,Travel,0
8630,155,2026-06-09,1496.77,Dining,0
8631,353,2026-08-16,3942.18,Grocery,0
8632,282,2026-03-21,2219.6,Fuel,0
8633,97,2025-07-05,4445.26,Travel,0
8634,122,2025-06-15,2828.43,Fuel,0
8635,408,2024-09-19,628.64,Travel,0
8636,187,2024-05-25,718.59,Entertainment,0
8637,169,2024-05-30,442.32,Dining,0
8638,264,2024-05-25,3445.38,Entertainment,0
8639,632,2024-01-07,1699.82,Healthcare,0
8640,591,2025-12-25,1800.57,Online Retail,0
8641,223,2026-01-01,5608.56,Travel,0
8642,538,2025-12-11,6457.9,Healthcare,0
8643,671,2024-12-14,2865.83,Electronics,0
8644,197,2024-04-09,622.96,Healthcare,0
8645,3,2024-07-08,2944.15,Electronics,0
8646,162,2026-03-10,7157.89,Fuel,0
8647,583,2026-05-30,1097.79,Grocery,0
8648,75,2024-02-25,5676.44,Fuel,0
8649,184,2025-11-09,6618.51,Electronics,0
8650,668,2026-05-24,7545.61,Healthcare,0
8651,142,2026-03-01,3177.57,Travel,0
8652,336,2024-08-29,3916.33,Entertainment,0
8653,619,2025-10-01,1209.44,Electronics,0
8654,593,2026-03-09,1385.95,Healthcare,0
8655,214,2026-06-12,2203.19,Grocery,0
8656,175,2025-10-25,82.29,Fuel,0
8657,409,2024-12-01,464.61,Entertainment,0
8658,226,2025-10-14,3896.84,Electronics,0
8659,516,2024-06-01,6878.2,Grocery,0
8660,474,2024-03-27,1413.02,Fuel,0
8661,294,2024-01-07,352.44,Online Retail,0
8662,287,2025-06-19,3398.61,Travel,0
8663,71,2024-02-02,1612.41,Travel,0
8664,486,2024-05-12,1990.89,Fuel,0
8665,646,2026-04-12,2092.74,Fuel,0
8666,614,2025-02-02,1170.36,Travel,0
8667,454,2025-08-22,815.92,Grocery,0
8668,510,2025-03-05,10884.64,Dining,0
8669,625,2024-02-14,5316.73,Grocery,0
8670,154,2025-08-01,4840.01,Healthcare,0
8671,538,2024-04-14,696.21,Travel,0
8672,73,2025-10-17,4533.96,Grocery,0
8673,542,2025-11-10,344.75,Online Retail,0
8674,154,2025-11-27,2458.74,Online Retail,0
8675,413,2025-01-10,2555.65,Entertainment,0
8676,2,2025-04-11,1492.5,Healthcare,0
8677,5,2026-01-25,3520.99,Dining,0
8678,455,2025-03-04,1235.46,Travel,0
8679,618,2026-07-02,1235.51,Online Retail,0
8680,78,2025-09-26,600.87,Electronics,0
8681,582,2026-01-07,7591.88,Fuel,0
8682,529,2025-10-11,750.43,Travel,0
8683,509,2024-06-26,1381.99,Entertainment,0
8684,191,2025-03-28,2238.94,Electronics,0
8685,615,2025-09-25,1624.74,Fuel,0
8686,427,2025-05-19,7655.14,Travel,0
8687,129,2025-08-03,5554.07,Travel,0
8688,618,2026-06-03,2143.14,Online Retail,0
8689,198,2026-04-06,2137.67,Online Retail,0
8690,349,2024-07-28,990.62,Healthcare,0
8691,110,2024-07-14,325.44,Healthcare,0
8692,273,2024-05-21,7425.96,Entertainment,0
8693,453,2025-12-01,3947.04,Healthcare,0
8694,629,2025-04-27,1259.67,Grocery,1
8695,307,2025-08-07,3460.69,Healthcare,0
8696,433,2026-04-25,13487.67,Entertainment,0
8697,72,2025-04-10,4383.6,Grocery,0
8698,168,2025-09-06,568.29,Healthcare,0
8699,403,2024-10-10,1892.73,Dining,0
8700,30,2026-03-19,3598.88,Travel,0
8701,238,2024-01-26,6802.5,Dining,0
8702,42,2025-07-17,2454.86,Dining,0
8703,344,2026-02-24,1958.9,Entertainment,0
8704,184,2025-11-28,1234.97,Entertainment,0
8705,183,2024-04-14,387.12,Electronics,0
8706,324,2026-04-11,4768.09,Entertainment,0
8707,113,2025-01-02,1869.22,Dining,0
8708,532,2025-05-21,369.47,Healthcare,1
8709,316,2025-04-28,1026.99,Online Retail,0
8710,632,2024-12-02,2992.21,Online Retail,0
8711,159,2024-11-17,2517.55,Grocery,0
8712,44,2026-06-10,4167.72,Dining,0
8713,284,2025-10-07,1361.65,Entertainment,0
8714,74,2026-08-25,2223.2,Travel,0
8715,268,2024-11-16,251.61,Online Retail,0
8716,541,2024-10-16,1143.87,Travel,0
8717,659,2025-05-18,5643.54,Electronics,0
8718,321,2025-08-18,2859.98,Dining,0
8719,131,2024-04-02,1673.65,Online Retail,0
8720,272,2024-12-18,4618.98,Entertainment,0
8721,201,2025-02-27,3205.04,Online Retail,0
8722,85,2024-03-24,5988.66,Dining,0
8723,555,2025-07-22,529.89,Grocery,0
8724,512,2024-04-27,3384.67,Healthcare,0
8725,208,2026-04-20,2778.29,Entertainment,0
8726,340,2025-05-20,5446.49,Fuel,0
8727,337,2024-06-26,1021.24,Fuel,0
8728,302,2025-05-24,3740.85,Healthcare,0
8729,534,2024-11-26,5155.02,Fuel,0
8730,489,2025-03-04,4137.81,Electronics,0
8731,4,2024-09-09,707.51,Online Retail,0
8732,157,2025-02-17,2226.45,Electronics,0
8733,670,2024-05-28,549.23,Electronics,0
8734,290,2024-10-10,2781.46,Electronics,0
8735,324,2025-01-10,4937.55,Fuel,1
8736,533,2026-01-30,4637.12,Electronics,0
8737,532,2026-06-04,3362.75,Travel,0
8738,396,2026-05-03,287.37,Healthcare,0
8739,645,2024-12-29,3835.91,Entertainment,0
8740,413,2024-12-26,3629.91,Travel,0
8741,614,2024-09-22,4517.15,Entertainment,0
8742,319,2025-05-13,915.12,Travel,0
8743,155,2026-07-23,1344.47,Healthcare,0
8744,78,2024-08-28,11683.77,Grocery,0
8745,389,2025-11-28,511.52,Electronics,0
8746,624,2024-09-03,3006.03,Travel,0
8747,288,2024-12-26,857.53,Dining,0
8748,509,2025-05-25,1917.37,Fuel,0
8749,373,2025-12-31,2196.6,Entertainment,0
8750,565,2026-03-30,3757.03,Grocery,0
8751,546,2025-09-14,2551.64,Travel,0
8752,489,2025-08-13,93.23,Dining,0
8753,249,2026-04-13,986.77,Travel,0
8754,289,2025-09-01,1738.9,Dining,0
8755,335,2024-04-18,5087.05,Electronics,0
8756,576,2024-02-20,1360.18,Dining,0
8757,426,2025-06-10,2372.23,Grocery,0
8758,121,2024-01-10,2923.24,Electronics,0
8759,190,2025-11-15,2803.0,Grocery,0
8760,219,2026-01-28,2424.19,Fuel,0
8761,425,2026-08-30,718.96,Electronics,0
8762,536,2024-01-23,1361.56,Healthcare,0
8763,105,2025-08-09,4798.24,Dining,0
8764,507,2026-06-30,5633.3,Travel,0
8765,436,2024-05-17,6241.94,Fuel,0
8766,145,2026-01-26,1136.94,Grocery,0
8767,101,2026-08-05,1570.17,Fuel,1
8768,103,2024-03-09,3334.5,Fuel,0
8769,543,2025-03-23,9523.68,Dining,0
8770,165,2024-03-11,14513.42,Online Retail,0
8771,136,2025-04-20,1134.56,Healthcare,0
8772,293,2026-04-13,952.49,Online Retail,0
8773,453,2024-09-03,389.84,Healthcare,0
8774,310,2026-02-12,3932.12,Dining,0
8775,407,2026-03-04,303.44,Dining,0
8776,257,2024-01-13,3564.86,Grocery,0
8777,298,2025-05-31,3653.35,Fuel,0
8778,410,2024-09-01,8374.44,Entertainment,0
8779,452,2026-08-07,916.9,Entertainment,0
8780,517,2025-11-09,90.06,Grocery,0
8781,593,2025-05-21,438.78,Electronics,0
8782,231,2025-09-26,1765.64,Entertainment,0
8783,85,2024-06-25,893.03,Travel,0
8784,66,2025-05-06,1387.61,Fuel,0
8785,474,2026-01-21,4736.48,Fuel,0
8786,302,2026-07-10,1464.32,Dining,0
8787,288,2024-05-24,1553.55,Dining,0
8788,514,2026-06-01,2918.99,Healthcare,0
8789,472,2024-10-03,1138.0,Fuel,0
8790,640,2026-04-23,3614.29,Entertainment,0
8791,613,2026-07-04,4914.35,Grocery,0
8792,525,2026-02-14,950.95,Grocery,0
8793,457,2026-08-09,7862.4,Dining,0
8794,628,2025-06-25,336.69,Online Retail,0
8795,112,2026-01-27,474.09,Entertainment,0
8796,669,2026-06-04,1571.92,Entertainment,0
8797,292,2024-07-20,522.64,Entertainment,0
8798,174,2025-11-26,2916.9,Dining,1
8799,385,2025-12-24,1592.07,Online Retail,0
8800,626,2025-04-25,1483.07,Travel,0
8801,89,2025-08-02,474.26,Entertainment,0
8802,122,2025-09-30,15963.66,Healthcare,0
8803,451,2025-03-11,7753.2,Healthcare,0
8804,469,2025-08-03,5542.05,Online Retail,0
8805,500,2025-03-10,1961.04,Electronics,0
8806,629,2025-04-03,6197.11,Online Retail,0
8807,534,2025-03-17,3986.88,Online Retail,0
8808,569,2025-03-27,1147.98,Travel,0
8809,84,2024-11-10,15634.37,Entertainment,0
8810,250,2024-04-14,132.59,Travel,0
8811,494,2025-06-08,1743.87,Online Retail,0
8812,574,2025-02-16,1004.87,Entertainment,0
8813,257,2024-02-05,19.3,Healthcare,0
8814,408,2025-05-30,129.22,Healthcare,0
8815,148,2026-04-07,9564.14,Online Retail,0
8816,606,2024-09-06,1375.99,Grocery,0
8817,368,2026-05-24,1834.18,Grocery,0
8818,67,2025-06-11,1425.21,Online Retail,0
8819,401,2025-01-16,1500.92,Grocery,0
8820,186,2026-04-29,3326.97,Online Retail,0
8821,320,2026-07-13,3756.94,Online Retail,0
8822,243,2026-06-20,1214.7,Electronics,0
8823,589,2026-01-26,4931.37,Travel,0
8824,593,2025-09-02,9712.69,Healthcare,0
8825,110,2026-04-06,153.48,Dining,0
8826,227,2026-04-16,1920.09,Online Retail,0
8827,286,2026-05-18,3294.35,Travel,0
8828,599,2026-03-20,191.5,Electronics,0
8829,187,2024-11-27,7862.62,Electronics,0
8830,491,2026-08-01,4445.47,Electronics,0
8831,35,2026-03-03,4518.65,Travel,0
8832,672,2026-04-24,7885.31,Online Retail,0
8833,238,2024-05-21,1865.65,Dining,0
8834,189,2024-01-13,1917.85,Dining,0
8835,503,2026-08-10,2529.5,Travel,0
8836,429,2025-08-24,3590.3,Fuel,0
8837,367,2025-08-03,3791.48,Entertainment,0
8838,652,2025-11-15,756.87,Healthcare,0
8839,294,2025-11-07,450.52,Entertainment,0
8840,378,2024-02-10,4106.61,Dining,0
8841,333,2024-10-25,3798.82,Grocery,0
8842,122,2025-06-11,6320.16,Travel,0
8843,219,2024-02-01,5345.18,Electronics,0
8844,423,2026-05-13,300.17,Fuel,0
8845,86,2024-06-08,463.03,Grocery,0
8846,512,2025-02-23,894.66,Dining,0
8847,414,2024-05-18,2879.36,Fuel,0
8848,455,2024-03-02,7372.25,Dining,0
8849,571,2025-03-07,2878.06,Fuel,0
8850,339,2026-01-27,2169.44,Fuel,0
8851,553,2024-10-12,503.68,Electronics,0
8852,525,2025-03-23,2064.78,Electronics,0
8853,164,2026-07-09,4441.68,Online Retail,0
8854,190,2025-01-01,1545.94,Dining,0
8855,305,2026-03-31,1294.26,Travel,0
8856,67,2026-08-20,5870.53,Fuel,0
8857,387,2025-06-10,3646.32,Dining,0
8858,639,2025-08-19,5320.69,Online Retail,0
8859,562,2026-04-11,947.86,Online Retail,0
8860,511,2025-10-24,9199.25,Grocery,0
8861,138,2025-07-24,1223.12,Grocery,0
8862,561,2026-05-11,1810.67,Online Retail,0
8863,93,2026-06-16,4087.19,Entertainment,0
8864,289,2024-10-23,1236.86,Online Retail,0
8865,653,2025-12-27,3177.26,Grocery,1
8866,533,2024-09-10,3280.73,Healthcare,0
8867,103,2025-12-17,1950.15,Fuel,0
8868,366,2024-03-25,3435.65,Grocery,0
8869,693,2024-09-25,1487.16,Entertainment,0
8870,313,2026-02-11,3645.07,Grocery,0
8871,420,2026-02-13,4460.07,Entertainment,0
8872,268,2025-04-02,2446.69,Healthcare,0
8873,350,2026-01-23,4968.19,Online Retail,0
8874,364,2025-04-19,982.42,Entertainment,0
8875,133,2024-03-19,2525.2,Online Retail,0
8876,660,2026-03-02,10241.24,Grocery,0
8877,603,2024-02-26,2471.21,Fuel,0
8878,71,2026-02-20,1975.31,Electronics,0
8879,121,2026-05-09,622.36,Electronics,0
8880,452,2024-01-02,1078.77,Grocery,0
8881,281,2026-08-12,2274.96,Dining,0
8882,476,2025-08-24,5946.56,Online Retail,0
8883,34,2025-08-12,4737.93,Travel,0
8884,527,2024-11-12,830.2,Online Retail,0
8885,16,2024-06-15,3292.71,Entertainment,0
8886,138,2024-01-23,2480.62,Travel,0
8887,511,2025-02-14,2670.59,Grocery,0
8888,244,2026-02-10,4451.23,Online Retail,0
8889,146,2024-01-21,4045.54,Fuel,0
8890,619,2024-08-05,3810.73,Grocery,0
8891,421,2026-03-12,4051.32,Healthcare,0
8892,202,2025-03-03,137.68,Fuel,0
8893,507,2024-04-10,10539.83,Grocery,0
8894,94,2026-08-15,2593.9,Online Retail,0
8895,345,2024-11-22,4662.75,Fuel,0
8896,133,2024-06-21,5955.48,Grocery,0
8897,460,2025-07-02,1306.24,Fuel,0
8898,191,2024-03-24,2155.99,Fuel,0
8899,169,2025-11-11,5988.74,Grocery,0
8900,180,2025-09-20,7416.38,Travel,0
8901,573,2026-06-03,2517.18,Online Retail,0
8902,607,2024-10-13,272.38,Fuel,0
8903,145,2025-02-15,923.49,Dining,0
8904,110,2025-10-14,1517.51,Fuel,0
8905,414,2024-07-05,3201.86,Dining,0
8906,450,2024-12-18,3491.05,Grocery,0
8907,586,2024-04-16,4795.74,Grocery,0
8908,576,2025-11-14,5702.07,Online Retail,0
8909,556,2025-10-04,1733.89,Dining,0
8910,31,2024-04-01,5639.6,Healthcare,0
8911,36,2024-05-05,8426.06,Grocery,0
8912,131,2025-01-25,3748.85,Healthcare,0
8913,258,2025-10-03,681.18,Online Retail,0
8914,518,2026-02-08,2837.43,Healthcare,0
8915,597,2025-03-20,6605.7,Healthcare,0
8916,504,2026-02-22,403.88,Grocery,0
8917,596,2025-02-10,723.97,Electronics,0
8918,261,2025-08-01,754.73,Electronics,0
8919,446,2024-09-11,4023.53,Grocery,0
8920,96,2025-09-17,1031.63,Online Retail,0
8921,76,2026-05-29,6654.8,Entertainment,0
8922,579,2024-10-05,2352.08,Healthcare,0
8923,283,2025-11-29,10677.74,Dining,0
8924,509,2025-03-18,4581.27,Entertainment,0
8925,673,2025-05-26,2421.77,Online Retail,0
8926,403,2025-07-17,5121.97,Online Retail,0
8927,75,2025-02-17,900.85,Electronics,0
8928,460,2025-10-11,3355.03,Healthcare,0
8929,561,2024-12-17,3295.57,Electronics,0
8930,193,2024-06-08,2164.42,Fuel,0
8931,293,2025-01-24,498.04,Travel,0
8932,440,2025-03-06,3177.8,Online Retail,0
8933,522,2026-04-12,3041.11,Online Retail,0
8934,127,2025-09-17,1228.12,Fuel,0
8935,39,2025-02-14,431.15,Fuel,0
8936,447,2026-04-11,1035.22,Grocery,0
8937,8,2024-01-05,8986.61,Healthcare,0
8938,317,2025-11-01,1343.72,Online Retail,0
8939,211,2026-06-19,3155.55,Grocery,0
8940,308,2025-11-08,2993.09,Fuel,0
8941,610,2025-08-01,2089.51,Fuel,0
8942,656,2025-06-01,9352.61,Grocery,0
8943,476,2024-06-10,4311.95,Dining,0
8944,261,2024-05-29,3885.52,Grocery,0
8945,429,2024-05-03,2475.03,Electronics,0
8946,98,2026-06-30,1331.42,Healthcare,0
8947,699,2025-01-02,2567.58,Travel,0
8948,612,2026-07-30,4404.94,Electronics,0
8949,244,2025-08-19,5227.5,Dining,0
8950,18,2026-01-04,4424.96,Fuel,0
8951,596,2026-07-04,269.98,Dining,0
8952,22,2025-05-15,1884.73,Grocery,0
8953,77,2024-02-23,261.05,Entertainment,0
8954,5,2026-03-13,841.65,Grocery,0
8955,120,2024-12-09,559.54,Travel,0
8956,643,2024-05-29,1978.82,Online Retail,0
8957,335,2024-09-07,2501.89,Healthcare,0
8958,117,2026-08-24,472.48,Online Retail,0
8959,672,2025-02-14,7296.44,Fuel,0
8960,292,2025-07-16,3385.15,Dining,0
8961,493,2026-02-11,2371.86,Healthcare,1
8962,382,2025-07-18,4964.59,Dining,0
8963,79,2024-06-03,2309.52,Fuel,0
8964,498,2024-03-23,3602.24,Dining,0
8965,669,2026-06-30,1381.47,Healthcare,0
8966,684,2024-07-14,924.29,Grocery,0
8967,537,2024-09-07,584.8,Electronics,0
8968,470,2024-02-09,2627.71,Healthcare,0
8969,516,2026-01-03,3257.21,Grocery,0
8970,679,2025-05-08,12017.04,Fuel,0
8971,387,2025-09-15,87.65,Fuel,0
8972,635,2024-06-29,2331.08,Electronics,0
8973,276,2025-06-18,5084.96,Travel,0
8974,222,2025-06-21,851.11,Travel,0
8975,77,2026-04-02,6131.15,Dining,0
8976,324,2025-11-26,5087.29,Fuel,0
8977,434,2025-08-14,6492.81,Electronics,0
8978,286,2025-10-15,3789.26,Travel,0
8979,90,2026-02-01,944.13,Online Retail,0
8980,309,2024-08-04,2451.99,Entertainment,0
8981,413,2025-07-28,5559.55,Online Retail,0
8982,83,2026-07-07,1064.3,Entertainment,0
8983,378,2025-12-03,281.36,Fuel,0
8984,268,2026-03-26,4418.29,Grocery,0
8985,418,2024-02-16,1172.17,Travel,0
8986,5,2026-03-28,3347.54,Entertainment,0
8987,579,2025-09-20,4928.94,Fuel,0
8988,280,2024-06-25,1514.96,Travel,0
8989,288,2026-05-16,668.54,Healthcare,0
8990,78,2026-05-05,770.21,Dining,0
8991,306,2025-09-26,10816.42,Travel,0
8992,279,2026-07-26,844.75,Grocery,0
8993,42,2026-03-08,3572.39,Electronics,0
8994,405,2025-02-13,5308.75,Dining,0
8995,202,2026-08-24,3371.58,Fuel,0
8996,250,2025-04-08,1981.59,Electronics,0
8997,57,2024-06-01,2292.29,Dining,0
8998,449,2024-04-23,2884.32,Dining,0
8999,100,2025-11-02,314.15,Fuel,0
9000,417,2024-05-17,4051.42,Entertainment,0
9001,299,2026-05-24,9583.08,Dining,0
9002,521,2026-06-25,1043.22,Online Retail,0
9003,286,2024-01-29,2331.15,Fuel,0
9004,459,2024-06-13,7061.18,Healthcare,0
9005,656,2024-06-18,8884.84,Entertainment,0
9006,182,2025-11-19,4862.39,Healthcare,0
9007,84,2024-08-31,8281.47,Electronics,0
9008,426,2025-10-15,160.82,Travel,0
9009,105,2026-05-08,3628.88,Electronics,0
9010,154,2025-10-05,8325.3,Healthcare,0
9011,526,2026-08-10,1708.73,Entertainment,0
9012,480,2025-04-19,3203.56,Grocery,0
9013,16,2026-06-09,1570.57,Entertainment,0
9014,413,2026-01-26,3647.07,Online Retail,0
9015,456,2025-04-07,5851.18,Dining,0
9016,226,2024-10-04,6795.8,Healthcare,0
9017,524,2025-10-12,1133.47,Dining,0
9018,505,2026-01-27,480.92,Travel,0
9019,441,2024-04-11,3625.21,Fuel,0
9020,176,2024-11-03,4438.79,Dining,0
9021,202,2026-08-12,412.56,Fuel,0
9022,384,2024-05-12,1826.19,Healthcare,0
9023,73,2026-07-09,7975.92,Online Retail,0
9024,288,2024-05-08,1781.26,Healthcare,0
9025,696,2025-08-04,6348.91,Fuel,0
9026,450,2024-11-01,1267.38,Entertainment,0
9027,602,2024-05-19,6344.39,Online Retail,0
9028,228,2024-08-05,2381.47,Travel,0
9029,512,2026-07-12,1924.51,Healthcare,0
9030,515,2024-09-24,2532.92,Travel,0
9031,131,2026-05-23,990.51,Travel,0
9032,155,2025-09-11,426.95,Dining,0
9033,302,2026-08-23,1709.24,Online Retail,0
9034,446,2025-03-27,4441.35,Travel,0
9035,497,2025-05-10,193.76,Fuel,0
9036,684,2024-03-19,6890.05,Healthcare,0
9037,72,2024-12-05,1919.38,Entertainment,0
9038,449,2025-08-02,4556.41,Travel,0
9039,671,2025-01-02,1677.35,Fuel,1
9040,119,2024-06-16,4152.34,Entertainment,0
9041,669,2025-04-29,4390.51,Healthcare,0
9042,590,2026-08-10,7868.65,Online Retail,1
9043,106,2026-06-08,202.66,Grocery,0
9044,149,2024-12-23,2207.74,Healthcare,0
9045,138,2024-05-05,5860.18,Online Retail,0
9046,65,2024-01-14,2291.94,Dining,0
9047,255,2025-09-24,1941.65,Grocery,1
9048,310,2025-11-02,1748.7,Online Retail,0
9049,316,2026-06-11,2629.91,Online Retail,0
9050,583,2025-07-19,4316.17,Travel,0
9051,309,2024-09-23,1948.66,Travel,0
9052,135,2024-01-25,5946.37,Entertainment,0
9053,482,2025-05-27,3132.46,Online Retail,0
9054,449,2024-10-07,2088.59,Fuel,0
9055,330,2026-02-13,2637.46,Dining,0
9056,451,2025-09-20,5810.19,Fuel,0
9057,129,2025-05-16,1176.75,Healthcare,0
9058,546,2025-12-24,1779.08,Grocery,0
9059,183,2025-05-29,1288.04,Grocery,0
9060,34,2025-09-23,1813.27,Electronics,0
9061,288,2026-01-17,2481.19,Electronics,0
9062,169,2024-03-09,5774.48,Electronics,0
9063,364,2024-06-09,4308.96,Dining,0
9064,325,2025-04-12,2425.16,Grocery,0
9065,647,2025-11-28,2332.37,Travel,0
9066,292,2025-02-11,3716.04,Grocery,0
9067,68,2026-06-10,1677.44,Grocery,0
9068,360,2026-08-11,1124.3,Online Retail,0
9069,564,2024-04-09,3754.77,Dining,0
9070,186,2025-10-08,1168.66,Entertainment,0
9071,218,2024-02-28,863.68,Fuel,0
9072,127,2026-02-02,12848.07,Dining,0
9073,509,2024-03-26,133.79,Online Retail,0
9074,117,2024-04-09,82.41,Healthcare,0
9075,181,2025-12-18,2243.3,Electronics,0
9076,61,2025-01-21,4074.93,Fuel,0
9077,270,2025-01-16,2020.11,Travel,0
9078,608,2025-02-24,1680.88,Entertainment,0
9079,311,2025-03-28,10153.76,Dining,0
9080,83,2025-10-16,1276.25,Grocery,0
9081,526,2025-12-11,2504.96,Healthcare,0
9082,249,2026-07-18,1843.5,Entertainment,0
9083,117,2025-05-25,2889.15,Dining,0
9084,14,2026-04-03,1908.4,Dining,0
9085,243,2025-08-08,3578.16,Online Retail,0
9086,110,2024-03-07,2543.08,Grocery,0
9087,370,2026-04-09,1613.8,Entertainment,0
9088,303,2025-03-04,504.7,Grocery,0
9089,461,2025-03-15,7.73,Electronics,0
9090,193,2026-03-27,3913.5,Travel,0
9091,54,2026-05-02,878.29,Online Retail,0
9092,80,2026-08-28,2541.41,Healthcare,0
9093,67,2025-05-25,502.39,Electronics,0
9094,188,2025-03-08,5032.87,Travel,0
9095,503,2025-01-26,4845.66,Healthcare,0
9096,384,2024-11-24,969.72,Travel,0
9097,257,2024-09-11,4299.78,Travel,0
9098,167,2024-11-06,5000.34,Dining,0
9099,116,2025-12-13,7223.45,Fuel,0
9100,103,2024-10-17,558.93,Healthcare,0
9101,185,2025-08-29,1657.97,Entertainment,0
9102,350,2024-08-25,2241.45,Healthcare,0
9103,419,2026-02-26,1814.96,Electronics,0
9104,662,2025-02-14,8240.44,Dining,0
9105,668,2025-06-17,3653.1,Online Retail,0
9106,184,2026-08-05,826.15,Dining,0
9107,513,2026-04-25,10130.74,Fuel,0
9108,92,2024-11-20,4033.02,Travel,0
9109,558,2024-10-07,1722.84,Online Retail,0
9110,651,2025-06-17,281.58,Fuel,0
9111,426,2025-12-13,1942.14,Grocery,0
9112,377,2026-08-01,6877.68,Entertainment,0
9113,260,2025-01-18,2454.67,Grocery,0
9114,620,2025-07-19,1811.48,Dining,0
9115,674,2024-04-21,3659.07,Healthcare,0
9116,495,2025-12-13,2096.8,Grocery,0
9117,57,2025-05-30,4527.1,Travel,0
9118,616,2025-09-24,5256.7,Online Retail,0
9119,567,2024-08-13,953.21,Online Retail,1
9120,252,2025-02-22,6124.34,Entertainment,0
9121,181,2024-03-01,950.78,Online Retail,1
9122,538,2024-12-12,2841.24,Fuel,0
9123,426,2024-12-20,8532.96,Electronics,0
9124,527,2025-03-20,2712.51,Entertainment,0
9125,688,2026-08-11,288.51,Dining,0
9126,259,2025-08-24,3035.86,Electronics,0
9127,590,2026-05-21,4688.85,Grocery,0
9128,329,2024-07-14,4777.47,Entertainment,0
9129,596,2026-08-13,6006.04,Grocery,0
9130,171,2025-08-12,2940.29,Electronics,0
9131,577,2024-01-28,5299.04,Entertainment,0
9132,495,2026-04-21,831.44,Online Retail,0
9133,318,2024-05-29,4443.13,Online Retail,0
9134,644,2026-02-24,1593.0,Grocery,0
9135,276,2024-08-17,7190.48,Travel,0
9136,520,2025-10-22,2881.47,Healthcare,0
9137,363,2025-12-19,1778.79,Fuel,0
9138,100,2024-04-26,5350.83,Grocery,0
9139,200,2026-08-11,2653.73,Fuel,1
9140,561,2026-05-14,736.33,Grocery,0
9141,335,2025-01-31,11383.78,Grocery,0
9142,596,2024-08-30,3516.36,Electronics,0
9143,89,2025-07-22,3009.11,Travel,0
9144,539,2026-02-10,2084.38,Fuel,0
9145,625,2024-03-27,3452.56,Fuel,0
9146,695,2024-05-28,3874.45,Entertainment,0
9147,515,2025-09-05,414.23,Travel,0
9148,331,2024-10-06,1749.03,Travel,0
9149,44,2026-05-27,1065.67,Travel,0
9150,144,2025-06-12,468.22,Dining,0
9151,462,2025-10-04,122.69,Dining,1
9152,618,2024-12-07,12238.26,Electronics,0
9153,532,2025-09-28,16707.41,Online Retail,0
9154,426,2024-09-07,12017.07,Fuel,0
9155,604,2025-04-20,5352.83,Online Retail,0
9156,216,2024-01-23,3203.38,Grocery,0
9157,231,2025-03-14,1473.56,Fuel,0
9158,62,2026-01-16,1790.43,Entertainment,0
9159,442,2024-12-26,547.71,Healthcare,0
9160,129,2024-02-26,2263.91,Travel,0
9161,194,2026-03-10,235.4,Electronics,0
9162,66,2024-10-09,2875.85,Entertainment,0
9163,595,2025-09-20,597.43,Electronics,0
9164,145,2025-11-30,5665.59,Dining,0
9165,613,2024-10-19,1623.9,Healthcare,0
9166,163,2024-10-13,6967.61,Fuel,0
9167,54,2025-05-19,7045.37,Travel,0
9168,685,2025-03-29,4245.33,Healthcare,0
9169,200,2024-04-22,7980.4,Electronics,0
9170,506,2024-03-21,2731.29,Entertainment,0
9171,72,2024-02-14,6616.54,Grocery,0
9172,131,2024-11-03,3507.14,Grocery,0
9173,280,2024-05-12,6997.5,Dining,0
9174,529,2026-01-08,3105.79,Dining,0
9175,4,2026-04-25,6353.61,Fuel,0
9176,443,2026-02-15,5996.31,Fuel,0
9177,548,2024-09-07,3070.48,Travel,0
9178,71,2024-11-21,1015.48,Travel,0
9179,303,2026-07-28,6406.33,Travel,0
9180,663,2024-05-10,3069.32,Entertainment,0
9181,375,2024-11-25,6721.94,Entertainment,0
9182,526,2025-03-09,1505.19,Fuel,0
9183,520,2025-02-03,240.35,Travel,0
9184,290,2026-07-06,162.93,Fuel,0
9185,499,2026-03-02,983.34,Dining,0
9186,664,2026-08-16,6595.54,Grocery,0
9187,221,2024-08-06,1706.48,Travel,0
9188,34,2024-03-07,4090.31,Travel,0
9189,548,2026-06-05,3942.55,Fuel,0
9190,220,2024-05-14,87.32,Healthcare,0
9191,449,2025-09-29,4382.21,Healthcare,0
9192,111,2026-05-18,4235.08,Entertainment,0
9193,153,2024-03-01,1032.02,Entertainment,0
9194,531,2025-08-28,3486.7,Electronics,0
9195,21,2026-07-21,7959.12,Dining,0
9196,349,2026-07-25,2698.4,Electronics,0
9197,530,2024-10-07,5476.26,Dining,0
9198,329,2024-09-08,2213.18,Healthcare,0
9199,116,2024-08-14,11813.19,Fuel,0
9200,445,2025-08-05,832.66,Online Retail,0
9201,79,2026-05-25,3115.57,Entertainment,0
9202,407,2026-06-08,357.39,Entertainment,0
9203,295,2024-11-13,3866.66,Grocery,0
9204,380,2025-05-18,151.21,Travel,0
9205,646,2025-12-05,2386.54,Entertainment,0
9206,620,2025-10-20,9074.39,Dining,0
9207,503,2024-02-03,5441.71,Healthcare,0
9208,347,2026-05-13,474.08,Dining,0
9209,559,2026-06-17,7345.84,Dining,0
9210,71,2025-09-13,2337.41,Travel,0
9211,189,2025-02-02,2051.74,Fuel,0
9212,326,2026-02-10,1876.16,Grocery,0
9213,585,2024-06-23,1713.82,Entertainment,0
9214,271,2024-08-04,759.26,Healthcare,0
9215,291,2026-08-14,1615.96,Electronics,0
9216,666,2024-12-07,2258.04,Fuel,0
9217,686,2025-12-24,111.26,Entertainment,0
9218,27,2025-01-25,1171.44,Grocery,0
9219,399,2026-02-12,4742.72,Electronics,0
9220,485,2026-02-22,2253.19,Fuel,0
9221,425,2025-05-03,5457.41,Entertainment,0
9222,678,2025-01-05,291.67,Grocery,0
9223,641,2025-11-02,270.6,Grocery,0
9224,176,2024-07-18,3226.28,Dining,0
9225,664,2024-10-10,976.1,Online Retail,0
9226,295,2024-02-18,1108.15,Online Retail,0
9227,13,2025-05-20,1607.65,Grocery,0
9228,253,2025-09-18,1200.86,Dining,0
9229,163,2025-01-06,1808.88,Dining,0
9230,648,2025-12-31,3734.07,Dining,0
9231,430,2025-02-18,16311.11,Grocery,0
9232,217,2024-07-22,1214.63,Dining,0
9233,3,2024-01-05,6630.76,Grocery,0
9234,258,2026-04-10,2043.36,Dining,0
9235,223,2026-03-01,2674.45,Healthcare,0
9236,314,2025-03-14,1167.94,Grocery,0
9237,138,2024-07-31,1853.35,Entertainment,0
9238,376,2025-07-30,2354.34,Fuel,0
9239,367,2025-04-06,762.11,Online Retail,0
9240,506,2024-12-09,3414.95,Dining,0
9241,419,2025-10-04,3102.65,Healthcare,0
9242,508,2024-08-11,2140.53,Travel,0
9243,133,2024-02-03,1989.86,Electronics,0
9244,96,2024-06-10,4786.02,Dining,0
9245,376,2024-11-29,4260.2,Fuel,0
9246,694,2026-03-17,1214.43,Healthcare,0
9247,278,2024-09-14,6775.83,Dining,0
9248,511,2026-07-26,3197.81,Grocery,0
9249,694,2024-05-09,1895.6,Healthcare,0
9250,67,2026-08-31,6824.03,Healthcare,0
9251,46,2026-03-04,229.0,Fuel,0
9252,463,2024-03-07,1135.48,Grocery,0
9253,589,2025-06-12,7136.54,Entertainment,0
9254,469,2025-10-25,3318.53,Online Retail,0
9255,700,2025-03-20,3749.13,Entertainment,0
9256,27,2026-08-14,2277.63,Electronics,0
9257,380,2024-05-09,940.57,Travel,0
9258,496,2025-06-09,2170.97,Electronics,0
9259,477,2025-05-16,4525.85,Online Retail,0
9260,25,2025-08-17,2220.89,Travel,0
9261,90,2024-09-17,4503.35,Entertainment,0
9262,698,2025-04-19,3473.78,Dining,0
9263,246,2024-05-03,1084.62,Travel,0
9264,129,2024-04-30,3472.59,Fuel,0
9265,128,2025-05-28,5089.82,Healthcare,0
9266,121,2025-12-17,725.18,Dining,0
9267,409,2025-10-26,1682.54,Grocery,0
9268,353,2026-07-21,1999.91,Entertainment,0
9269,660,2024-02-25,3026.56,Dining,0
9270,335,2025-02-26,9609.9,Grocery,0
9271,21,2024-02-24,1001.01,Online Retail,0
9272,371,2024-12-17,1914.27,Online Retail,0
9273,347,2025-12-21,1090.68,Travel,0
9274,230,2025-08-02,230.78,Electronics,0
9275,507,2024-07-20,4135.69,Entertainment,0
9276,659,2024-03-08,4503.95,Healthcare,0
9277,302,2024-05-29,826.7,Online Retail,0
9278,508,2025-02-15,833.83,Travel,0
9279,378,2026-07-27,1863.36,Fuel,0
9280,509,2025-01-15,1209.52,Fuel,0
9281,318,2024-06-24,939.96,Healthcare,0
9282,182,2024-09-15,5425.77,Entertainment,0
9283,419,2025-10-29,5693.98,Online Retail,0
9284,275,2024-09-27,1627.89,Online Retail,0
9285,49,2026-03-05,5623.12,Electronics,0
9286,519,2024-02-07,5568.81,Grocery,0
9287,383,2024-11-16,750.46,Healthcare,0
9288,427,2024-09-04,2247.45,Grocery,0
9289,359,2025-03-27,335.96,Fuel,0
9290,621,2025-01-21,1032.72,Fuel,0
9291,128,2025-06-24,7039.51,Electronics,0
9292,57,2024-11-16,8921.44,Travel,0
9293,375,2024-07-14,3494.47,Entertainment,0
9294,610,2025-09-19,5641.92,Online Retail,0
9295,325,2024-10-15,1326.91,Dining,0
9296,294,2026-05-04,1275.46,Online Retail,0
9297,416,2026-07-28,4001.07,Grocery,0
9298,240,2024-08-13,1916.82,Electronics,0
9299,395,2024-09-23,113.75,Entertainment,0
9300,676,2026-07-17,1816.08,Healthcare,0
9301,284,2026-03-03,6472.16,Electronics,0
9302,339,2025-03-12,2238.87,Electronics,0
9303,547,2025-06-05,5815.08,Dining,0
9304,471,2024-08-24,211.4,Dining,0
9305,251,2025-09-21,2438.43,Fuel,0
9306,368,2026-07-03,1615.34,Healthcare,0
9307,333,2025-03-21,2294.94,Healthcare,1
9308,279,2025-02-27,1771.32,Online Retail,0
9309,299,2025-07-27,7977.83,Grocery,0
9310,12,2026-03-11,6637.97,Dining,0
9311,341,2025-06-10,1931.69,Online Retail,0
9312,220,2025-03-06,2093.64,Online Retail,0
9313,561,2025-04-14,1145.45,Online Retail,0
9314,442,2024-01-13,611.39,Healthcare,0
9315,497,2026-02-21,2842.37,Travel,0
9316,187,2024-12-13,162.66,Healthcare,0
9317,30,2026-05-08,1492.4,Healthcare,0
9318,270,2024-12-27,579.46,Electronics,0
9319,347,2024-09-06,3642.89,Electronics,0
9320,303,2026-05-12,4999.01,Travel,0
9321,88,2024-05-12,2160.36,Entertainment,0
9322,142,2026-01-28,1756.98,Fuel,0
9323,511,2026-03-01,5423.25,Entertainment,0
9324,633,2024-08-04,1167.46,Dining,0
9325,691,2024-07-25,5228.67,Online Retail,0
9326,356,2024-11-20,3299.41,Entertainment,0
9327,434,2026-04-24,2294.35,Travel,0
9328,425,2024-12-01,7688.56,Online Retail,0
9329,266,2024-04-10,5318.77,Dining,0
9330,231,2025-01-30,433.62,Entertainment,0
9331,51,2024-03-29,1543.45,Healthcare,0
9332,26,2025-06-03,1822.47,Online Retail,0
9333,233,2024-06-26,6119.05,Electronics,0
9334,258,2024-09-28,4624.95,Entertainment,0
9335,368,2024-01-12,489.2,Travel,0
9336,680,2024-01-21,1237.47,Dining,0
9337,617,2025-12-29,1620.23,Dining,0
9338,137,2026-06-19,3237.68,Online Retail,0
9339,360,2025-01-22,3581.47,Healthcare,0
9340,390,2024-01-18,6467.1,Entertainment,0
9341,690,2026-07-10,1724.97,Electronics,0
9342,284,2025-02-02,5711.13,Healthcare,0
9343,259,2024-12-22,456.9,Grocery,0
9344,533,2026-02-11,290.09,Fuel,0
9345,1,2025-11-16,3428.14,Entertainment,0
9346,68,2025-12-20,1393.4,Healthcare,0
9347,441,2025-10-28,1892.54,Entertainment,0
9348,233,2024-01-19,1780.13,Grocery,0
9349,154,2024-11-12,3174.69,Fuel,0
9350,579,2025-10-21,2939.68,Grocery,0
9351,171,2026-05-20,4062.01,Online Retail,0
9352,19,2025-09-09,7240.98,Electronics,0
9353,13,2025-01-22,11448.27,Electronics,0
9354,637,2026-05-20,5800.9,Travel,0
9355,373,2025-06-21,4793.08,Healthcare,0
9356,10,2024-05-08,2309.62,Travel,0
9357,174,2025-01-23,22.48,Healthcare,0
9358,230,2026-04-04,1320.87,Fuel,0
9359,697,2025-02-28,3498.59,Electronics,0
9360,378,2025-06-21,199.26,Electronics,0
9361,585,2024-02-23,3881.47,Online Retail,0
9362,315,2025-10-03,341.96,Healthcare,0
9363,505,2024-10-29,1186.74,Electronics,0
9364,26,2024-03-31,1707.17,Dining,0
9365,248,2026-07-13,842.71,Dining,0
9366,323,2025-02-02,1206.34,Dining,0
9367,51,2026-03-21,3750.33,Travel,0
9368,187,2025-11-14,4297.0,Entertainment,0
9369,469,2026-05-08,4412.0,Healthcare,0
9370,480,2025-02-25,4225.19,Travel,0
9371,16,2025-11-26,5634.98,Dining,0
9372,185,2026-07-03,5423.28,Entertainment,0
9373,310,2025-09-28,6343.41,Healthcare,0
9374,191,2025-10-07,3588.39,Fuel,0
9375,37,2026-05-26,5867.83,Fuel,0
9376,27,2024-12-11,8696.14,Healthcare,0
9377,392,2025-06-08,661.02,Dining,0
9378,257,2025-12-12,4331.56,Healthcare,0
9379,392,2026-06-12,432.71,Online Retail,0
9380,495,2026-02-16,3197.15,Dining,0
9381,372,2025-02-08,1068.8,Grocery,0
9382,390,2026-02-06,5816.11,Healthcare,0
9383,501,2025-08-05,4001.62,Fuel,0
9384,128,2025-03-20,4641.2,Fuel,0
9385,160,2025-04-04,1648.27,Electronics,0
9386,509,2026-01-10,7962.73,Healthcare,0
9387,170,2024-01-19,2026.3,Healthcare,0
9388,612,2026-07-14,977.8,Grocery,0
9389,292,2024-07-12,1603.64,Healthcare,0
9390,57,2025-11-08,902.42,Dining,0
9391,492,2026-06-23,1421.53,Online Retail,0
9392,299,2024-07-22,1981.25,Entertainment,0
9393,82,2025-08-06,7164.27,Entertainment,0
9394,149,2025-06-07,373.49,Healthcare,0
9395,621,2024-02-15,1335.69,Electronics,0
9396,322,2025-09-21,4350.95,Fuel,0
9397,177,2026-08-01,2681.06,Electronics,0
9398,380,2026-05-20,4425.11,Healthcare,0
9399,90,2026-06-23,9295.66,Online Retail,0
9400,274,2025-04-21,2351.2,Travel,0
9401,420,2025-11-25,869.74,Electronics,0
9402,670,2024-08-19,2278.25,Entertainment,0
9403,193,2024-10-03,1591.99,Fuel,0
9404,579,2026-06-26,1544.66,Online Retail,0
9405,287,2024-10-14,898.79,Online Retail,0
9406,625,2025-12-05,6285.63,Online Retail,0
9407,43,2026-04-23,352.36,Electronics,0
9408,96,2025-09-05,5299.03,Electronics,0
9409,326,2024-02-29,4378.14,Dining,0
9410,552,2026-07-15,209.68,Entertainment,0
9411,213,2024-08-19,3293.47,Healthcare,0
9412,84,2026-08-24,526.3,Entertainment,0
9413,119,2024-06-11,2239.92,Travel,0
9414,203,2024-12-03,2183.89,Travel,0
9415,271,2025-11-29,1122.99,Online Retail,0
9416,403,2024-02-21,2096.24,Grocery,0
9417,540,2025-01-07,7342.22,Entertainment,0
9418,90,2026-05-28,393.01,Healthcare,0
9419,535,2026-06-12,1904.85,Healthcare,0
9420,691,2025-06-12,406.79,Healthcare,0
9421,253,2026-02-21,11575.03,Healthcare,0
9422,144,2026-02-12,1190.24,Fuel,0
9423,682,2026-08-18,1056.51,Travel,0
9424,638,2025-02-25,13009.54,Entertainment,0
9425,89,2024-10-18,3818.33,Electronics,0
9426,592,2026-05-05,5620.58,Entertainment,0
9427,599,2025-04-08,5131.2,Online Retail,0
9428,213,2025-08-07,1350.9,Healthcare,0
9429,686,2025-10-05,4341.7,Dining,0
9430,134,2026-02-20,4715.04,Online Retail,0
9431,402,2026-08-08,222.95,Online Retail,0
9432,493,2024-12-25,642.38,Healthcare,0
9433,43,2024-12-02,4766.49,Travel,1
9434,644,2026-05-07,467.93,Online Retail,0
9435,645,2024-11-14,234.6,Electronics,0
9436,264,2025-09-25,759.31,Entertainment,0
9437,306,2025-09-03,2278.9,Fuel,0
9438,259,2025-03-03,1144.76,Entertainment,0
9439,121,2025-10-10,774.18,Grocery,0
9440,620,2025-12-03,6885.25,Travel,0
9441,624,2024-07-03,2244.4,Fuel,0
9442,402,2024-07-01,2797.14,Entertainment,0
9443,299,2025-03-19,2069.9,Electronics,0
9444,475,2026-04-19,3494.41,Dining,0
9445,350,2025-01-02,6178.62,Electronics,0
9446,528,2025-04-01,2380.28,Healthcare,0
9447,400,2025-02-14,4212.49,Dining,0
9448,122,2026-02-09,2401.12,Electronics,0
9449,635,2024-05-16,1343.21,Fuel,0
9450,300,2025-08-11,3345.3,Online Retail,0
9451,353,2025-09-23,8071.25,Healthcare,0
9452,464,2024-07-19,5290.3,Travel,0
9453,622,2024-07-01,428.33,Travel,0
9454,294,2025-11-19,3516.89,Online Retail,0
9455,120,2024-01-25,773.76,Fuel,0
9456,74,2024-07-28,2964.99,Electronics,0
9457,432,2025-04-28,314.55,Fuel,0
9458,294,2024-01-04,2751.64,Fuel,0
9459,368,2024-02-07,943.51,Electronics,0
9460,594,2025-09-06,2488.89,Entertainment,0
9461,228,2025-10-11,1578.45,Grocery,0
9462,454,2026-07-19,1859.77,Online Retail,0
9463,149,2025-08-02,8330.11,Fuel,0
9464,487,2024-04-21,2965.58,Travel,0
9465,49,2025-07-06,1997.23,Fuel,0
9466,145,2024-01-25,6861.12,Travel,0
9467,184,2024-04-02,5434.21,Entertainment,0
9468,132,2024-07-30,1031.83,Dining,0
9469,477,2024-04-30,7902.02,Fuel,0
9470,278,2026-08-07,350.31,Travel,0
9471,195,2025-10-10,942.87,Electronics,0
9472,188,2025-07-24,3194.41,Electronics,0
9473,510,2024-02-01,3414.71,Online Retail,0
9474,384,2024-05-16,7496.41,Entertainment,0
9475,613,2024-04-23,2045.58,Grocery,0
9476,354,2025-08-30,7807.7,Electronics,0
9477,487,2026-01-14,13863.15,Online Retail,0
9478,644,2025-08-18,1278.07,Electronics,0
9479,564,2024-06-11,2333.44,Healthcare,0
9480,530,2024-09-12,983.11,Healthcare,0
9481,402,2025-04-28,1082.11,Electronics,0
9482,610,2025-03-06,2634.3,Grocery,0
9483,663,2024-04-06,1526.72,Travel,0
9484,84,2025-02-23,1080.9,Electronics,0
9485,535,2024-08-17,1368.51,Grocery,0
9486,10,2024-07-09,1259.44,Entertainment,0
9487,226,2026-05-07,2994.4,Electronics,0
9488,568,2024-04-30,608.12,Fuel,0
9489,507,2026-01-04,4764.71,Travel,0
9490,431,2024-02-20,5307.14,Electronics,0
9491,471,2024-07-02,4970.74,Travel,0
9492,110,2026-05-12,1442.35,Electronics,0
9493,526,2024-07-28,1461.96,Dining,0
9494,71,2024-02-27,3174.12,Fuel,0
9495,224,2025-04-06,1445.37,Entertainment,0
9496,60,2024-08-26,2798.13,Online Retail,0
9497,357,2025-09-08,2721.11,Grocery,0
9498,603,2025-06-25,2356.97,Electronics,0
9499,617,2025-07-21,4614.87,Travel,0
9500,8,2024-02-09,2760.7,Fuel,0
9501,683,2024-10-04,512.59,Electronics,0
9502,145,2024-02-08,4048.59,Fuel,0
9503,252,2026-07-12,318.42,Healthcare,0
9504,198,2024-04-01,9092.93,Grocery,0
9505,341,2026-03-25,871.28,Entertainment,0
9506,6,2026-05-01,904.2,Online Retail,0
9507,232,2025-09-27,8269.7,Dining,0
9508,214,2026-02-27,2028.17,Electronics,0
9509,503,2026-06-04,1737.31,Entertainment,0
9510,602,2026-05-26,1610.04,Travel,0
9511,28,2024-10-13,2072.72,Healthcare,0
9512,288,2026-01-16,7617.5,Entertainment,0
9513,668,2024-10-19,1446.23,Travel,0
9514,649,2024-05-06,7788.32,Grocery,0
9515,385,2024-10-28,2982.52,Grocery,0
9516,526,2026-07-08,6472.21,Fuel,0
9517,190,2024-06-05,1464.65,Entertainment,0
9518,563,2025-07-21,5806.22,Healthcare,0
9519,27,2024-05-16,798.94,Healthcare,0
9520,360,2025-04-05,2994.01,Entertainment,0
9521,393,2026-06-05,741.97,Online Retail,0
9522,121,2026-07-16,1245.15,Electronics,0
9523,411,2026-04-16,695.51,Dining,0
9524,658,2026-03-25,6139.98,Travel,0
9525,487,2025-06-19,2864.78,Electronics,0
9526,101,2024-02-04,4800.81,Fuel,0
9527,368,2025-10-06,4878.39,Travel,0
9528,494,2025-03-13,632.98,Healthcare,0
9529,361,2024-08-20,3613.72,Dining,0
9530,108,2025-11-17,10165.31,Fuel,1
9531,213,2024-01-23,2067.09,Online Retail,0
9532,321,2024-05-29,3188.78,Electronics,0
9533,136,2025-03-06,6491.07,Grocery,0
9534,297,2024-06-27,1774.82,Dining,0
9535,176,2025-10-14,5305.37,Online Retail,0
9536,98,2026-02-18,4079.96,Online Retail,0
9537,263,2025-10-24,2622.02,Online Retail,0
9538,13,2024-05-04,3246.29,Healthcare,0
9539,542,2025-08-12,773.97,Entertainment,0
9540,29,2026-07-03,12039.53,Healthcare,0
9541,83,2026-06-21,2010.14,Healthcare,0
9542,212,2024-06-08,3342.94,Fuel,0
9543,451,2024-07-23,535.43,Entertainment,0
9544,312,2024-06-20,4200.89,Healthcare,0
9545,27,2024-09-14,2316.52,Grocery,0
9546,235,2026-06-03,3077.65,Grocery,0
9547,31,2024-03-18,1581.37,Entertainment,0
9548,299,2025-06-28,4190.25,Entertainment,0
9549,192,2026-07-02,4849.14,Healthcare,0
9550,628,2026-03-15,1462.43,Healthcare,0
9551,251,2025-03-19,869.9,Fuel,0
9552,413,2025-06-05,933.53,Online Retail,0
9553,133,2025-01-26,6726.46,Travel,0
9554,337,2025-10-12,1315.25,Fuel,0
9555,621,2026-08-19,5945.6,Electronics,0
9556,18,2025-07-22,2711.95,Fuel,0
9557,214,2025-02-21,1795.7,Grocery,0
9558,251,2026-05-29,212.67,Electronics,0
9559,328,2024-11-22,10049.18,Travel,0
9560,290,2024-03-03,2512.03,Online Retail,0
9561,696,2024-07-22,1667.67,Dining,0
9562,100,2025-09-29,2653.4,Dining,0
9563,178,2025-03-04,3082.64,Healthcare,0
9564,330,2026-05-20,1261.68,Online Retail,0
9565,434,2025-10-30,1876.34,Travel,0
9566,58,2025-07-13,714.43,Electronics,0
9567,523,2026-06-10,1318.31,Travel,0
9568,370,2025-12-26,2338.79,Electronics,0
9569,190,2024-07-05,532.29,Electronics,0
9570,267,2025-11-22,2067.18,Entertainment,1
9571,41,2025-11-06,1878.58,Entertainment,0
9572,466,2026-07-02,1424.09,Fuel,0
9573,554,2024-01-07,5221.08,Electronics,0
9574,699,2024-06-07,739.86,Entertainment,0
9575,203,2026-02-19,2680.87,Fuel,0
9576,191,2026-07-27,1325.36,Electronics,0
9577,225,2024-09-30,2815.05,Travel,0
9578,93,2026-07-24,2716.69,Dining,0
9579,291,2024-02-08,12522.49,Fuel,0
9580,88,2025-11-15,16360.97,Travel,0
9581,28,2025-01-19,1141.75,Grocery,0
9582,238,2025-09-16,2232.72,Travel,0
9583,596,2026-05-20,1106.71,Healthcare,0
9584,680,2025-07-10,2676.48,Entertainment,0
9585,605,2024-08-15,1174.41,Dining,0
9586,671,2026-07-18,1109.75,Healthcare,0
9587,610,2024-10-07,1625.92,Travel,0
9588,458,2025-05-04,1686.83,Travel,0
9589,128,2024-06-12,101.99,Travel,0
9590,568,2026-05-03,1794.91,Healthcare,1
9591,684,2026-08-15,10438.35,Entertainment,1
9592,348,2025-01-07,1164.79,Entertainment,0
9593,464,2025-02-25,5188.58,Travel,0
9594,269,2025-03-29,3691.81,Online Retail,0
9595,416,2026-07-13,1610.45,Dining,0
9596,15,2025-08-18,966.16,Healthcare,0
9597,506,2024-03-30,680.47,Healthcare,0
9598,365,2026-01-05,967.9,Healthcare,0
9599,530,2025-03-13,504.47,Entertainment,0
9600,263,2024-03-06,227.1,Electronics,1
9601,292,2025-04-07,856.48,Entertainment,0
9602,103,2024-03-03,5571.58,Electronics,0
9603,409,2024-09-06,4106.28,Electronics,0
9604,645,2025-12-20,1392.82,Healthcare,0
9605,410,2025-04-29,6153.29,Fuel,0
9606,628,2025-03-01,973.42,Healthcare,0
9607,6,2024-12-07,383.54,Fuel,0
9608,517,2026-05-07,9604.59,Dining,0
9609,7,2024-08-28,2901.61,Healthcare,0
9610,302,2026-07-08,3734.62,Online Retail,0
9611,330,2024-12-22,1076.09,Dining,1
9612,328,2025-01-16,1217.29,Fuel,0
9613,391,2025-09-11,1432.34,Dining,0
9614,538,2026-01-16,4063.5,Electronics,0
9615,496,2025-04-01,693.83,Travel,0
9616,37,2025-09-12,873.56,Grocery,0
9617,527,2025-02-03,4536.59,Online Retail,0
9618,279,2026-01-26,15362.62,Online Retail,0
9619,411,2026-04-12,1919.56,Online Retail,1
9620,644,2026-04-23,660.78,Travel,0
9621,200,2025-09-20,597.43,Entertainment,0
9622,426,2024-09-28,2574.84,Online Retail,0
9623,434,2025-09-13,7066.61,Fuel,0
9624,353,2025-08-31,5106.78,Fuel,0
9625,182,2024-08-04,3259.1,Entertainment,0
9626,524,2026-04-13,555.1,Grocery,0
9627,573,2026-01-01,2601.01,Entertainment,0
9628,662,2025-03-07,336.21,Dining,0
9629,297,2024-02-05,7962.41,Grocery,0
9630,93,2025-12-04,1081.77,Travel,0
9631,627,2024-07-27,1554.96,Grocery,0
9632,427,2026-01-01,6263.63,Fuel,0
9633,90,2025-02-06,1484.9,Entertainment,0
9634,545,2025-11-28,8287.07,Online Retail,0
9635,494,2026-05-16,3667.41,Fuel,0
9636,583,2024-03-29,1783.12,Grocery,0
9637,301,2024-01-28,125.56,Travel,0
9638,332,2025-10-19,3286.12,Travel,0
9639,90,2025-03-09,481.39,Dining,0
9640,301,2025-11-11,3965.19,Healthcare,0
9641,392,2024-04-26,4281.76,Dining,0
9642,607,2026-04-27,4858.9,Electronics,0
9643,149,2024-08-12,6363.09,Grocery,0
9644,32,2024-05-09,3443.56,Grocery,0
9645,205,2025-01-30,2332.45,Entertainment,0
9646,141,2026-03-08,9523.2,Electronics,0
9647,320,2024-04-06,7109.45,Travel,0
9648,495,2025-05-02,3385.99,Fuel,0
9649,256,2026-03-19,2233.9,Fuel,0
9650,240,2025-05-18,2524.63,Healthcare,0
9651,273,2024-03-21,8653.78,Healthcare,0
9652,685,2024-07-15,1063.61,Electronics,0
9653,278,2025-07-24,673.2,Entertainment,0
9654,502,2025-09-25,1735.85,Dining,0
9655,12,2024-06-08,550.91,Electronics,0
9656,78,2025-01-15,1842.97,Fuel,0
9657,258,2024-04-13,1389.23,Electronics,0
9658,374,2025-07-13,1744.18,Travel,0
9659,276,2025-03-27,5207.59,Electronics,0
9660,188,2025-09-29,5002.19,Healthcare,0
9661,415,2024-12-02,2867.98,Electronics,0
9662,183,2026-08-20,1032.87,Entertainment,0
9663,337,2024-02-14,6636.79,Travel,0
9664,78,2024-08-24,3454.6,Electronics,0
9665,121,2024-03-04,737.98,Online Retail,0
9666,635,2026-04-14,4284.59,Dining,0
9667,412,2024-10-18,2438.99,Electronics,0
9668,215,2024-01-30,1046.73,Dining,0
9669,25,2026-02-02,9496.43,Electronics,0
9670,547,2026-05-20,117.18,Online Retail,0
9671,234,2026-04-10,1046.92,Dining,0
9672,319,2024-07-22,3886.2,Grocery,0
9673,435,2024-03-05,6151.89,Grocery,0
9674,53,2024-10-11,2797.84,Entertainment,0
9675,437,2024-06-16,798.86,Travel,0
9676,699,2026-01-17,7593.53,Healthcare,0
9677,127,2024-11-26,1869.64,Dining,0
9678,656,2025-03-12,8290.2,Online Retail,0
9679,238,2025-09-25,3068.94,Fuel,0
9680,6,2025-03-08,1803.67,Dining,0
9681,321,2024-10-05,1010.17,Online Retail,0
9682,142,2024-07-30,2101.0,Grocery,0
9683,289,2024-08-04,4084.94,Dining,0
9684,120,2024-05-05,1125.98,Grocery,0
9685,480,2025-07-27,1902.37,Fuel,0
9686,256,2024-08-10,243.19,Fuel,0
9687,519,2025-10-26,4764.33,Healthcare,0
9688,148,2024-12-17,4850.35,Grocery,0
9689,29,2025-04-20,933.37,Online Retail,0
9690,228,2026-03-31,2294.67,Online Retail,0
9691,522,2025-10-13,1197.94,Fuel,0
9692,689,2024-10-10,1440.93,Entertainment,0
9693,615,2024-01-04,2065.65,Healthcare,0
9694,6,2025-12-10,1583.31,Travel,0
9695,640,2024-11-15,5305.3,Travel,0
9696,280,2024-03-14,3470.39,Online Retail,0
9697,40,2025-08-17,1490.62,Entertainment,0
9698,167,2026-02-25,2730.32,Travel,1
9699,619,2025-09-26,4433.64,Online Retail,0
9700,420,2026-03-16,990.84,Electronics,0
9701,115,2024-07-08,6091.11,Online Retail,0
9702,559,2026-04-12,1287.57,Travel,1
9703,237,2024-11-19,9301.69,Healthcare,0
9704,84,2025-05-26,2792.48,Online Retail,0
9705,268,2024-08-08,288.99,Grocery,0
9706,538,2025-08-22,706.29,Online Retail,0
9707,210,2026-05-26,544.17,Electronics,0
9708,113,2026-08-08,3405.13,Electronics,0
9709,207,2024-10-15,907.11,Fuel,0
9710,557,2025-01-28,2785.5,Fuel,0
9711,119,2026-05-09,3196.66,Fuel,0
9712,323,2024-10-30,1879.94,Travel,0
9713,462,2026-05-11,7037.27,Entertainment,0
9714,44,2025-06-09,2967.63,Online Retail,0
9715,407,2025-05-27,152.6,Fuel,0
9716,548,2026-07-01,2992.58,Online Retail,0
9717,430,2026-04-29,1823.85,Travel,0
9718,130,2026-06-14,5879.59,Dining,0
9719,365,2024-03-15,3748.32,Dining,0
9720,632,2024-04-20,1523.56,Grocery,0
9721,155,2024-05-03,1022.86,Travel,0
9722,113,2025-06-05,5457.04,Healthcare,0
9723,411,2025-01-31,2795.13,Online Retail,0
9724,293,2024-08-02,8475.11,Entertainment,1
9725,458,2025-11-05,2167.84,Fuel,0
9726,423,2024-08-07,6679.3,Grocery,0
9727,37,2026-08-04,2263.57,Electronics,0
9728,508,2024-12-14,1321.8,Travel,0
9729,692,2025-03-31,2540.15,Travel,0
9730,97,2024-02-27,10130.09,Entertainment,0
9731,406,2024-01-08,1656.94,Online Retail,0
9732,262,2024-06-05,783.89,Healthcare,0
9733,447,2024-06-25,2430.19,Entertainment,0
9734,413,2024-04-02,7121.75,Fuel,0
9735,399,2025-03-03,1316.96,Dining,0
9736,98,2025-11-15,17878.95,Fuel,1
9737,484,2025-11-03,115.72,Online Retail,0
9738,471,2026-02-19,3243.8,Online Retail,0
9739,460,2025-07-25,2144.72,Dining,0
9740,135,2024-05-16,1023.49,Grocery,0
9741,560,2026-05-04,8864.9,Dining,0
9742,151,2026-04-03,3005.98,Dining,0
9743,114,2024-09-15,7679.38,Online Retail,0
9744,230,2026-04-21,796.49,Fuel,0
9745,115,2025-06-10,2107.22,Entertainment,0
9746,234,2025-01-10,452.41,Online Retail,0
9747,154,2024-05-20,7357.11,Travel,0
9748,56,2026-06-29,993.47,Healthcare,0
9749,675,2025-09-21,595.29,Dining,0
9750,475,2025-03-02,6005.26,Travel,0
9751,250,2026-01-13,7813.74,Grocery,0
9752,268,2026-01-25,1995.05,Healthcare,0
9753,222,2025-05-15,6437.48,Online Retail,0
9754,525,2024-07-29,3037.9,Grocery,0
9755,161,2025-03-12,3419.96,Dining,0
9756,64,2025-08-17,577.23,Dining,0
9757,337,2024-06-30,789.41,Grocery,0
9758,156,2024-04-28,4892.44,Healthcare,0
9759,634,2026-06-29,1535.43,Fuel,0
9760,251,2025-07-21,145.02,Electronics,1
9761,472,2025-08-14,3238.13,Online Retail,0
9762,277,2025-03-05,2108.66,Fuel,0
9763,132,2026-03-05,1181.65,Grocery,0
9764,223,2024-12-26,217.23,Fuel,0
9765,587,2024-01-24,1872.68,Fuel,0
9766,56,2026-01-18,1986.36,Electronics,0
9767,662,2024-09-02,2298.94,Healthcare,0
9768,15,2026-01-11,4224.5,Online Retail,0
9769,500,2025-04-15,3040.88,Fuel,0
9770,484,2024-12-15,261.8,Online Retail,0
9771,416,2025-06-06,3919.84,Healthcare,0
9772,47,2025-03-03,3590.79,Fuel,0
9773,471,2025-01-29,3016.05,Dining,0
9774,49,2024-09-22,1231.56,Dining,0
9775,516,2024-11-24,5097.42,Electronics,0
9776,543,2024-11-20,8330.67,Fuel,0
9777,602,2025-03-15,1929.54,Electronics,0
9778,272,2026-08-05,467.02,Grocery,0
9779,462,2024-12-22,756.31,Electronics,0
9780,130,2025-08-30,608.82,Grocery,0
9781,373,2024-02-09,2915.4,Online Retail,0
9782,505,2024-01-04,3112.94,Electronics,0
9783,128,2025-11-06,1002.17,Travel,0
9784,582,2025-10-12,3017.14,Dining,0
9785,262,2026-01-22,2796.82,Fuel,0
9786,648,2025-06-29,1098.8,Electronics,1
9787,60,2024-10-30,2317.47,Healthcare,0
9788,157,2024-04-07,16968.35,Grocery,0
9789,510,2026-07-30,2339.62,Grocery,0
9790,137,2024-06-27,612.07,Electronics,0
9791,695,2026-08-20,1579.51,Grocery,0
9792,659,2024-09-23,5920.27,Electronics,0
9793,68,2025-07-08,1412.72,Online Retail,0
9794,592,2024-03-31,1971.4,Fuel,0
9795,309,2026-02-13,7444.03,Grocery,0
9796,590,2025-01-27,624.72,Fuel,0
9797,491,2025-06-15,2699.35,Electronics,0
9798,220,2024-05-07,1573.8,Grocery,0
9799,21,2024-09-11,3280.21,Dining,0
9800,222,2025-01-29,1513.41,Healthcare,0
9801,308,2024-03-09,358.46,Entertainment,0
9802,375,2025-12-21,522.94,Grocery,0
9803,557,2024-12-01,6912.1,Fuel,0
9804,572,2025-12-17,2556.64,Dining,0
9805,206,2024-06-29,1817.68,Electronics,0
9806,137,2024-02-02,8564.81,Fuel,0
9807,462,2026-06-18,3385.13,Fuel,0
9808,520,2024-08-03,1380.66,Grocery,0
9809,426,2026-08-04,3022.06,Dining,0
9810,432,2025-11-09,6827.97,Entertainment,0
9811,491,2025-06-02,4886.68,Grocery,0
9812,287,2025-09-09,1447.95,Grocery,0
9813,169,2025-07-03,2723.25,Fuel,0
9814,553,2025-01-01,1919.42,Entertainment,0
9815,118,2026-06-26,14231.53,Online Retail,0
9816,41,2024-02-28,4794.44,Online Retail,1
9817,12,2025-12-29,830.64,Entertainment,0
9818,277,2025-08-25,5090.22,Grocery,0
9819,337,2024-06-06,209.22,Online Retail,0
9820,380,2025-10-10,171.52,Entertainment,0
9821,131,2026-07-17,2796.29,Healthcare,0
9822,300,2024-10-12,2716.46,Electronics,0
9823,456,2025-07-11,2854.58,Entertainment,0
9824,204,2025-01-05,4099.3,Dining,0
9825,385,2024-01-21,1682.14,Travel,0
9826,193,2024-02-25,5293.32,Electronics,0
9827,584,2024-07-10,1481.73,Fuel,0
9828,311,2025-09-10,2888.87,Electronics,0
9829,562,2026-02-15,963.39,Entertainment,0
9830,237,2024-03-17,1910.47,Electronics,0
9831,253,2024-05-04,1403.47,Fuel,0
9832,531,2026-04-18,1941.98,Grocery,0
9833,208,2026-04-10,4248.91,Electronics,0
9834,504,2025-06-02,5137.52,Healthcare,0
9835,58,2026-02-05,5713.29,Entertainment,0
9836,590,2024-07-27,1482.25,Dining,0
9837,530,2024-02-04,3265.2,Travel,0
9838,394,2026-06-04,965.87,Online Retail,0
9839,348,2024-11-18,4035.35,Travel,0
9840,262,2024-12-13,324.15,Travel,0
9841,236,2025-05-09,9786.38,Online Retail,1
9842,218,2025-08-14,1090.94,Dining,0
9843,493,2024-03-15,3497.49,Travel,0
9844,142,2025-07-25,16492.77,Travel,0
9845,192,2025-07-19,1642.98,Dining,0
9846,274,2025-12-25,3566.5,Healthcare,0
9847,335,2026-08-13,376.3,Electronics,0
9848,188,2025-11-29,3261.24,Electronics,0
9849,306,2025-08-08,616.02,Grocery,0
9850,565,2026-05-15,2174.06,Electronics,0
9851,190,2025-04-26,257.16,Grocery,0
9852,122,2024-02-22,3157.37,Fuel,0
9853,554,2026-04-25,1836.25,Travel,0
9854,190,2026-08-01,1742.22,Online Retail,0
9855,496,2026-07-28,192.52,Dining,0
9856,667,2026-06-10,2771.35,Online Retail,0
9857,364,2026-05-28,1771.23,Healthcare,0
9858,383,2025-11-02,1056.24,Grocery,0
9859,484,2024-02-06,747.75,Electronics,0
9860,88,2025-12-29,3856.97,Healthcare,0
9861,63,2024-04-07,2970.05,Online Retail,0
9862,128,2024-05-24,2385.94,Grocery,0
9863,301,2025-08-23,11993.47,Entertainment,0
9864,588,2026-06-19,5570.78,Healthcare,0
9865,421,2024-08-09,3935.92,Dining,0
9866,602,2024-06-11,2416.21,Fuel,0
9867,276,2025-05-23,3631.15,Entertainment,0
9868,565,2024-12-11,8717.56,Entertainment,0
9869,500,2026-03-28,312.47,Online Retail,0
9870,71,2024-07-06,3017.95,Fuel,0
9871,366,2026-07-03,3514.65,Entertainment,0
9872,444,2024-09-12,638.72,Electronics,1
9873,269,2024-11-21,2512.53,Travel,0
9874,540,2025-10-15,4371.23,Fuel,0
9875,291,2026-04-07,3988.66,Online Retail,0
9876,497,2025-04-14,2326.82,Travel,0
9877,502,2025-05-06,2932.8,Electronics,0
9878,155,2025-09-17,2559.97,Fuel,0
9879,47,2025-10-04,410.61,Entertainment,0
9880,615,2026-02-03,1547.78,Grocery,0
9881,587,2024-05-02,2533.24,Travel,0
9882,668,2026-07-19,1385.76,Healthcare,0
9883,41,2024-03-02,4297.54,Electronics,0
9884,490,2024-08-18,288.36,Healthcare,0
9885,93,2026-01-30,1524.45,Fuel,0
9886,340,2024-10-01,1751.09,Grocery,0
9887,568,2025-08-06,4319.53,Electronics,0
9888,178,2024-06-02,2547.63,Grocery,0
9889,263,2026-03-14,2670.25,Travel,0
9890,344,2024-10-19,2368.31,Electronics,0
9891,322,2024-04-22,826.86,Dining,0
9892,15,2024-04-17,2704.61,Fuel,0
9893,261,2024-06-16,2910.62,Electronics,0
9894,592,2025-12-14,1745.37,Entertainment,0
9895,66,2024-03-02,3588.53,Grocery,0
9896,244,2025-08-05,1066.85,Online Retail,0
9897,426,2025-09-25,1664.92,Travel,0
9898,269,2024-11-15,6702.96,Electronics,0
9899,483,2025-08-23,1154.4,Electronics,0
9900,188,2024-10-12,1513.48,Healthcare,0
9901,133,2025-02-18,3040.57,Online Retail,0
9902,647,2024-01-29,7698.06,Online Retail,0
9903,527,2024-05-11,4829.06,Grocery,0
9904,210,2024-04-10,2900.57,Healthcare,0
9905,70,2024-01-24,2292.75,Online Retail,0
9906,308,2024-11-24,177.29,Grocery,0
9907,543,2024-09-09,2742.63,Fuel,0
9908,430,2024-09-06,956.92,Healthcare,0
9909,491,2024-01-03,863.33,Fuel,0
9910,369,2026-02-06,569.53,Online Retail,0
9911,639,2026-07-14,4869.52,Fuel,0
9912,84,2025-12-20,1331.66,Grocery,0
9913,570,2024-06-14,492.77,Fuel,0
9914,677,2026-02-01,1926.71,Online Retail,0
9915,592,2024-09-15,7102.67,Fuel,0
9916,197,2024-10-20,719.58,Entertainment,0
9917,671,2026-02-17,7883.6,Dining,0
9918,676,2024-07-24,3249.35,Online Retail,0
9919,592,2026-08-28,7797.51,Travel,1
9920,223,2026-04-15,1866.24,Grocery,0
9921,558,2025-08-28,4591.24,Travel,0
9922,600,2025-05-07,9937.24,Online Retail,0
9923,138,2024-09-03,1274.31,Grocery,0
9924,182,2025-09-29,2016.99,Electronics,0
9925,529,2025-03-17,2683.28,Dining,0
9926,567,2025-09-24,3060.16,Healthcare,0
9927,443,2024-02-28,3524.4,Dining,0
9928,379,2024-12-26,2838.84,Grocery,0
9929,674,2024-04-16,1539.19,Healthcare,0
9930,239,2025-02-07,14653.27,Fuel,0
9931,505,2025-11-22,5486.03,Dining,0
9932,669,2024-04-20,8004.38,Travel,0
9933,182,2026-03-19,1696.45,Healthcare,0
9934,51,2026-03-16,1268.99,Entertainment,0
9935,115,2024-09-20,3724.71,Healthcare,0
9936,467,2024-07-07,2598.48,Grocery,0
9937,197,2025-12-20,1442.92,Travel,0
9938,500,2026-01-17,1467.16,Healthcare,0
9939,337,2025-09-16,423.47,Dining,0
9940,603,2024-05-23,5628.95,Fuel,0
9941,457,2025-05-11,4778.91,Travel,0
9942,415,2024-09-06,72.78,Dining,0
9943,151,2024-10-09,4707.78,Grocery,0
9944,228,2025-07-18,10514.52,Travel,0
9945,163,2026-08-18,4961.16,Healthcare,0
9946,44,2024-07-12,1203.8,Healthcare,0
9947,212,2024-08-29,3019.15,Healthcare,0
9948,665,2024-08-28,193.9,Online Retail,0
9949,566,2024-07-22,810.06,Grocery,0
9950,165,2026-07-08,4698.92,Electronics,0
9951,256,2024-04-17,763.04,Online Retail,0
9952,507,2024-07-08,1831.69,Electronics,0
9953,55,2025-10-04,2140.59,Healthcare,0
9954,505,2024-12-07,4567.48,Fuel,0
9955,382,2026-05-28,1864.35,Grocery,0
9956,499,2025-07-31,797.73,Fuel,0
9957,5,2024-05-10,3131.34,Dining,0
9958,655,2025-04-15,467.74,Entertainment,0
9959,472,2024-04-11,7260.61,Electronics,0
9960,121,2025-02-20,427.69,Entertainment,0
9961,590,2026-05-31,4954.67,Dining,0
9962,21,2025-04-12,3784.13,Electronics,0
9963,117,2025-10-06,4908.87,Electronics,0
9964,554,2025-01-12,706.95,Electronics,0
9965,592,2026-08-02,1111.64,Grocery,0
9966,69,2025-08-03,1277.98,Grocery,0
9967,476,2025-11-23,1825.1,Grocery,0
9968,567,2026-02-15,461.33,Entertainment,0
9969,69,2026-01-22,2198.65,Entertainment,1
9970,53,2026-07-07,2240.07,Healthcare,0
9971,160,2025-03-26,4799.81,Grocery,0
9972,155,2024-06-06,2062.88,Grocery,0
9973,160,2024-08-20,168.36,Electronics,0
9974,556,2024-08-22,273.69,Online Retail,0
9975,145,2025-07-08,928.89,Online Retail,0
9976,372,2024-03-26,1761.19,Dining,0
9977,235,2024-12-15,8427.06,Online Retail,0
9978,224,2025-12-12,5744.36,Entertainment,0
9979,636,2025-04-02,1573.37,Grocery,0
9980,224,2024-11-22,1002.24,Travel,0
9981,157,2025-05-17,2259.31,Fuel,0
9982,160,2024-05-05,2251.56,Travel,0
9983,649,2024-01-26,2031.42,Dining,0
9984,585,2025-12-02,431.31,Grocery,0
9985,385,2025-08-16,1339.33,Electronics,0
9986,386,2025-10-31,1285.28,Electronics,0
9987,362,2024-12-15,2945.52,Healthcare,0
9988,411,2024-08-04,5677.05,Online Retail,0
9989,472,2026-03-02,1283.24,Entertainment,0
9990,42,2025-12-15,2769.24,Entertainment,0
9991,564,2024-02-24,2.32,Travel,0
9992,529,2026-07-31,2626.22,Online Retail,0
9993,671,2025-06-26,640.76,Electronics,0
9994,300,2024-10-13,1032.04,Healthcare,0
9995,2,2024-12-17,2924.35,Travel,0
9996,261,2025-06-18,2259.63,Fuel,0
9997,279,2024-03-31,148.96,Entertainment,0
9998,428,2024-03-19,2961.79,Fuel,0
9999,126,2025-02-07,8217.65,Healthcare,0
10000,56,2026-07-21,404.29,Electronics,0
10001,107,2025-02-03,1262.12,Healthcare,0
10002,480,2026-04-16,1742.69,Dining,0
10003,103,2026-01-04,1618.58,Entertainment,0
10004,445,2026-04-06,4644.3,Travel,0
10005,497,2024-05-28,3712.84,Electronics,0
10006,399,2026-08-30,2643.12,Online Retail,0
10007,36,2026-03-20,1832.46,Healthcare,0
10008,80,2026-04-16,3736.25,Grocery,0
10009,586,2024-02-16,119.51,Entertainment,0
10010,436,2024-09-16,9145.5,Fuel,0
10011,527,2025-05-17,4839.84,Online Retail,0
10012,659,2025-09-06,5327.64,Healthcare,0
10013,287,2025-09-24,11357.45,Dining,0
10014,629,2026-08-12,4713.5,Entertainment,0
10015,298,2024-01-14,525.61,Entertainment,0
10016,633,2024-08-31,2463.76,Online Retail,0
10017,475,2024-03-08,4597.25,Grocery,0
10018,156,2025-06-03,2410.73,Fuel,0
10019,8,2024-09-23,2683.13,Travel,0
10020,641,2025-08-24,5908.23,Grocery,0
10021,271,2025-01-06,1806.83,Grocery,0
10022,604,2024-09-05,7031.12,Entertainment,0
10023,127,2024-12-03,1112.06,Dining,0
10024,322,2025-09-07,2701.84,Grocery,0
10025,127,2026-08-05,165.2,Online Retail,0
10026,84,2024-06-15,166.16,Online Retail,0
10027,386,2024-06-11,13338.24,Dining,0
10028,310,2026-07-27,2402.99,Fuel,0
10029,173,2026-05-18,1784.83,Fuel,0
10030,236,2026-05-19,2951.69,Entertainment,0
10031,263,2026-07-09,3776.05,Dining,0
10032,155,2024-07-27,628.0,Grocery,0
10033,503,2024-06-20,4713.57,Grocery,0
10034,207,2025-09-29,1418.95,Online Retail,0
10035,435,2026-01-09,12612.39,Grocery,1
10036,517,2026-03-22,2720.28,Entertainment,0
10037,232,2026-08-31,1300.0,Grocery,0
10038,46,2026-05-24,2703.05,Online Retail,0
10039,35,2024-08-29,369.05,Healthcare,0
10040,412,2024-10-13,3331.44,Electronics,0
10041,19,2025-05-05,3834.06,Grocery,0
10042,87,2024-10-17,1876.52,Entertainment,0
10043,342,2026-01-09,39.03,Travel,0
10044,200,2026-03-13,9617.35,Travel,0
10045,296,2025-12-17,1420.65,Fuel,1
10046,491,2024-01-09,4432.02,Travel,0
10047,558,2026-03-23,3586.31,Fuel,0
10048,270,2024-10-07,897.09,Travel,0
10049,58,2024-12-05,875.0,Fuel,0
10050,139,2025-06-29,2451.3,Grocery,0
10051,595,2024-04-27,585.41,Fuel,0
10052,10,2025-12-15,2409.37,Fuel,0
10053,149,2025-10-21,4781.74,Dining,0
10054,678,2025-03-12,1266.74,Travel,0
10055,246,2024-11-27,1954.34,Online Retail,0
10056,24,2024-10-04,3208.13,Travel,0
10057,602,2025-09-21,6775.44,Travel,0
10058,518,2026-08-22,3443.74,Electronics,0
10059,587,2025-04-06,1151.73,Dining,0
10060,474,2026-08-08,5445.58,Dining,0
10061,361,2025-03-23,4530.2,Dining,0
10062,497,2024-01-05,5300.63,Travel,0
10063,58,2026-05-09,1582.42,Travel,0
10064,72,2024-12-08,6194.4,Online Retail,0
10065,414,2025-09-16,1290.05,Entertainment,0
10066,329,2025-04-02,868.14,Online Retail,0
10067,534,2025-08-31,6289.11,Entertainment,0
10068,654,2026-01-13,2310.08,Fuel,0
10069,184,2026-08-04,2371.01,Online Retail,0
10070,233,2026-07-23,597.7,Travel,0
10071,129,2024-09-20,709.39,Online Retail,1
10072,564,2024-01-22,917.23,Fuel,0
10073,348,2025-11-02,1446.03,Healthcare,0
10074,241,2024-07-17,1495.59,Dining,0
10075,525,2024-12-12,162.97,Travel,0
10076,326,2026-01-04,4448.04,Dining,0
10077,354,2025-08-06,9485.9,Fuel,0
10078,584,2025-08-06,598.37,Grocery,0
10079,168,2026-03-07,2135.67,Travel,0
10080,460,2025-09-08,5108.81,Dining,0
10081,609,2026-06-18,5948.16,Entertainment,0
10082,615,2024-07-11,1372.43,Fuel,0
10083,611,2025-02-20,6265.94,Fuel,0
10084,149,2025-03-06,5505.26,Travel,0
10085,461,2026-03-22,664.57,Fuel,0
10086,402,2026-03-25,6042.15,Entertainment,0
10087,53,2024-11-22,1447.69,Dining,0
10088,377,2026-06-15,5983.43,Healthcare,0
10089,163,2025-10-06,6670.49,Fuel,0
10090,363,2024-08-17,5272.21,Healthcare,0
10091,434,2026-05-05,7754.83,Travel,0
10092,489,2024-06-16,673.6,Dining,0
10093,547,2025-10-30,3963.93,Fuel,0
10094,410,2026-06-27,2491.12,Electronics,0
10095,332,2025-11-19,4105.76,Electronics,0
10096,682,2025-05-04,1991.18,Fuel,0
10097,213,2026-03-27,1305.12,Electronics,0
10098,208,2024-07-03,3187.74,Electronics,0
10099,620,2024-09-03,4677.02,Electronics,0
10100,676,2025-09-20,1170.13,Online Retail,0
10101,267,2025-12-29,613.97,Electronics,0
10102,604,2024-09-24,5227.99,Fuel,0
10103,642,2025-09-13,653.67,Dining,0
10104,597,2026-02-08,646.88,Electronics,0
10105,373,2025-06-16,1149.07,Grocery,0
10106,532,2024-06-08,4978.57,Online Retail,0
10107,430,2026-08-08,5622.46,Travel,0
10108,25,2024-12-14,2153.35,Entertainment,0
10109,88,2025-02-06,7106.65,Dining,0
10110,659,2025-07-12,9119.31,Travel,0
10111,188,2024-08-16,1773.45,Electronics,0
10112,123,2024-03-13,3906.86,Grocery,0
10113,683,2026-03-29,924.81,Travel,0
10114,238,2026-01-03,116.64,Electronics,0
10115,504,2024-06-29,2144.51,Fuel,0
10116,552,2025-05-17,2706.58,Grocery,0
10117,334,2025-12-27,3639.64,Entertainment,0
10118,444,2026-08-16,2115.05,Dining,0
10119,365,2026-06-24,248.14,Travel,0
10120,319,2024-03-05,1434.49,Grocery,1
10121,62,2026-03-12,6055.42,Grocery,0
10122,74,2024-05-18,307.88,Electronics,0
10123,549,2025-09-09,2054.23,Online Retail,0
10124,597,2025-07-31,1265.88,Grocery,0
10125,50,2026-06-19,1587.46,Entertainment,0
10126,217,2025-07-22,5372.33,Grocery,0
10127,271,2025-04-21,10934.29,Entertainment,0
10128,29,2025-08-13,1045.43,Travel,1
10129,288,2024-03-14,413.07,Dining,0
10130,666,2024-01-30,708.2,Online Retail,0
10131,423,2025-12-17,654.75,Electronics,0
10132,638,2025-04-29,2219.32,Electronics,0
10133,291,2025-11-29,5294.11,Online Retail,0
10134,529,2025-04-16,1453.61,Fuel,0
10135,673,2026-04-23,844.08,Healthcare,0
10136,378,2024-10-31,5421.07,Dining,0
10137,559,2025-01-30,388.57,Fuel,0
10138,137,2024-09-15,2285.63,Travel,0
10139,672,2024-05-21,3638.48,Travel,0
10140,691,2024-04-24,559.3,Entertainment,0
10141,364,2024-04-10,2300.7,Travel,0
10142,71,2024-04-07,5382.28,Entertainment,0
10143,212,2024-12-02,1379.1,Dining,0
10144,213,2025-03-10,3730.98,Fuel,0
10145,687,2026-02-12,220.76,Electronics,0
10146,42,2026-03-14,894.95,Travel,0
10147,57,2025-05-23,542.7,Dining,0
10148,584,2025-07-31,1732.69,Healthcare,0
10149,649,2024-06-15,814.56,Healthcare,0
10150,180,2024-09-12,8096.65,Fuel,0
10151,68,2024-08-23,3048.81,Fuel,0
10152,664,2025-04-27,510.63,Grocery,0
10153,565,2024-12-05,1253.6,Travel,0
10154,509,2024-07-23,1290.19,Entertainment,0
10155,546,2025-04-13,5458.1,Online Retail,0
10156,664,2024-04-25,3386.55,Healthcare,0
10157,462,2026-03-29,2162.65,Travel,0
10158,71,2026-01-08,3502.59,Online Retail,0
10159,548,2026-08-25,6084.14,Electronics,0
10160,60,2024-09-19,12497.24,Online Retail,0
10161,62,2025-08-07,9386.73,Grocery,0
10162,339,2026-03-02,2512.03,Entertainment,0
10163,262,2025-01-14,1558.28,Healthcare,0
10164,398,2026-06-30,3040.68,Online Retail,0
10165,236,2024-06-27,4635.2,Fuel,0
10166,592,2024-06-16,1068.21,Healthcare,0
10167,688,2025-05-13,2682.25,Grocery,0
10168,676,2024-12-12,3139.58,Electronics,0
10169,331,2025-08-20,8282.83,Dining,0
10170,370,2026-04-11,818.09,Grocery,0
10171,35,2024-11-14,232.19,Travel,0
10172,616,2025-12-22,5489.23,Fuel,0
10173,182,2024-11-11,6996.73,Travel,0
10174,174,2024-02-12,1442.0,Dining,0
10175,591,2026-03-18,4638.76,Entertainment,0
10176,687,2025-05-24,6300.31,Online Retail,0
10177,625,2025-10-05,3240.46,Entertainment,0
10178,17,2024-12-30,10915.06,Electronics,0
10179,650,2025-03-15,1930.07,Online Retail,0
10180,296,2026-03-09,4455.41,Entertainment,0
10181,101,2025-06-27,8926.16,Electronics,0
10182,106,2024-05-24,2795.03,Grocery,0
10183,482,2025-05-07,3119.77,Grocery,0
10184,566,2024-05-11,4571.06,Entertainment,0
10185,282,2024-06-19,5908.63,Grocery,0
10186,421,2026-08-18,2204.99,Dining,0
10187,515,2026-04-28,5503.13,Grocery,0
10188,296,2026-04-25,1785.79,Travel,0
10189,578,2024-03-29,7269.68,Entertainment,0
10190,205,2026-08-30,4780.37,Electronics,0
10191,183,2024-07-26,679.6,Electronics,0
10192,335,2024-06-22,639.43,Grocery,0
10193,351,2025-07-01,5826.56,Online Retail,0
10194,221,2025-01-06,124.67,Electronics,0
10195,230,2025-03-25,1803.76,Travel,0
10196,213,2026-04-24,5084.22,Healthcare,0
10197,320,2025-08-03,1209.58,Healthcare,0
10198,485,2024-10-18,2792.21,Dining,0
10199,204,2026-06-15,1147.14,Healthcare,0
10200,479,2025-11-19,609.64,Fuel,0
10201,238,2024-10-05,6824.63,Travel,0
10202,134,2024-02-22,815.83,Electronics,0
10203,191,2024-05-26,1023.75,Travel,0
10204,574,2024-07-17,1676.26,Grocery,0
10205,209,2024-04-28,1773.74,Dining,0
10206,455,2026-06-20,1990.19,Grocery,0
10207,405,2024-02-27,6514.75,Grocery,0
10208,485,2026-07-13,2954.13,Electronics,0
10209,421,2026-02-09,1347.18,Grocery,0
10210,697,2024-03-14,1959.74,Electronics,0
10211,645,2025-03-22,3921.96,Healthcare,0
10212,227,2024-01-07,52.61,Entertainment,0
10213,274,2024-09-06,1722.57,Dining,0
10214,257,2024-09-20,7728.02,Fuel,0
10215,461,2025-10-19,2288.3,Dining,0
10216,343,2024-07-05,2597.95,Fuel,0
10217,676,2026-01-27,1922.86,Fuel,0
10218,501,2025-11-18,6593.34,Travel,0
10219,327,2026-07-02,8493.12,Travel,0
10220,222,2025-06-21,10251.74,Online Retail,0
10221,546,2025-01-24,415.93,Healthcare,0
10222,581,2025-12-02,5174.48,Electronics,0
10223,679,2025-11-03,5243.21,Grocery,0
10224,383,2024-07-23,570.78,Grocery,0
10225,553,2024-09-20,1777.81,Electronics,0
10226,618,2025-09-15,2960.4,Dining,0
10227,57,2026-04-23,10636.58,Entertainment,0
10228,103,2025-05-26,2812.72,Fuel,0
10229,136,2026-06-04,3253.57,Entertainment,0
10230,161,2025-06-16,6160.65,Entertainment,0
10231,207,2025-09-06,1144.21,Grocery,0
10232,3,2024-12-22,975.94,Electronics,1
10233,481,2025-10-04,4497.83,Fuel,0
10234,425,2024-03-16,3524.92,Entertainment,0
10235,471,2025-10-05,1720.4,Online Retail,0
10236,550,2025-01-26,5980.24,Dining,0
10237,97,2025-07-30,8682.29,Travel,0
10238,229,2026-08-20,5880.63,Travel,0
10239,315,2025-03-03,1600.94,Grocery,0
10240,187,2025-10-22,2631.44,Fuel,0
10241,296,2025-12-22,1182.67,Online Retail,0
10242,326,2024-06-12,7800.79,Fuel,0
10243,483,2026-08-10,2534.62,Healthcare,0
10244,155,2025-06-25,266.05,Online Retail,0
10245,183,2025-12-28,4363.45,Online Retail,0
10246,200,2024-05-03,2660.11,Grocery,0
10247,167,2024-10-28,2260.69,Electronics,0
10248,579,2026-07-04,297.32,Healthcare,0
10249,418,2025-05-02,1138.56,Fuel,0
10250,563,2024-01-21,2878.53,Electronics,0
10251,58,2025-08-05,5095.44,Electronics,0
10252,496,2026-04-10,3765.44,Entertainment,0
10253,469,2024-03-21,934.61,Fuel,0
10254,551,2024-07-04,1402.6,Dining,0
10255,308,2025-04-24,806.37,Dining,0
10256,521,2025-01-25,1900.58,Fuel,0
10257,376,2024-04-09,4930.67,Fuel,0
10258,566,2024-07-06,1477.3,Fuel,0
10259,562,2025-05-12,1827.95,Travel,0
10260,591,2025-08-07,2349.04,Grocery,0
10261,127,2024-03-25,407.8,Fuel,0
10262,503,2025-12-01,3004.4,Fuel,0
10263,147,2024-12-18,2711.36,Fuel,0
10264,333,2026-08-31,2808.82,Entertainment,0
10265,631,2026-07-19,804.28,Electronics,0
10266,89,2025-08-26,10008.17,Online Retail,0
10267,519,2024-01-08,10514.0,Grocery,0
10268,214,2024-05-03,1795.58,Travel,0
10269,184,2024-09-24,136.27,Online Retail,0
10270,36,2025-03-05,668.58,Dining,0
10271,505,2024-12-28,733.89,Electronics,0
10272,581,2026-01-25,1990.33,Dining,0
10273,321,2025-07-29,1131.77,Fuel,0
10274,138,2024-10-16,1434.25,Grocery,0
10275,433,2026-07-30,5993.87,Grocery,0
10276,684,2026-05-22,1299.4,Electronics,0
10277,551,2025-09-15,7865.6,Travel,0
10278,532,2024-08-01,2431.68,Fuel,0
10279,32,2026-05-21,2606.77,Grocery,0
10280,630,2025-12-13,5168.71,Dining,0
10281,428,2024-06-07,6001.44,Travel,0
10282,455,2024-06-18,3648.9,Fuel,0
10283,237,2024-10-08,2415.05,Online Retail,0
10284,618,2025-09-06,1497.09,Online Retail,0
10285,362,2026-05-14,5503.12,Online Retail,0
10286,174,2024-05-15,4264.74,Fuel,0
10287,255,2024-01-06,1442.27,Electronics,0
10288,155,2025-10-27,1313.45,Fuel,0
10289,659,2025-03-18,6222.36,Grocery,0
10290,562,2024-03-17,6.88,Dining,0
10291,419,2025-03-17,2446.05,Grocery,0
10292,539,2024-02-08,2036.45,Travel,0
10293,593,2026-07-11,5521.17,Healthcare,0
10294,245,2026-04-20,4206.56,Grocery,0
10295,180,2025-03-13,577.72,Travel,0
10296,639,2026-03-14,1256.72,Grocery,0
10297,256,2026-06-02,2766.98,Entertainment,1
10298,29,2024-01-30,1331.44,Healthcare,0
10299,551,2025-07-24,454.51,Fuel,0
10300,157,2024-08-04,705.11,Electronics,0
10301,165,2024-10-19,8880.41,Entertainment,0
10302,492,2025-09-11,1494.92,Grocery,0
10303,700,2024-05-24,3376.8,Electronics,0
10304,63,2026-06-15,88.69,Fuel,0
10305,463,2025-04-22,4925.65,Entertainment,0
10306,234,2026-04-27,3532.02,Electronics,0
10307,628,2024-01-18,5300.83,Entertainment,0
10308,630,2026-02-10,395.93,Electronics,0
10309,74,2024-11-22,10428.27,Electronics,0
10310,33,2025-11-19,6687.98,Entertainment,0
10311,290,2025-05-24,364.3,Entertainment,0
10312,45,2025-07-14,1271.6,Electronics,0
10313,236,2025-06-28,3537.27,Travel,0
10314,122,2025-04-15,416.59,Dining,0
10315,680,2025-03-08,8578.11,Electronics,0
10316,497,2026-08-06,4671.13,Entertainment,0
10317,102,2026-07-28,1298.38,Travel,0
10318,435,2025-07-26,4190.28,Healthcare,0
10319,524,2024-05-24,1378.49,Grocery,0
10320,567,2024-02-21,9021.56,Dining,0
10321,442,2026-08-30,2746.48,Fuel,0
10322,411,2024-06-28,3358.22,Electronics,0
10323,596,2025-11-05,693.86,Fuel,0
10324,176,2025-11-23,1655.88,Dining,0
10325,685,2026-03-15,6145.62,Travel,0
10326,150,2024-10-25,1809.42,Dining,0
10327,565,2025-09-10,637.9,Travel,0
10328,677,2025-03-20,370.98,Travel,0
10329,177,2024-07-28,3031.62,Grocery,0
10330,457,2025-12-10,214.59,Fuel,0
10331,584,2026-01-01,3150.79,Online Retail,0
10332,210,2025-05-20,42.09,Entertainment,0
10333,369,2026-04-06,2748.37,Travel,0
10334,561,2025-08-28,2347.93,Dining,0
10335,458,2026-01-03,1262.74,Dining,0
10336,566,2026-01-01,2223.25,Online Retail,0
10337,197,2026-05-02,3882.87,Fuel,0
10338,356,2025-09-14,7516.39,Dining,0
10339,572,2024-03-02,1886.45,Healthcare,0
10340,158,2026-07-26,2799.9,Electronics,0
10341,312,2026-07-26,570.55,Online Retail,0
10342,369,2025-12-10,2741.62,Electronics,0
10343,566,2026-07-04,1970.46,Entertainment,0
10344,527,2024-07-20,3485.29,Online Retail,0
10345,300,2026-05-24,514.78,Online Retail,0
10346,668,2024-05-05,10977.97,Healthcare,0
10347,432,2025-09-13,1453.87,Travel,0
10348,433,2025-05-14,3000.31,Grocery,0
10349,73,2026-04-05,2369.55,Healthcare,0
10350,160,2025-06-04,3133.18,Entertainment,0
10351,65,2025-08-12,5682.54,Fuel,0
10352,12,2024-11-04,3436.81,Dining,0
10353,668,2025-04-24,8172.63,Electronics,0
10354,198,2024-12-25,6053.3,Electronics,0
10355,509,2026-06-26,319.34,Fuel,0
10356,367,2025-06-14,8440.25,Electronics,0
10357,121,2024-07-21,1680.75,Grocery,0
10358,569,2024-02-14,2247.85,Travel,0
10359,419,2026-04-10,240.58,Travel,0
10360,527,2025-08-31,5385.29,Electronics,0
10361,547,2025-03-05,1870.68,Grocery,0
10362,574,2024-10-04,1995.4,Travel,0
10363,420,2024-10-11,2510.44,Grocery,0
10364,114,2025-08-29,4759.92,Healthcare,0
10365,314,2025-05-08,7645.64,Electronics,0
10366,515,2025-06-03,210.54,Grocery,0
10367,585,2025-09-13,1574.65,Fuel,1
10368,368,2026-06-23,726.14,Dining,0
10369,36,2024-06-27,5614.84,Dining,0
10370,694,2025-09-05,4366.05,Fuel,0
10371,444,2026-01-02,3432.67,Dining,0
10372,391,2025-04-22,2061.14,Grocery,0
10373,332,2025-01-19,4811.83,Fuel,0
10374,303,2025-05-28,2754.73,Fuel,0
10375,454,2025-11-17,3838.21,Electronics,0
10376,439,2024-11-30,7012.45,Online Retail,0
10377,204,2024-06-02,3855.56,Online Retail,0
10378,275,2024-03-22,1975.73,Online Retail,0
10379,114,2024-02-24,980.44,Fuel,0
10380,221,2026-05-31,970.83,Online Retail,0
10381,682,2024-06-06,1390.27,Electronics,0
10382,176,2025-10-05,3343.58,Grocery,0
10383,605,2024-06-25,7565.27,Fuel,0
10384,309,2025-05-26,824.64,Healthcare,0
10385,637,2026-01-12,6744.96,Grocery,0
10386,401,2024-05-22,1227.19,Fuel,0
10387,539,2025-04-25,7658.99,Online Retail,0
10388,272,2025-02-17,1239.54,Entertainment,0
10389,46,2026-01-14,1105.92,Electronics,0
10390,250,2025-07-06,275.51,Healthcare,0
10391,440,2025-12-29,1574.28,Grocery,0
10392,164,2025-07-26,1360.88,Healthcare,0
10393,267,2024-08-27,3884.53,Electronics,0
10394,30,2025-07-06,883.57,Dining,0
10395,235,2026-06-07,2822.85,Dining,0
10396,69,2025-01-30,1354.76,Entertainment,0
10397,175,2026-01-19,5102.04,Online Retail,1
10398,270,2025-10-10,4517.43,Dining,0
10399,127,2024-03-24,4126.47,Travel,0
10400,57,2024-03-25,854.01,Entertainment,0
10401,98,2025-07-12,5482.5,Travel,0
10402,458,2024-07-08,1155.67,Healthcare,0
10403,85,2025-02-06,5032.04,Dining,1
10404,24,2025-03-10,336.68,Electronics,0
10405,499,2025-03-23,3705.74,Healthcare,0
10406,326,2025-12-08,3301.62,Grocery,0
10407,652,2024-12-23,3401.7,Healthcare,0
10408,269,2024-04-09,8319.48,Healthcare,0
10409,267,2025-04-28,713.67,Entertainment,0
10410,35,2026-04-24,5135.3,Entertainment,0
10411,75,2024-12-12,2835.75,Healthcare,0
10412,588,2026-01-14,9964.26,Grocery,0
10413,155,2025-03-27,1456.52,Dining,0
10414,51,2024-07-07,6076.12,Healthcare,0
10415,523,2025-06-15,9135.93,Fuel,0
10416,699,2025-04-14,774.76,Fuel,0
10417,244,2025-12-13,1327.56,Fuel,0
10418,270,2025-11-01,5150.07,Electronics,0
10419,464,2024-05-27,3950.68,Entertainment,0
10420,77,2024-02-25,1923.66,Electronics,0
10421,144,2024-05-10,3002.54,Online Retail,0
10422,612,2025-10-12,1844.17,Grocery,0
10423,530,2025-04-30,1902.79,Fuel,0
10424,102,2025-01-03,1159.35,Entertainment,0
10425,459,2025-04-08,4318.8,Online Retail,0
10426,670,2024-01-01,1296.98,Healthcare,0
10427,156,2025-07-03,272.77,Entertainment,0
10428,151,2024-06-06,2473.47,Fuel,0
10429,653,2025-08-21,3346.19,Electronics,0
10430,673,2024-06-02,591.15,Online Retail,0
10431,366,2024-09-24,2894.51,Entertainment,0
10432,336,2026-07-09,569.23,Online Retail,0
10433,154,2025-09-23,933.5,Travel,0
10434,40,2026-05-12,1065.27,Electronics,0
10435,397,2025-04-28,4104.09,Travel,0
10436,106,2025-12-06,685.41,Online Retail,0
10437,291,2025-04-28,5859.71,Electronics,0
10438,657,2025-09-06,6533.8,Travel,0
10439,643,2025-08-02,937.28,Travel,0
10440,324,2024-01-05,3941.19,Travel,0
10441,217,2025-08-19,3352.54,Fuel,0
10442,684,2024-05-07,3124.25,Online Retail,0
10443,621,2025-08-24,6858.79,Electronics,0
10444,423,2024-04-26,1712.51,Healthcare,0
10445,520,2026-03-20,2910.87,Electronics,0
10446,308,2025-07-25,3684.54,Online Retail,0
10447,476,2025-05-02,103.96,Travel,0
10448,389,2026-07-02,4793.08,Fuel,0
10449,129,2026-07-06,9580.85,Grocery,0
10450,49,2024-09-29,147.74,Electronics,0
10451,61,2026-07-11,3054.97,Online Retail,0
10452,560,2025-02-16,2015.4,Electronics,0
10453,606,2024-11-22,3369.18,Electronics,0
10454,360,2026-07-07,4790.6,Healthcare,0
10455,400,2026-05-09,1177.26,Healthcare,0
10456,644,2026-04-12,3422.9,Healthcare,0
10457,676,2025-02-14,6866.97,Dining,0
10458,501,2025-07-29,5408.61,Fuel,0
10459,362,2026-08-07,4403.19,Dining,0
10460,315,2024-02-10,1753.62,Electronics,0
10461,414,2026-06-23,1534.29,Entertainment,0
10462,525,2026-06-29,3123.23,Healthcare,0
10463,698,2025-03-04,3178.25,Grocery,0
10464,465,2024-02-06,5467.49,Grocery,0
10465,502,2024-12-06,3065.3,Online Retail,0
10466,18,2024-04-13,4817.73,Travel,0
10467,253,2025-10-30,257.07,Fuel,0
10468,196,2024-12-12,4285.13,Dining,0
10469,580,2024-12-24,4419.84,Online Retail,0
10470,179,2025-07-04,6522.75,Healthcare,0
10471,207,2025-10-05,140.08,Entertainment,0
10472,458,2024-05-06,8069.94,Electronics,0
10473,368,2025-02-14,2188.71,Electronics,0
10474,286,2024-04-01,1626.54,Travel,0
10475,167,2025-05-04,5070.67,Online Retail,0
10476,628,2024-11-19,1914.51,Travel,0
10477,697,2025-01-04,3698.61,Online Retail,0
10478,46,2024-06-25,3753.6,Electronics,0
10479,655,2026-02-15,14694.67,Dining,0
10480,577,2024-09-30,13209.66,Grocery,0
10481,612,2025-08-09,6138.05,Electronics,0
10482,309,2025-09-21,1084.29,Entertainment,0
10483,281,2025-10-28,3932.8,Electronics,0
10484,429,2024-01-07,722.8,Dining,0
10485,510,2026-03-11,2465.37,Dining,0
10486,654,2025-09-27,1855.3,Online Retail,0
10487,183,2026-02-15,10109.95,Online Retail,0
10488,677,2025-12-22,2124.42,Fuel,0
10489,273,2025-05-11,5699.64,Fuel,0
10490,465,2025-12-25,2840.6,Healthcare,0
10491,564,2024-09-04,5769.48,Grocery,0
10492,458,2024-11-28,97.01,Electronics,0
10493,40,2024-12-20,2337.43,Grocery,0
10494,615,2025-01-14,5631.29,Travel,0
10495,35,2025-06-22,5678.97,Travel,0
10496,377,2025-12-18,4624.62,Grocery,0
10497,463,2024-08-20,1598.51,Grocery,0
10498,176,2024-11-15,4690.62,Dining,0
10499,543,2026-01-31,4136.37,Electronics,0
10500,419,2026-01-31,3040.09,Online Retail,0
10501,269,2024-08-11,5302.31,Online Retail,0
10502,109,2024-04-10,902.69,Fuel,0
10503,473,2024-11-22,2327.22,Dining,0
10504,71,2024-04-26,361.47,Entertainment,0
10505,633,2025-09-08,477.66,Online Retail,0
10506,81,2025-12-03,1027.25,Entertainment,0
10507,70,2025-11-11,9055.57,Travel,0
10508,144,2024-11-27,5564.75,Fuel,0
10509,582,2025-01-19,1265.12,Grocery,0
10510,592,2025-04-17,1961.37,Dining,0
10511,408,2026-01-06,1682.02,Grocery,0
10512,557,2026-07-16,4143.74,Travel,0
10513,296,2026-05-29,969.41,Grocery,0
10514,698,2024-11-26,10250.33,Electronics,0
10515,37,2024-06-09,10725.93,Healthcare,0
10516,429,2024-02-20,3507.86,Online Retail,0
10517,269,2026-06-12,1726.9,Entertainment,0
10518,249,2026-07-08,7228.29,Entertainment,0
10519,556,2025-06-08,5328.91,Electronics,0
10520,538,2024-03-07,797.66,Electronics,0
10521,380,2025-03-13,2541.95,Entertainment,0
10522,611,2025-12-05,2427.79,Healthcare,0
10523,124,2026-02-14,65.21,Travel,0
10524,54,2026-01-31,4973.89,Travel,0
10525,163,2026-02-03,1824.84,Online Retail,0
10526,68,2024-04-03,3372.83,Fuel,0
10527,594,2025-10-27,6754.5,Dining,0
10528,360,2026-08-25,2921.7,Travel,0
10529,304,2025-02-02,5209.53,Fuel,0
10530,348,2025-05-15,2337.01,Entertainment,0
10531,67,2024-09-17,336.62,Healthcare,0
10532,454,2026-02-20,8344.5,Online Retail,0
10533,682,2024-12-17,8767.59,Healthcare,0
10534,100,2026-08-20,722.1,Grocery,0
10535,178,2025-07-12,10995.57,Healthcare,0
10536,545,2024-11-28,2014.94,Dining,0
10537,558,2025-07-03,2619.91,Travel,0
10538,198,2024-02-08,4790.12,Healthcare,0
10539,9,2026-06-19,3790.01,Healthcare,0
10540,504,2025-03-22,162.0,Grocery,0
10541,180,2025-03-21,7403.37,Travel,0
10542,567,2025-02-03,2290.78,Online Retail,0
10543,236,2025-10-11,1539.45,Electronics,0
10544,684,2026-01-31,4535.41,Electronics,0
10545,602,2025-10-05,3360.82,Travel,0
10546,48,2024-05-02,8445.68,Travel,0
10547,524,2025-12-14,7913.5,Travel,0
10548,504,2025-09-20,1512.77,Healthcare,0
10549,216,2026-08-24,2083.39,Fuel,0
10550,643,2024-09-16,741.78,Dining,0
10551,552,2026-02-20,7941.48,Fuel,0
10552,186,2026-05-04,6232.83,Entertainment,0
10553,568,2024-02-08,1539.11,Dining,0
10554,498,2026-06-12,5629.68,Dining,0
10555,359,2026-03-02,1044.56,Healthcare,0
10556,624,2026-02-21,3595.84,Electronics,0
10557,356,2026-09-01,3941.24,Grocery,0
10558,190,2024-07-14,3389.7,Fuel,0
10559,357,2024-02-06,441.81,Healthcare,0
10560,339,2025-08-21,5117.03,Fuel,0
10561,118,2025-08-05,1230.98,Online Retail,0
10562,401,2026-04-14,533.02,Electronics,0
10563,569,2025-08-07,4975.56,Travel,1
10564,616,2024-04-18,8687.75,Travel,0
10565,501,2025-05-26,504.78,Fuel,0
10566,343,2025-01-11,57.92,Travel,0
10567,595,2026-05-03,1516.14,Dining,0
10568,652,2025-11-18,3666.98,Electronics,0
10569,571,2026-03-04,1058.29,Grocery,0
10570,555,2025-12-15,3787.07,Travel,0
10571,550,2024-06-16,1408.58,Entertainment,0
10572,343,2026-04-18,653.97,Grocery,0
10573,547,2024-04-10,98.91,Travel,0
10574,268,2024-09-15,7119.92,Fuel,0
10575,662,2024-06-11,4096.79,Healthcare,0
10576,619,2024-03-28,5004.46,Grocery,0
10577,424,2026-05-14,12.75,Healthcare,0
10578,504,2024-05-10,1942.24,Online Retail,0
10579,580,2024-04-05,8078.89,Healthcare,0
10580,405,2024-04-01,15394.11,Fuel,0
10581,561,2025-09-22,5964.02,Grocery,0
10582,517,2024-08-11,2671.93,Grocery,0
10583,190,2025-10-28,1175.74,Healthcare,0
10584,107,2024-09-15,3926.4,Healthcare,1
10585,397,2024-07-31,215.21,Dining,0
10586,1,2024-06-11,784.18,Travel,0
10587,511,2024-08-12,2172.8,Healthcare,0
10588,479,2024-08-17,5901.15,Healthcare,0
10589,73,2026-03-25,2926.62,Dining,0
10590,217,2025-06-03,4689.87,Electronics,0
10591,372,2025-02-13,3754.96,Online Retail,0
10592,508,2026-05-28,1583.72,Healthcare,0
10593,2,2025-05-01,333.91,Travel,0
10594,389,2026-05-03,1144.02,Electronics,0
10595,169,2025-01-22,3318.34,Online Retail,0
10596,279,2026-08-14,1158.29,Grocery,0
10597,341,2024-06-27,3192.85,Entertainment,1
10598,140,2025-05-17,10222.16,Dining,0
10599,215,2025-03-04,266.36,Travel,1
10600,289,2026-05-16,4799.61,Entertainment,0
10601,540,2024-09-19,239.25,Travel,0
10602,201,2024-11-30,3971.32,Electronics,0
10603,447,2024-10-19,4743.08,Online Retail,0
10604,254,2025-08-27,1266.37,Fuel,0
10605,188,2024-07-15,6767.89,Dining,0
10606,78,2025-04-10,4019.96,Grocery,0
10607,12,2025-09-02,11633.19,Travel,0
10608,241,2024-07-28,1483.74,Online Retail,0
10609,179,2024-10-06,1605.05,Entertainment,0
10610,527,2024-05-16,377.4,Grocery,0
10611,364,2024-06-10,14535.16,Grocery,0
10612,40,2026-06-19,7120.72,Grocery,0
10613,534,2026-02-27,629.61,Healthcare,0
10614,279,2024-07-07,4673.63,Fuel,0
10615,423,2025-07-15,9494.59,Grocery,0
10616,88,2024-04-13,1609.34,Online Retail,0
10617,40,2026-04-17,1347.83,Online Retail,0
10618,73,2026-01-11,243.11,Electronics,0
10619,327,2026-01-31,6389.59,Travel,0
10620,619,2024-11-01,1177.94,Travel,0
10621,672,2024-12-28,431.37,Online Retail,0
10622,562,2026-05-02,4389.43,Dining,1
10623,633,2025-07-01,287.24,Online Retail,0
10624,538,2025-07-21,3529.5,Fuel,0
10625,520,2026-08-20,521.61,Travel,0
10626,296,2026-03-12,4884.94,Grocery,0
10627,199,2024-12-15,650.23,Travel,0
10628,441,2024-02-18,1281.89,Dining,0
10629,16,2024-08-21,2755.94,Online Retail,0
10630,126,2026-01-07,1487.87,Healthcare,0
10631,320,2024-06-08,14987.85,Grocery,0
10632,443,2024-10-23,837.26,Entertainment,0
10633,263,2026-07-05,457.83,Travel,0
10634,540,2025-03-03,1850.05,Healthcare,1
10635,474,2024-08-31,4526.48,Electronics,0
10636,183,2025-06-18,1084.61,Healthcare,0
10637,50,2026-06-23,1709.86,Dining,0
10638,192,2024-07-28,3495.18,Online Retail,0
10639,647,2025-07-31,3218.56,Electronics,0
10640,161,2026-02-13,7145.45,Entertainment,0
10641,516,2025-07-29,421.81,Online Retail,0
10642,480,2026-05-08,3042.3,Travel,0
10643,680,2025-01-25,78.34,Healthcare,0
10644,647,2026-02-11,2090.99,Electronics,0
10645,606,2025-01-21,6130.49,Travel,0
10646,217,2024-02-28,20104.68,Electronics,0
10647,302,2024-11-08,3766.26,Fuel,1
10648,343,2024-05-19,6575.89,Healthcare,0
10649,464,2025-12-12,1497.1,Dining,0
10650,102,2025-01-26,1511.44,Online Retail,0
10651,592,2025-12-21,2501.5,Electronics,0
10652,451,2025-12-29,2444.16,Healthcare,1
10653,143,2025-06-01,3353.3,Online Retail,0
10654,35,2026-06-23,499.23,Entertainment,0
10655,7,2025-03-13,8645.26,Travel,0
10656,253,2025-11-04,2817.29,Travel,0
10657,216,2025-09-11,4898.72,Fuel,0
10658,106,2025-11-24,6750.33,Grocery,0
10659,307,2025-04-24,700.73,Healthcare,0
10660,17,2025-02-21,7983.63,Dining,0
10661,438,2026-03-14,3929.56,Online Retail,0
10662,310,2026-05-28,4255.04,Electronics,0
10663,185,2024-03-04,2339.49,Dining,0
10664,321,2026-08-11,10192.2,Fuel,0
10665,310,2026-05-30,8000.36,Fuel,0
10666,590,2025-07-23,1259.34,Online Retail,0
10667,455,2025-05-26,2112.61,Entertainment,0
10668,164,2025-03-22,3508.89,Healthcare,0
10669,578,2025-05-11,2335.74,Online Retail,0
10670,232,2024-06-20,7290.64,Grocery,0
10671,159,2025-01-16,8031.08,Fuel,0
10672,509,2026-07-12,1677.04,Grocery,0
10673,560,2025-06-02,1325.96,Dining,0
10674,5,2024-12-19,2456.11,Entertainment,0
10675,658,2024-08-02,3572.42,Healthcare,0
10676,442,2026-01-21,3602.1,Electronics,0
10677,287,2025-04-29,821.46,Electronics,0
10678,529,2025-07-18,511.98,Travel,0
10679,387,2025-01-23,6723.58,Online Retail,0
10680,669,2024-02-03,1395.72,Travel,0
10681,7,2024-10-13,2143.29,Fuel,0
10682,375,2025-07-31,5796.57,Fuel,0
10683,498,2024-07-25,3048.97,Grocery,0
10684,24,2025-05-08,2169.18,Online Retail,0
10685,611,2026-04-18,724.25,Healthcare,0
10686,245,2024-07-03,1429.02,Dining,0
10687,14,2026-04-08,1106.63,Fuel,0
10688,271,2024-05-15,1909.12,Online Retail,0
10689,591,2025-04-17,982.75,Fuel,0
10690,672,2025-09-24,546.5,Travel,0
10691,105,2024-08-13,2348.04,Fuel,0
10692,274,2024-08-12,4069.04,Fuel,0
10693,590,2025-03-15,202.55,Entertainment,0
10694,15,2024-01-21,795.4,Entertainment,0
10695,380,2026-06-21,4607.84,Fuel,0
10696,380,2024-09-08,3286.07,Entertainment,0
10697,260,2026-01-29,3619.05,Healthcare,0
10698,224,2024-10-08,4488.08,Dining,0
10699,659,2026-02-26,5395.56,Fuel,0
10700,251,2024-06-28,1982.72,Fuel,0
10701,429,2025-11-16,2459.11,Healthcare,0
10702,529,2025-12-03,608.49,Electronics,0
10703,28,2025-12-06,2234.48,Healthcare,0
10704,581,2024-02-23,4291.99,Entertainment,0
10705,537,2024-05-25,1878.16,Entertainment,1
10706,136,2026-04-28,1839.05,Grocery,0
10707,128,2024-12-04,706.74,Fuel,0
10708,397,2026-02-21,1583.53,Dining,0
10709,647,2026-03-22,2225.98,Travel,0
10710,624,2025-11-07,5011.27,Fuel,0
10711,117,2024-06-21,1099.81,Entertainment,0
10712,422,2024-11-22,1342.97,Grocery,0
10713,342,2024-03-14,4712.89,Online Retail,0
10714,483,2024-01-06,64.05,Electronics,0
10715,366,2026-04-05,5524.85,Fuel,0
10716,401,2025-04-09,1658.19,Healthcare,0
10717,395,2026-01-31,1461.9,Online Retail,0
10718,13,2024-06-01,5351.8,Grocery,0
10719,374,2024-06-03,3016.51,Fuel,0
10720,105,2025-07-03,2410.02,Online Retail,0
10721,308,2025-05-29,1569.67,Online Retail,0
10722,380,2025-02-07,883.56,Dining,0
10723,499,2024-02-10,5512.85,Entertainment,0
10724,595,2024-09-13,3495.54,Electronics,0
10725,109,2024-05-24,487.45,Online Retail,0
10726,410,2024-06-10,6233.27,Electronics,0
10727,552,2024-09-07,5831.72,Healthcare,0
10728,230,2025-10-11,3974.81,Travel,0
10729,27,2025-11-17,3799.73,Online Retail,0
10730,649,2026-02-21,2430.37,Grocery,0
10731,590,2024-10-24,2454.35,Online Retail,0
10732,497,2025-06-11,4645.94,Fuel,0
10733,525,2026-03-01,3181.06,Online Retail,0
10734,211,2025-04-20,3711.73,Entertainment,0
10735,557,2024-01-23,5287.73,Entertainment,0
10736,696,2025-04-29,2198.82,Fuel,0
10737,208,2024-01-05,10214.01,Online Retail,0
10738,332,2025-01-12,378.67,Grocery,0
10739,595,2024-10-19,3284.35,Grocery,0
10740,155,2026-06-11,1719.85,Dining,0
10741,484,2025-12-13,6390.88,Electronics,0
10742,21,2025-10-04,568.23,Fuel,0
10743,678,2026-07-16,2441.19,Travel,0
10744,50,2026-07-07,2465.39,Dining,0
10745,15,2024-11-03,1596.45,Online Retail,0
10746,292,2025-06-21,4431.21,Dining,0
10747,554,2025-06-26,1802.6,Electronics,0
10748,146,2024-01-24,813.06,Dining,0
10749,437,2024-02-10,1495.1,Entertainment,0
10750,237,2024-11-26,2851.31,Healthcare,0
10751,693,2024-01-02,1461.98,Electronics,0
10752,331,2025-11-03,5009.04,Healthcare,0
10753,311,2024-01-16,1334.66,Healthcare,0
10754,14,2024-08-09,3048.58,Online Retail,0
10755,196,2024-04-04,6903.89,Entertainment,0
10756,13,2025-05-02,3303.05,Fuel,0
10757,616,2026-05-02,4865.42,Entertainment,0
10758,335,2024-02-22,6650.64,Grocery,0
10759,228,2025-09-17,2063.95,Grocery,0
10760,173,2025-06-12,1272.4,Dining,0
10761,492,2026-05-25,1000.63,Dining,0
10762,450,2025-08-03,2240.46,Fuel,0
10763,233,2026-03-25,786.27,Healthcare,0
10764,200,2025-11-05,2008.69,Healthcare,0
10765,663,2026-01-15,2886.53,Entertainment,0
10766,42,2025-04-18,5298.06,Travel,0
10767,369,2024-12-10,1217.18,Fuel,0
10768,677,2025-05-14,108.31,Online Retail,0
10769,224,2024-05-10,3667.61,Electronics,0
10770,42,2025-11-25,1887.67,Fuel,0
10771,576,2024-04-10,593.95,Travel,0
10772,633,2026-06-28,2028.97,Travel,0
10773,44,2024-01-25,1055.84,Dining,0
10774,265,2024-04-19,5952.92,Dining,0
10775,66,2024-06-22,3544.65,Healthcare,0
10776,630,2024-06-27,3373.92,Grocery,0
10777,586,2024-01-19,4865.52,Entertainment,0
10778,571,2026-08-18,6774.76,Electronics,0
10779,227,2025-11-01,875.65,Dining,0
10780,501,2024-10-19,2706.4,Online Retail,0
10781,124,2025-01-14,1180.3,Entertainment,0
10782,104,2024-08-08,1994.91,Grocery,0
10783,412,2025-05-29,2395.24,Online Retail,1
10784,678,2025-01-21,4927.23,Fuel,0
10785,179,2025-04-11,3421.49,Dining,0
10786,328,2025-01-24,5330.17,Dining,0
10787,692,2024-10-03,4682.52,Grocery,0
10788,298,2025-05-07,4291.26,Grocery,0
10789,575,2024-04-21,308.95,Fuel,0
10790,480,2025-06-27,160.2,Healthcare,0
10791,623,2025-06-12,2798.52,Dining,0
10792,235,2024-04-26,3459.14,Online Retail,0
10793,584,2026-04-22,4137.41,Electronics,0
10794,577,2026-07-16,2717.47,Fuel,0
10795,621,2025-12-31,6404.43,Entertainment,0
10796,634,2026-07-14,2641.49,Grocery,0
10797,237,2026-06-27,563.2,Grocery,0
10798,580,2025-12-21,1230.93,Online Retail,0
10799,472,2024-12-13,3455.78,Entertainment,0
10800,64,2024-07-22,419.94,Online Retail,0
10801,635,2026-04-04,2135.17,Grocery,0
10802,505,2025-04-20,2894.85,Electronics,0
10803,481,2025-12-05,1065.6,Electronics,0
10804,48,2026-05-18,3809.68,Grocery,0
10805,699,2026-07-08,185.82,Online Retail,0
10806,679,2025-10-27,2612.85,Travel,0
10807,606,2024-10-07,2597.19,Entertainment,0
10808,236,2024-03-20,826.64,Electronics,0
10809,50,2026-02-22,1207.07,Grocery,0
10810,520,2024-01-24,5980.9,Healthcare,0
10811,352,2025-05-10,6875.82,Travel,0
10812,178,2024-10-13,3968.14,Healthcare,0
10813,193,2025-03-01,1668.15,Fuel,1
10814,473,2026-05-06,1163.42,Online Retail,0
10815,613,2025-03-30,605.72,Entertainment,0
10816,405,2024-05-24,3067.63,Grocery,0
10817,657,2025-02-25,1729.08,Dining,0
10818,396,2024-04-08,1034.15,Grocery,0
10819,397,2026-05-05,6711.61,Fuel,0
10820,253,2024-02-08,3143.65,Entertainment,0
10821,41,2026-07-09,322.06,Travel,0
10822,180,2024-08-03,2384.04,Fuel,0
10823,243,2025-10-08,563.16,Electronics,0
10824,435,2026-05-10,4103.35,Grocery,0
10825,133,2024-07-06,5813.13,Grocery,0
10826,357,2026-06-25,3496.77,Travel,0
10827,371,2025-02-13,2023.02,Online Retail,0
10828,358,2025-05-12,318.01,Grocery,0
10829,690,2024-12-12,1546.54,Entertainment,0
10830,132,2026-08-19,2184.82,Fuel,0
10831,241,2025-10-16,3060.42,Electronics,0
10832,258,2024-12-15,1748.21,Dining,0
10833,514,2024-03-09,6729.79,Fuel,0
10834,464,2026-05-20,3505.47,Entertainment,0
10835,582,2025-09-29,496.07,Online Retail,0
10836,372,2024-05-02,6612.57,Healthcare,0
10837,582,2025-03-31,3546.88,Travel,0
10838,20,2024-09-15,934.26,Grocery,0
10839,105,2024-09-11,3378.41,Dining,0
10840,427,2025-04-12,25.3,Entertainment,0
10841,167,2024-03-02,9586.96,Entertainment,0
10842,206,2024-08-27,338.33,Dining,0
10843,157,2024-02-21,7242.51,Travel,0
10844,97,2026-07-05,1043.18,Fuel,0
10845,209,2026-05-19,468.9,Travel,0
10846,642,2024-06-07,3082.71,Electronics,0
10847,33,2025-07-16,3236.1,Grocery,0
10848,696,2024-08-06,1145.63,Entertainment,0
10849,378,2025-06-21,5582.27,Fuel,0
10850,540,2025-03-20,7628.74,Healthcare,0
10851,519,2024-01-18,1995.45,Dining,0
10852,44,2026-02-12,3521.32,Travel,0
10853,183,2026-01-21,2945.79,Entertainment,0
10854,610,2024-02-28,1280.15,Entertainment,0
10855,448,2024-07-24,2708.31,Fuel,0
10856,261,2024-04-21,1256.59,Entertainment,0
10857,382,2025-01-08,2958.86,Electronics,0
10858,302,2025-03-12,7058.31,Grocery,0
10859,70,2025-09-22,2888.46,Grocery,0
10860,656,2025-09-09,1182.01,Travel,0
10861,168,2024-05-11,2294.64,Entertainment,0
10862,605,2025-04-12,3561.02,Grocery,0
10863,170,2026-02-15,2202.46,Online Retail,0
10864,424,2026-05-16,1317.07,Electronics,0
10865,343,2026-03-25,1763.67,Fuel,0
10866,619,2024-10-18,3740.36,Healthcare,0
10867,440,2025-05-21,7317.78,Dining,0
10868,417,2024-05-20,827.53,Fuel,0
10869,211,2024-12-22,5501.27,Grocery,0
10870,606,2024-09-30,5976.38,Entertainment,0
10871,89,2024-09-02,1832.65,Fuel,1
10872,355,2026-05-05,368.23,Fuel,0
10873,189,2025-12-06,11139.47,Electronics,0
10874,322,2026-04-09,2378.57,Grocery,0
10875,29,2024-11-28,8312.17,Healthcare,0
10876,485,2025-01-20,4483.03,Entertainment,0
10877,525,2026-02-28,1145.36,Entertainment,0
10878,489,2024-02-11,9554.87,Dining,0
10879,490,2025-12-15,402.42,Entertainment,0
10880,27,2025-10-24,1151.57,Online Retail,0
10881,470,2024-12-10,2114.8,Grocery,0
10882,231,2026-07-07,2223.53,Fuel,0
10883,433,2024-08-11,4194.08,Dining,0
10884,451,2024-11-24,643.48,Online Retail,0
10885,209,2024-12-14,2761.19,Fuel,0
10886,95,2024-12-24,2391.89,Dining,0
10887,81,2024-11-29,1701.05,Dining,0
10888,313,2025-04-09,4573.66,Grocery,0
10889,420,2026-07-21,392.97,Online Retail,0
10890,6,2025-04-16,157.88,Fuel,1
10891,513,2025-09-03,5987.8,Fuel,0
10892,175,2025-10-13,2298.77,Entertainment,0
10893,568,2025-10-03,1299.68,Grocery,0
10894,490,2024-11-19,305.79,Travel,0
10895,509,2024-10-03,4383.88,Electronics,0
10896,146,2024-12-21,4859.91,Dining,0
10897,462,2024-12-21,2031.4,Online Retail,0
10898,475,2026-03-15,1432.97,Dining,0
10899,578,2025-03-30,5773.08,Healthcare,0
10900,398,2026-06-27,552.63,Grocery,0
10901,534,2026-08-10,4284.62,Grocery,0
10902,324,2025-10-24,3857.71,Entertainment,0
10903,662,2025-10-12,3415.29,Travel,0
10904,497,2024-05-01,3980.64,Entertainment,0
10905,5,2024-05-30,2768.77,Electronics,0
10906,553,2025-11-23,985.79,Fuel,0
10907,103,2026-08-24,964.34,Entertainment,0
10908,47,2026-02-22,1095.36,Grocery,0
10909,406,2024-09-19,3837.7,Travel,0
10910,346,2025-10-23,2090.76,Fuel,0
10911,281,2025-08-29,5122.53,Dining,0
10912,291,2024-02-22,3591.86,Dining,0
10913,239,2026-05-03,901.36,Online Retail,0
10914,643,2024-12-04,3727.02,Travel,1
10915,523,2025-08-23,3754.99,Grocery,0
10916,555,2024-11-26,1519.04,Fuel,0
10917,375,2026-06-21,5145.01,Travel,0
10918,523,2025-04-01,1858.29,Grocery,0
10919,369,2026-04-06,3013.28,Entertainment,0
10920,635,2026-07-05,3065.8,Grocery,0
10921,35,2024-02-04,553.41,Online Retail,0
10922,555,2025-02-15,574.51,Dining,0
10923,323,2025-10-31,1942.98,Dining,0
10924,227,2026-04-01,3473.65,Online Retail,1
10925,426,2025-12-03,2935.84,Online Retail,0
10926,642,2025-10-04,1132.93,Electronics,0
10927,197,2024-12-28,4239.54,Online Retail,0
10928,336,2024-06-09,3864.61,Electronics,0
10929,168,2026-06-05,7613.69,Electronics,0
10930,573,2024-02-13,857.94,Entertainment,0
10931,386,2026-02-19,2757.37,Entertainment,0
10932,205,2024-02-04,9380.42,Travel,0
10933,639,2024-12-23,1350.82,Travel,0
10934,158,2026-04-18,2617.44,Dining,0
10935,82,2024-08-05,2374.9,Dining,0
10936,181,2024-09-14,2311.78,Travel,0
10937,217,2024-07-26,3142.59,Grocery,1
10938,182,2025-10-26,4583.18,Healthcare,0
10939,41,2024-08-03,19847.42,Fuel,0
10940,691,2025-11-11,1334.83,Travel,0
10941,228,2025-07-28,1103.93,Fuel,1
10942,672,2026-05-20,4447.67,Grocery,0
10943,487,2025-09-18,976.9,Fuel,0
10944,561,2025-01-27,1617.73,Online Retail,0
10945,224,2024-05-25,1819.73,Healthcare,0
10946,460,2025-03-08,7178.08,Online Retail,0
10947,279,2025-06-18,7926.9,Travel,0
10948,255,2026-06-28,223.65,Entertainment,0
10949,655,2024-09-01,2454.7,Fuel,0
10950,602,2025-01-07,5970.74,Online Retail,0
10951,243,2026-06-06,2622.43,Electronics,0
10952,3,2026-06-14,7824.16,Electronics,0
10953,378,2026-04-14,1121.39,Entertainment,0
10954,672,2024-06-23,1822.82,Healthcare,0
10955,654,2024-04-22,2954.11,Online Retail,0
10956,333,2025-01-01,1591.21,Electronics,0
10957,356,2024-09-02,9199.76,Electronics,0
10958,603,2024-11-01,1637.03,Dining,0
10959,120,2026-07-09,3272.9,Grocery,0
10960,193,2025-06-08,1371.38,Dining,0
10961,101,2024-10-18,1449.98,Electronics,0
10962,413,2025-12-10,800.07,Online Retail,0
10963,630,2026-03-06,5409.87,Electronics,0
10964,220,2025-02-25,4439.82,Grocery,0
10965,620,2024-02-19,4776.42,Online Retail,0
10966,358,2025-03-31,1508.28,Fuel,0
10967,176,2025-01-13,1878.89,Grocery,0
10968,672,2024-07-04,4007.02,Online Retail,0
10969,437,2025-08-22,808.12,Travel,0
10970,383,2025-12-18,2107.09,Entertainment,0
10971,117,2025-01-24,4023.79,Dining,0
10972,387,2025-01-07,1157.48,Electronics,1
10973,163,2026-02-09,10731.82,Grocery,0
10974,295,2024-06-23,3678.73,Grocery,0
10975,645,2026-08-13,2262.24,Travel,0
10976,697,2025-02-12,1654.88,Dining,0
10977,282,2025-05-15,4272.55,Healthcare,0
10978,225,2025-07-30,1262.16,Dining,0
10979,146,2025-03-28,4398.57,Healthcare,0
10980,147,2024-02-17,680.06,Travel,0
10981,367,2025-11-17,2255.97,Dining,0
10982,677,2026-05-23,5098.21,Entertainment,0
10983,596,2026-01-04,1138.12,Online Retail,0
10984,203,2025-11-01,1141.94,Entertainment,0
10985,584,2024-02-28,2472.35,Healthcare,0
10986,330,2026-02-05,2819.56,Grocery,0
10987,464,2025-03-02,5923.99,Grocery,0
10988,179,2024-10-23,4318.0,Grocery,0
10989,570,2025-05-02,1971.69,Healthcare,0
10990,327,2024-08-10,2050.22,Online Retail,0
10991,546,2024-10-26,4645.74,Healthcare,0
10992,174,2026-03-01,620.27,Healthcare,0
10993,675,2026-01-10,909.64,Online Retail,0
10994,296,2025-06-29,1467.77,Grocery,0
10995,460,2026-05-14,337.61,Dining,0
10996,375,2024-06-01,5642.34,Entertainment,0
10997,419,2026-04-04,557.56,Fuel,0
10998,180,2025-04-09,3902.12,Grocery,0
10999,634,2025-09-09,1495.91,Electronics,0
11000,146,2026-03-27,1976.83,Dining,0
11001,254,2026-02-13,8390.58,Healthcare,0
11002,302,2026-08-24,1724.69,Healthcare,0
11003,346,2024-08-14,1438.26,Online Retail,0
11004,159,2024-06-14,1912.9,Online Retail,0
11005,602,2024-01-26,1807.8,Fuel,0
11006,432,2025-10-17,2612.61,Fuel,0
11007,686,2025-05-15,1803.77,Healthcare,0
11008,246,2025-10-11,7317.1,Online Retail,0
11009,295,2025-02-03,2268.03,Grocery,0
11010,400,2024-12-06,971.41,Entertainment,0
11011,413,2026-05-09,457.29,Fuel,0
11012,121,2024-06-26,634.33,Electronics,0
11013,587,2026-02-08,4693.25,Travel,0
11014,697,2024-04-13,3864.67,Healthcare,0
11015,364,2025-01-07,3065.59,Fuel,0
11016,265,2024-02-16,4684.44,Healthcare,0
11017,284,2024-01-17,4728.53,Grocery,0
11018,44,2024-02-04,3911.01,Fuel,0
11019,46,2024-09-25,384.81,Travel,0
11020,262,2026-07-08,274.5,Online Retail,0
11021,149,2024-12-17,2170.87,Grocery,0
11022,207,2025-08-21,6310.91,Grocery,0
11023,233,2025-10-20,2110.14,Dining,0
11024,126,2026-05-03,2310.42,Entertainment,0
11025,282,2026-05-30,4300.48,Entertainment,0
11026,26,2024-02-07,31.72,Travel,0
11027,544,2024-08-03,2312.27,Grocery,0
11028,486,2026-01-19,1944.74,Electronics,0
11029,117,2026-02-05,2436.39,Entertainment,0
11030,115,2026-08-14,9491.88,Fuel,0
11031,51,2025-12-11,1644.55,Online Retail,0
11032,130,2025-06-06,4403.92,Electronics,0
11033,412,2024-12-10,1743.38,Entertainment,0
11034,53,2025-04-04,1026.81,Online Retail,0
11035,6,2024-01-16,1975.46,Healthcare,0
11036,400,2025-10-29,6755.72,Travel,0
11037,652,2024-02-01,5436.3,Dining,0
11038,329,2025-09-23,1684.73,Grocery,0
11039,180,2025-08-26,616.5,Dining,0
11040,583,2026-08-18,5121.41,Healthcare,0
11041,584,2026-04-05,4895.18,Grocery,0
11042,586,2025-12-11,2325.96,Entertainment,0
11043,266,2025-09-08,603.93,Fuel,0
11044,29,2024-10-16,5432.36,Healthcare,0
11045,700,2026-01-24,2740.87,Fuel,0
11046,627,2025-06-23,2650.29,Online Retail,0
11047,351,2025-05-05,8576.56,Healthcare,0
11048,550,2025-08-28,2767.0,Fuel,0
11049,675,2024-09-13,5098.06,Fuel,0
11050,41,2024-09-10,7294.05,Travel,0
11051,329,2024-02-08,1518.31,Travel,0
11052,604,2025-01-12,872.63,Healthcare,1
11053,500,2026-03-07,3359.96,Electronics,0
11054,78,2024-03-23,11771.38,Fuel,0
11055,45,2025-04-07,2373.66,Healthcare,1
11056,228,2026-04-08,923.55,Fuel,0
11057,312,2026-05-04,1092.76,Fuel,0
11058,87,2026-06-27,1781.35,Travel,0
11059,190,2024-12-26,2355.37,Grocery,0
11060,359,2024-11-23,4320.57,Electronics,0
11061,556,2024-09-26,3707.15,Healthcare,0
11062,398,2025-02-08,7730.9,Electronics,0
11063,373,2025-10-12,2587.06,Dining,0
11064,520,2025-10-24,4061.64,Entertainment,0
11065,449,2025-08-12,8314.06,Travel,0
11066,159,2025-03-27,2987.27,Travel,0
11067,178,2025-11-17,2139.43,Grocery,0
11068,82,2024-11-29,2463.23,Dining,0
11069,82,2024-03-29,971.62,Electronics,0
11070,581,2026-07-26,423.38,Online Retail,0
11071,477,2024-03-22,557.9,Grocery,0
11072,450,2026-04-09,8516.57,Dining,0
11073,310,2025-07-10,4535.82,Online Retail,0
11074,64,2026-08-16,471.55,Dining,0
11075,292,2025-06-18,1716.35,Fuel,0
11076,108,2024-02-21,33.94,Travel,0
11077,675,2024-03-31,2018.33,Entertainment,0
11078,282,2024-03-25,349.4,Healthcare,0
11079,83,2025-02-23,6826.04,Electronics,0
11080,199,2026-01-10,9157.21,Healthcare,0
11081,451,2025-09-09,9520.48,Travel,0
11082,316,2026-03-04,783.05,Travel,0
11083,43,2025-06-12,441.09,Online Retail,0
11084,254,2024-05-01,1860.86,Dining,0
11085,480,2024-06-30,1804.6,Fuel,0
11086,372,2024-06-05,1110.0,Online Retail,0
11087,392,2026-06-23,2041.63,Fuel,0
11088,463,2026-02-20,350.02,Electronics,0
11089,509,2024-02-03,778.43,Grocery,0
11090,300,2024-07-30,3090.8,Fuel,0
11091,526,2024-09-22,3022.06,Grocery,0
11092,634,2025-11-26,5814.23,Healthcare,0
11093,93,2024-03-06,120.24,Online Retail,0
11094,510,2026-08-13,2627.51,Fuel,0
11095,193,2024-10-03,4330.39,Online Retail,0
11096,76,2026-04-11,8754.12,Dining,0
11097,177,2025-10-30,1588.08,Grocery,0
11098,651,2025-01-05,2062.11,Healthcare,0
11099,426,2024-01-24,1562.35,Healthcare,0
11100,321,2025-06-21,2404.53,Fuel,0
11101,181,2024-02-07,6141.73,Healthcare,0
11102,374,2025-11-30,5396.49,Grocery,0
11103,362,2024-07-19,947.65,Electronics,0
11104,286,2026-07-15,2191.44,Electronics,0
11105,310,2024-01-27,1534.49,Fuel,0
11106,507,2024-12-06,1453.09,Online Retail,0
11107,410,2025-01-15,3977.73,Travel,0
11108,21,2026-01-19,1597.57,Dining,0
11109,246,2024-08-12,4092.57,Healthcare,0
11110,44,2026-01-30,1656.47,Travel,0
11111,648,2024-11-10,1306.31,Electronics,0
11112,226,2024-03-20,2107.29,Entertainment,0
11113,676,2026-03-27,13310.68,Healthcare,0
11114,175,2024-07-06,818.9,Entertainment,0
11115,246,2025-02-25,1090.63,Online Retail,0
11116,288,2025-08-13,241.38,Online Retail,0
11117,640,2024-01-15,1248.41,Electronics,0
11118,64,2025-09-22,167.11,Online Retail,0
11119,556,2025-06-17,177.79,Healthcare,0
11120,460,2026-01-27,3356.67,Online Retail,0
11121,159,2024-04-16,4554.86,Healthcare,0
11122,591,2026-05-07,10192.08,Grocery,0
11123,394,2024-02-27,855.56,Online Retail,0
11124,353,2026-07-04,809.5,Grocery,0
11125,265,2024-11-15,6433.72,Dining,0
11126,293,2024-03-11,2607.57,Grocery,0
11127,561,2024-09-22,896.16,Online Retail,0
11128,679,2025-04-28,4689.72,Fuel,0
11129,626,2024-04-18,2311.72,Online Retail,0
11130,235,2024-10-18,2238.37,Online Retail,0
11131,436,2024-10-17,8162.65,Grocery,0
11132,699,2024-06-08,3572.5,Entertainment,0
11133,442,2025-04-16,3678.76,Dining,0
11134,2,2024-01-24,4654.19,Grocery,0
11135,505,2024-09-01,2201.76,Entertainment,0
11136,400,2024-05-20,4583.12,Healthcare,0
11137,347,2024-02-01,8501.49,Healthcare,0
11138,26,2025-04-14,2247.97,Online Retail,0
11139,330,2026-05-20,3255.64,Grocery,0
11140,554,2024-12-07,920.32,Travel,0
11141,395,2025-09-27,1142.12,Healthcare,0
11142,189,2024-05-25,1896.07,Grocery,0
11143,573,2025-11-19,2041.97,Grocery,0
11144,314,2025-10-25,298.32,Grocery,0
11145,454,2025-02-01,8937.46,Online Retail,0
11146,11,2024-09-21,4838.69,Healthcare,0
11147,101,2025-07-13,2957.92,Travel,0
11148,141,2025-08-12,860.19,Entertainment,0
11149,99,2025-11-16,3163.75,Travel,0
11150,299,2024-07-13,1722.27,Travel,0
11151,292,2024-12-13,3951.3,Dining,0
11152,57,2026-03-15,567.73,Dining,0
11153,462,2026-03-21,6773.48,Grocery,0
11154,339,2026-03-03,2014.33,Fuel,0
11155,274,2026-01-23,6378.46,Entertainment,0
11156,171,2024-03-21,14574.53,Travel,0
11157,268,2024-10-06,850.18,Entertainment,0
11158,115,2024-10-02,1984.89,Healthcare,0
11159,627,2024-11-20,579.75,Electronics,0
11160,361,2025-04-20,1168.21,Entertainment,0
11161,608,2024-06-28,2836.03,Entertainment,0
11162,600,2026-02-07,431.35,Online Retail,0
11163,333,2025-05-05,7930.27,Entertainment,0
11164,279,2024-03-22,1458.57,Travel,0
11165,503,2026-03-02,3863.42,Grocery,0
11166,269,2024-10-31,8491.17,Electronics,0
11167,317,2025-07-03,528.46,Grocery,0
11168,287,2025-02-12,4222.0,Healthcare,0
11169,423,2024-12-11,5027.4,Dining,0
11170,38,2024-11-19,491.32,Dining,0
11171,193,2025-02-03,673.47,Travel,0
11172,477,2024-03-07,2893.94,Fuel,0
11173,349,2025-11-06,7836.16,Dining,0
11174,485,2025-09-23,5591.33,Dining,0
11175,450,2025-05-16,1031.59,Fuel,0
11176,233,2026-05-14,4799.61,Travel,0
11177,310,2025-06-22,8172.83,Healthcare,0
11178,49,2025-01-14,1242.51,Grocery,0
11179,532,2025-08-17,1422.7,Online Retail,0
11180,311,2026-02-18,334.8,Electronics,0
11181,188,2025-12-21,838.5,Fuel,0
11182,374,2025-07-11,2710.25,Online Retail,0
11183,10,2025-09-02,1251.56,Fuel,0
11184,291,2026-08-16,304.47,Entertainment,0
11185,640,2025-10-29,1242.27,Entertainment,0
11186,269,2025-11-17,11837.79,Entertainment,0
11187,253,2025-10-11,8076.12,Travel,0
11188,315,2026-07-20,3564.72,Entertainment,0
11189,177,2026-06-22,3316.2,Electronics,0
11190,155,2024-12-02,7679.41,Travel,0
11191,334,2025-12-19,3678.64,Travel,0
11192,464,2025-09-28,2699.91,Electronics,0
11193,175,2025-06-16,4226.39,Healthcare,0
11194,149,2025-05-17,1021.0,Online Retail,0
11195,514,2026-05-25,2755.37,Travel,0
11196,351,2026-06-08,3212.36,Online Retail,0
11197,215,2026-05-27,2023.69,Online Retail,0
11198,593,2024-10-24,2886.66,Entertainment,0
11199,695,2024-12-08,1625.53,Dining,0
11200,594,2024-03-28,726.74,Electronics,0
11201,194,2026-02-24,1352.18,Dining,0
11202,684,2025-11-01,3001.2,Grocery,0
11203,254,2026-08-15,2679.46,Online Retail,0
11204,56,2025-12-19,3014.2,Entertainment,0
11205,377,2024-07-20,1904.95,Electronics,0
11206,669,2024-10-14,209.63,Healthcare,0
11207,3,2025-01-22,3891.66,Fuel,0
11208,6,2026-01-09,2316.22,Online Retail,0
11209,3,2025-02-09,3919.44,Fuel,0
11210,589,2026-08-01,2807.09,Electronics,0
11211,164,2025-08-18,1360.01,Healthcare,0
11212,347,2024-12-24,2484.21,Electronics,0
11213,58,2026-07-27,13024.03,Entertainment,0
11214,661,2025-06-12,6048.67,Healthcare,0
11215,533,2024-10-24,3281.05,Electronics,0
11216,399,2025-01-16,16963.78,Dining,0
11217,611,2026-01-04,1127.45,Travel,1
11218,143,2024-03-23,1890.51,Healthcare,0
11219,290,2026-01-29,2687.57,Electronics,0
11220,680,2024-04-16,803.45,Electronics,0
11221,362,2025-11-09,10908.81,Entertainment,0
11222,214,2025-12-03,11735.28,Online Retail,0
11223,429,2025-07-27,4637.79,Fuel,0
11224,655,2024-06-29,157.7,Grocery,0
11225,67,2025-07-11,375.69,Entertainment,0
11226,697,2026-03-19,3441.86,Electronics,0
11227,329,2024-10-02,8117.98,Entertainment,0
11228,63,2026-06-15,1604.48,Fuel,0
11229,672,2024-05-13,3775.39,Entertainment,0
11230,400,2026-05-20,7333.48,Dining,0
11231,146,2024-11-21,1037.5,Travel,0
11232,129,2025-11-13,6792.37,Grocery,0
11233,59,2024-08-11,1902.21,Fuel,0
11234,371,2025-08-27,2150.89,Fuel,0
11235,197,2025-09-28,3258.65,Electronics,0
11236,223,2025-04-23,733.4,Travel,0
11237,384,2026-04-11,4013.62,Dining,0
11238,671,2026-06-04,1237.73,Electronics,0
11239,608,2024-06-03,885.72,Dining,0
11240,74,2026-03-06,1770.02,Travel,0
11241,249,2025-10-04,633.77,Entertainment,0
11242,155,2025-05-25,775.26,Travel,0
11243,242,2024-04-28,5163.6,Online Retail,0
11244,632,2025-08-13,3724.14,Healthcare,0
11245,241,2025-01-05,2162.82,Online Retail,0
11246,454,2024-02-06,863.0,Dining,0
11247,589,2024-06-17,4374.26,Online Retail,0
11248,192,2024-03-28,6593.36,Dining,0
11249,329,2024-10-19,17531.93,Fuel,0
11250,570,2024-06-19,7089.83,Fuel,0
11251,232,2026-04-17,1618.89,Travel,0
11252,469,2024-10-06,695.32,Travel,0
11253,124,2025-02-13,2321.41,Healthcare,0
11254,644,2025-12-25,6570.68,Grocery,0
11255,88,2024-04-15,1611.41,Travel,0
11256,483,2024-12-12,274.92,Dining,0
11257,682,2024-07-12,3801.22,Fuel,0
11258,100,2025-05-19,1737.44,Electronics,0
11259,341,2026-04-02,836.89,Electronics,0
11260,665,2025-06-16,7265.3,Online Retail,0
11261,51,2025-02-03,914.48,Fuel,0
11262,215,2024-03-24,1556.29,Electronics,0
11263,635,2026-07-01,1310.74,Dining,0
11264,94,2025-03-27,301.54,Online Retail,0
11265,668,2025-07-01,2098.61,Entertainment,0
11266,523,2025-05-04,243.89,Grocery,0
11267,167,2025-05-09,653.62,Travel,0
11268,145,2024-04-07,833.74,Healthcare,0
11269,222,2025-03-20,436.4,Travel,0
11270,371,2025-02-13,3546.35,Electronics,0
11271,673,2026-01-24,2836.08,Grocery,0
11272,555,2025-02-21,3921.45,Fuel,0
11273,12,2026-03-25,5542.56,Dining,0
11274,413,2025-10-01,5753.94,Travel,0
11275,228,2024-05-03,6312.66,Healthcare,0
11276,372,2026-05-11,2518.93,Electronics,1
11277,302,2025-02-02,2340.05,Online Retail,0
11278,413,2025-11-18,3898.58,Entertainment,0
11279,540,2024-10-02,7018.49,Grocery,0
11280,167,2026-01-02,2308.2,Dining,0
11281,258,2026-05-26,1869.5,Travel,0
11282,33,2024-01-28,3055.12,Healthcare,0
11283,237,2025-12-17,2334.14,Travel,0
11284,693,2025-12-31,210.66,Healthcare,0
11285,511,2024-10-12,1968.48,Fuel,0
11286,474,2025-01-21,2601.91,Healthcare,0
11287,595,2025-02-02,3499.07,Healthcare,0
11288,399,2025-03-11,3608.41,Online Retail,0
11289,66,2025-02-12,2881.97,Entertainment,0
11290,461,2026-05-31,4842.63,Healthcare,0
11291,100,2026-06-27,10418.06,Travel,0
11292,137,2026-07-09,2232.68,Grocery,0
11293,462,2025-04-06,3566.54,Electronics,0
11294,647,2025-11-09,7746.63,Dining,0
11295,221,2024-01-18,2197.51,Dining,0
11296,211,2024-01-18,2695.84,Online Retail,0
11297,468,2025-12-12,191.59,Online Retail,0
11298,220,2025-10-09,1859.89,Electronics,0
11299,122,2024-04-04,3189.51,Online Retail,0
11300,162,2025-10-08,2993.71,Fuel,0
11301,563,2025-09-06,2371.64,Healthcare,0
11302,430,2025-12-28,1616.06,Dining,0
11303,225,2025-05-15,3127.89,Travel,0
11304,698,2026-01-11,6751.01,Travel,0
11305,235,2026-01-13,1695.13,Healthcare,0
11306,481,2025-08-02,716.93,Travel,0
11307,126,2025-06-20,6377.61,Online Retail,0
11308,658,2026-02-16,3331.92,Dining,1
11309,148,2024-06-19,602.27,Grocery,0
11310,302,2026-08-16,4335.05,Fuel,0
11311,419,2026-05-21,4905.36,Entertainment,0
11312,365,2025-06-04,489.46,Travel,0
11313,408,2026-05-30,3930.85,Travel,0
11314,542,2025-12-04,5693.25,Fuel,0
11315,578,2025-02-14,953.62,Grocery,0
11316,238,2025-02-25,1617.09,Dining,0
11317,442,2025-08-17,6404.89,Dining,0
11318,399,2024-09-01,5380.7,Dining,0
11319,300,2025-06-22,2009.38,Fuel,0
11320,355,2025-02-04,4005.7,Dining,0
11321,563,2025-06-04,1668.09,Dining,0
11322,476,2025-01-30,6536.8,Travel,0
11323,12,2024-03-28,536.4,Healthcare,0
11324,45,2025-11-29,484.69,Travel,0
11325,492,2025-04-26,3161.08,Grocery,0
11326,373,2024-07-10,2658.64,Online Retail,0
11327,381,2024-08-07,17760.87,Healthcare,0
11328,593,2025-05-18,3716.28,Grocery,0
11329,155,2026-02-16,764.45,Dining,0
11330,179,2024-09-05,1484.45,Grocery,0
11331,447,2026-04-07,1136.37,Grocery,0
11332,547,2026-02-16,1001.77,Healthcare,0
11333,691,2024-01-19,3225.35,Entertainment,0
11334,651,2024-05-14,2008.14,Grocery,0
11335,243,2025-12-19,1603.45,Entertainment,0
11336,125,2025-06-22,8283.18,Travel,0
11337,447,2024-04-21,2832.78,Travel,0
11338,132,2026-08-24,6154.52,Dining,0
11339,308,2024-01-10,13895.95,Fuel,0
11340,212,2025-01-28,816.16,Electronics,0
11341,275,2024-01-14,6955.39,Electronics,0
11342,620,2026-06-03,614.65,Dining,0
11343,216,2025-03-30,210.24,Fuel,0
11344,597,2025-08-28,787.08,Dining,0
11345,161,2026-03-04,2169.42,Electronics,0
11346,210,2024-09-12,4452.03,Electronics,0
11347,165,2024-10-30,1101.9,Travel,0
11348,524,2025-09-05,1216.03,Travel,0
11349,542,2026-06-20,2401.15,Travel,0
11350,25,2024-07-01,1937.93,Electronics,0
11351,227,2025-02-14,9122.21,Dining,0
11352,656,2024-09-15,3500.77,Healthcare,0
11353,371,2024-07-02,2090.63,Grocery,0
11354,125,2024-07-12,7205.15,Grocery,0
11355,150,2025-03-23,2056.39,Fuel,0
11356,326,2024-04-17,7090.92,Healthcare,0
11357,149,2025-09-03,5523.37,Electronics,1
11358,306,2024-06-28,4904.86,Travel,0
11359,411,2025-05-08,805.87,Electronics,0
11360,327,2024-08-15,2138.43,Healthcare,0
11361,408,2025-03-05,2779.86,Travel,0
11362,40,2024-05-23,1760.37,Travel,0
11363,354,2024-07-02,2452.18,Online Retail,0
11364,39,2024-11-16,3332.62,Electronics,0
11365,486,2025-11-12,214.26,Travel,0
11366,368,2025-02-17,2464.34,Travel,0
11367,446,2024-12-07,6760.27,Healthcare,0
11368,235,2025-07-15,7432.34,Electronics,0
11369,141,2026-08-04,226.66,Entertainment,0
11370,475,2026-02-28,7565.55,Dining,0
11371,39,2025-01-25,716.22,Entertainment,0
11372,339,2025-05-12,4615.03,Electronics,0
11373,189,2024-08-04,3228.62,Electronics,0
11374,249,2025-12-11,11413.27,Grocery,0
11375,302,2026-04-18,431.73,Entertainment,0
11376,322,2026-04-19,18664.82,Online Retail,1
11377,146,2024-07-22,5025.47,Healthcare,0
11378,89,2025-12-31,3537.41,Grocery,0
11379,338,2024-06-12,1093.07,Grocery,0
11380,199,2024-01-10,1087.41,Fuel,0
11381,26,2025-12-01,7086.6,Entertainment,0
11382,600,2025-02-18,3479.18,Travel,0
11383,334,2024-10-17,236.55,Entertainment,0
11384,63,2025-05-07,2260.07,Healthcare,0
11385,247,2025-02-10,7732.25,Online Retail,0
11386,84,2024-08-24,372.12,Entertainment,0
11387,672,2025-03-15,4505.69,Fuel,0
11388,339,2024-02-04,4075.11,Fuel,0
11389,614,2026-02-02,6389.34,Entertainment,0
11390,240,2026-07-02,2730.83,Travel,1
11391,666,2025-07-13,1166.69,Electronics,0
11392,654,2025-08-28,6095.61,Fuel,0
11393,462,2025-12-23,2598.16,Healthcare,1
11394,293,2025-04-18,1024.7,Electronics,0
11395,681,2026-08-20,3074.65,Entertainment,0
11396,401,2024-10-08,8137.23,Entertainment,0
11397,133,2025-11-24,1939.03,Dining,0
11398,50,2024-10-01,2864.65,Entertainment,0
11399,373,2024-09-28,5286.09,Travel,0
11400,174,2025-02-26,1543.88,Healthcare,0
11401,521,2026-01-17,1396.34,Dining,0
11402,385,2025-02-01,1349.61,Healthcare,0
11403,338,2026-04-08,1728.59,Entertainment,0
11404,198,2025-01-08,4710.41,Grocery,0
11405,150,2025-02-24,1560.15,Online Retail,0
11406,141,2025-05-22,1589.4,Travel,0
11407,458,2025-10-05,604.93,Fuel,0
11408,549,2025-03-01,1010.55,Online Retail,0
11409,680,2025-04-23,3508.09,Grocery,0
11410,474,2024-03-01,3615.94,Online Retail,0
11411,367,2024-05-04,2357.92,Online Retail,0
11412,483,2024-05-16,2410.04,Fuel,0
11413,174,2025-12-11,857.84,Travel,0
11414,614,2024-12-25,4529.7,Travel,0
11415,29,2025-03-08,1906.51,Entertainment,0
11416,634,2025-06-08,3406.25,Entertainment,0
11417,73,2024-12-03,7051.77,Fuel,0
11418,663,2024-05-01,4354.56,Healthcare,1
11419,545,2025-04-01,3139.66,Fuel,0
11420,294,2024-12-01,2523.62,Fuel,1
11421,340,2025-07-21,1505.58,Entertainment,0
11422,206,2025-09-05,1500.74,Grocery,0
11423,147,2026-01-07,1192.42,Healthcare,0
11424,220,2025-05-16,6318.22,Electronics,0
11425,603,2026-06-04,910.81,Dining,0
11426,178,2026-08-31,1681.4,Fuel,0
11427,306,2025-10-29,2641.73,Fuel,0
11428,480,2026-06-27,10525.52,Healthcare,0
11429,558,2026-08-27,554.71,Entertainment,0
11430,213,2026-03-25,621.34,Electronics,0
11431,568,2024-06-02,6069.68,Entertainment,0
11432,123,2025-10-17,3934.8,Dining,0
11433,503,2024-05-30,3116.71,Dining,1
11434,77,2024-10-13,5009.9,Dining,0
11435,681,2026-02-09,934.41,Travel,0
11436,70,2025-06-11,5063.16,Dining,0
11437,628,2025-09-09,3907.98,Healthcare,0
11438,533,2025-01-22,1719.77,Grocery,0
11439,88,2026-04-20,2556.69,Electronics,0
11440,543,2024-12-04,880.22,Fuel,0
11441,241,2025-10-23,4755.5,Dining,0
11442,688,2026-01-24,605.2,Online Retail,0
11443,668,2024-01-13,677.27,Grocery,0
11444,650,2026-04-05,1588.24,Travel,0
11445,459,2025-10-17,83.73,Healthcare,0
11446,628,2024-07-10,2693.38,Travel,0
11447,311,2024-07-25,3316.42,Grocery,0
11448,42,2024-03-08,7009.98,Electronics,1
11449,604,2025-03-11,1938.19,Fuel,0
11450,34,2024-02-24,2944.27,Fuel,0
11451,448,2025-11-05,2520.03,Entertainment,0
11452,379,2024-03-12,5624.68,Entertainment,0
11453,260,2025-10-01,9829.9,Travel,0
11454,518,2025-12-14,3049.3,Electronics,0
11455,190,2025-01-07,1907.67,Healthcare,0
11456,652,2024-12-06,3175.98,Entertainment,0
11457,596,2025-11-26,2485.57,Electronics,0
11458,644,2026-05-29,637.77,Entertainment,0
11459,593,2026-07-09,1544.2,Electronics,0
11460,579,2025-08-29,3782.25,Online Retail,0
11461,643,2024-08-13,5253.39,Electronics,0
11462,643,2024-12-08,11402.4,Online Retail,0
11463,550,2024-04-26,397.54,Healthcare,0
11464,559,2024-01-28,3793.24,Healthcare,0
11465,130,2024-05-11,8790.36,Online Retail,0
11466,123,2026-01-22,2253.12,Fuel,0
11467,272,2025-03-22,4550.4,Healthcare,0
11468,257,2025-07-06,250.95,Entertainment,0
11469,230,2024-10-17,3491.65,Travel,0
11470,209,2024-02-28,7226.55,Electronics,0
11471,181,2025-03-31,5941.0,Electronics,0
11472,398,2025-02-26,2962.61,Online Retail,0
11473,557,2024-03-23,1016.6,Fuel,0
11474,568,2025-10-08,4153.35,Dining,0
11475,88,2024-08-28,3384.7,Grocery,0
11476,379,2025-05-07,6872.59,Electronics,0
11477,336,2024-12-04,1007.28,Dining,0
11478,560,2024-04-03,3665.13,Travel,0
11479,606,2026-06-29,4589.65,Entertainment,0
11480,232,2025-09-03,247.78,Dining,0
11481,553,2024-10-16,1579.31,Online Retail,0
11482,417,2024-08-10,4390.09,Entertainment,0
11483,188,2024-02-16,1240.0,Fuel,0
11484,393,2026-01-26,7096.78,Grocery,0
11485,25,2024-10-30,7572.85,Electronics,0
11486,38,2024-08-02,2132.02,Travel,0
11487,290,2026-07-02,118.33,Dining,0
11488,671,2026-08-31,2201.76,Grocery,0
11489,416,2025-02-20,1708.49,Fuel,0
11490,471,2025-08-07,10073.14,Healthcare,0
11491,599,2026-03-09,1274.6,Fuel,0
11492,314,2025-08-13,1873.55,Healthcare,0
11493,370,2024-09-17,2012.56,Fuel,0
11494,196,2026-01-12,2045.18,Healthcare,1
11495,187,2024-05-12,771.08,Entertainment,0
11496,643,2025-06-17,255.34,Online Retail,0
11497,484,2025-04-29,1345.39,Electronics,0
11498,93,2025-08-02,3216.67,Healthcare,0
11499,282,2025-11-15,5909.47,Dining,0
11500,541,2024-02-28,1853.36,Entertainment,0
11501,578,2026-04-04,2276.1,Electronics,0
11502,462,2024-10-23,1154.4,Fuel,0
11503,17,2024-08-23,3688.92,Dining,0
11504,263,2025-06-03,3271.05,Fuel,0
11505,294,2026-08-19,7064.83,Grocery,0
11506,128,2026-03-24,3102.06,Entertainment,0
11507,296,2025-04-22,5140.31,Travel,0
11508,258,2025-07-27,2032.31,Travel,0
11509,412,2025-05-04,467.86,Dining,0
11510,220,2025-10-28,1622.89,Travel,0
11511,252,2026-04-17,11694.35,Online Retail,0
11512,609,2024-05-17,5744.36,Dining,0
11513,282,2025-02-01,2968.22,Entertainment,0
11514,134,2025-07-07,2364.7,Travel,0
11515,515,2026-01-08,1057.77,Fuel,0
11516,184,2024-04-03,2996.03,Healthcare,0
11517,120,2025-07-07,7295.55,Healthcare,0
11518,535,2026-01-25,2570.7,Healthcare,0
11519,167,2024-05-12,7329.03,Dining,0
11520,5,2024-06-16,14106.92,Entertainment,0
11521,72,2024-02-02,1383.46,Travel,0
11522,521,2026-04-09,1436.25,Healthcare,0
11523,181,2026-06-29,853.34,Electronics,0
11524,277,2025-04-02,1525.98,Fuel,0
11525,354,2026-04-24,1373.22,Dining,0
11526,195,2025-08-02,1552.13,Online Retail,0
11527,133,2026-08-16,283.52,Healthcare,0
11528,50,2024-04-15,1848.39,Grocery,0
11529,52,2025-10-19,7295.1,Fuel,0
11530,641,2025-12-07,3730.08,Entertainment,0
11531,698,2025-09-21,1758.1,Electronics,0
11532,449,2025-04-27,3959.05,Healthcare,0
11533,319,2024-07-22,4618.58,Online Retail,0
11534,568,2024-06-14,1733.76,Grocery,0
11535,583,2025-09-18,4349.95,Grocery,0
11536,310,2025-07-19,16.73,Travel,0
11537,518,2025-04-21,8986.86,Electronics,0
11538,68,2024-02-08,3159.43,Travel,0
11539,116,2025-01-02,5068.57,Electronics,0
11540,593,2026-04-25,5385.7,Healthcare,0
11541,359,2025-10-27,18163.66,Online Retail,0
11542,571,2026-01-10,14430.26,Electronics,0
11543,398,2024-03-23,1819.63,Travel,0
11544,82,2025-03-17,3870.96,Online Retail,0
11545,111,2025-05-06,6143.77,Entertainment,0
11546,373,2026-01-29,4428.15,Entertainment,0
11547,79,2026-01-09,521.38,Grocery,0
11548,592,2024-04-04,2723.9,Fuel,0
11549,185,2026-03-20,8656.84,Entertainment,0
11550,487,2024-02-09,1799.43,Entertainment,0
11551,183,2025-04-22,2538.8,Grocery,0
11552,543,2024-08-29,1668.83,Grocery,0
11553,195,2024-12-09,3749.07,Entertainment,0
11554,362,2025-02-20,4568.24,Electronics,0
11555,177,2025-07-12,3662.96,Electronics,0
11556,613,2024-02-01,873.95,Electronics,0
11557,383,2024-05-05,434.12,Grocery,0
11558,366,2025-11-03,6724.39,Dining,0
11559,207,2024-03-30,5108.49,Travel,0
11560,129,2024-08-26,1417.98,Grocery,0
11561,541,2026-03-09,6393.86,Travel,0
11562,38,2024-07-26,243.3,Travel,0
11563,37,2024-05-03,924.87,Online Retail,0
11564,459,2025-04-11,1199.69,Electronics,0
11565,436,2025-02-10,3085.3,Entertainment,0
11566,230,2024-05-01,13027.22,Grocery,0
11567,541,2025-02-05,524.75,Dining,0
11568,42,2026-04-07,849.98,Entertainment,0
11569,307,2026-08-16,5308.65,Travel,0
11570,635,2024-03-04,2417.65,Healthcare,0
11571,224,2025-11-18,4468.06,Travel,0
11572,550,2025-11-01,3325.9,Grocery,0
11573,213,2026-01-17,3992.09,Entertainment,0
11574,163,2026-01-19,144.19,Healthcare,0
11575,230,2025-10-15,2273.12,Grocery,0
11576,204,2026-04-28,7772.84,Fuel,0
11577,83,2024-09-22,12890.84,Dining,0
11578,637,2024-05-04,4022.77,Online Retail,0
11579,407,2024-12-18,12470.32,Electronics,0
11580,674,2024-07-09,3710.2,Travel,0
11581,437,2024-06-27,3666.29,Travel,0
11582,625,2024-02-13,4002.82,Healthcare,0
11583,273,2025-06-12,1166.24,Travel,0
11584,132,2026-03-14,1305.21,Travel,0
11585,670,2024-03-16,948.22,Healthcare,0
11586,578,2025-10-05,1070.03,Electronics,0
11587,639,2026-05-31,514.64,Travel,0
11588,647,2025-04-12,3427.5,Dining,0
11589,209,2024-07-10,1130.45,Entertainment,1
11590,382,2025-10-17,2078.65,Travel,0
11591,513,2024-07-27,3153.61,Online Retail,0
11592,616,2024-05-06,7766.96,Travel,0
11593,82,2025-04-17,557.41,Travel,0
11594,653,2024-01-15,4481.31,Entertainment,0
11595,531,2024-11-07,2249.55,Grocery,0
11596,332,2026-02-03,859.17,Electronics,0
11597,516,2024-06-11,2258.19,Electronics,0
11598,199,2025-05-18,5236.69,Electronics,0
11599,250,2026-08-19,5230.29,Fuel,0
11600,140,2024-07-31,902.25,Electronics,0
11601,271,2024-09-29,2534.51,Healthcare,0
11602,217,2025-11-15,2537.55,Online Retail,0
11603,411,2025-12-22,479.15,Dining,0
11604,304,2025-04-20,1685.68,Dining,0
11605,197,2025-12-08,2060.07,Dining,0
11606,271,2025-09-07,10859.12,Dining,0
11607,401,2024-08-26,4220.99,Entertainment,0
11608,555,2026-03-13,2698.55,Travel,0
11609,622,2024-09-27,4458.8,Dining,0
11610,186,2025-10-22,1686.49,Travel,0
11611,312,2025-06-05,3901.96,Electronics,0
11612,500,2025-06-06,681.31,Fuel,0
11613,143,2026-04-19,1261.81,Electronics,0
11614,516,2026-06-02,1503.63,Online Retail,0
11615,391,2025-12-22,158.12,Healthcare,0
11616,97,2025-08-05,5732.9,Online Retail,0
11617,457,2024-10-22,5651.35,Dining,0
11618,113,2025-12-03,900.3,Online Retail,0
11619,369,2024-02-12,355.63,Healthcare,0
11620,218,2024-04-09,4035.59,Dining,0
11621,17,2025-08-15,1020.77,Fuel,0
11622,473,2024-09-23,4681.75,Travel,1
11623,469,2025-04-08,4023.63,Electronics,0
11624,191,2026-07-07,6610.79,Grocery,0
11625,26,2024-12-01,1256.81,Electronics,0
11626,618,2025-02-15,1598.29,Travel,0
11627,293,2025-09-22,1023.36,Electronics,0
11628,599,2025-12-19,192.62,Healthcare,0
11629,291,2026-07-16,2376.24,Grocery,0
11630,520,2024-11-06,7815.24,Travel,0
11631,593,2026-05-30,2273.11,Fuel,0
11632,478,2024-08-02,1034.92,Electronics,0
11633,604,2025-10-11,1191.67,Healthcare,0
11634,46,2024-03-18,1613.89,Online Retail,0
11635,543,2026-07-24,3970.59,Online Retail,0
11636,503,2026-02-08,5356.04,Healthcare,0
11637,574,2025-01-20,285.7,Entertainment,0
11638,445,2026-05-27,1446.66,Fuel,0
11639,154,2024-04-08,3119.37,Entertainment,0
11640,425,2024-12-21,5616.1,Entertainment,0
11641,502,2025-03-16,1372.42,Entertainment,0
11642,697,2025-10-05,6140.98,Healthcare,0
11643,525,2025-10-05,3320.22,Healthcare,0
11644,589,2024-02-21,2553.37,Entertainment,0
11645,545,2026-02-20,1323.86,Dining,0
11646,72,2024-05-20,3540.04,Electronics,0
11647,557,2026-07-03,166.99,Travel,0
11648,494,2025-02-02,2240.79,Travel,0
11649,115,2025-05-19,4792.53,Grocery,0
11650,132,2025-01-16,2944.24,Fuel,0
11651,180,2024-12-29,2673.02,Entertainment,0
11652,411,2025-03-14,1294.03,Entertainment,0
11653,549,2024-10-01,3117.7,Travel,0
11654,617,2026-06-01,5122.48,Dining,1
11655,104,2025-08-14,2689.92,Electronics,0
11656,687,2025-03-18,4735.96,Dining,0
11657,87,2025-11-06,2757.54,Grocery,0
11658,412,2024-02-26,3925.06,Grocery,0
11659,684,2025-09-08,6395.5,Electronics,0
11660,292,2024-06-14,5656.07,Online Retail,0
11661,678,2024-07-09,11996.78,Healthcare,0
11662,443,2025-10-04,8503.42,Healthcare,0
11663,236,2025-03-11,1337.19,Entertainment,1
11664,614,2024-06-21,2675.7,Grocery,0
11665,7,2024-03-13,505.76,Travel,0
11666,535,2025-08-17,526.32,Fuel,0
11667,279,2025-05-22,855.2,Healthcare,0
11668,501,2024-08-19,1210.35,Grocery,0
11669,19,2024-07-27,409.88,Fuel,0
11670,634,2025-12-25,3312.5,Electronics,0
11671,101,2026-05-16,1168.01,Travel,0
11672,425,2026-07-02,4087.92,Online Retail,0
11673,157,2026-02-27,1836.88,Travel,0
11674,647,2024-08-19,831.16,Online Retail,0
11675,588,2025-12-14,3427.88,Dining,0
11676,586,2025-01-11,16671.51,Entertainment,0
11677,263,2024-04-19,1522.49,Electronics,0
11678,128,2024-06-14,5544.17,Electronics,1
11679,6,2025-03-11,201.58,Online Retail,0
11680,142,2024-09-30,2036.96,Entertainment,0
11681,446,2024-06-24,2423.16,Grocery,0
11682,239,2026-01-21,6647.84,Fuel,0
11683,50,2024-02-12,6143.15,Entertainment,0
11684,700,2026-07-20,1458.69,Healthcare,0
11685,626,2025-01-27,6425.72,Healthcare,0
11686,307,2024-11-15,904.87,Fuel,0
11687,172,2024-11-01,2479.23,Travel,0
11688,312,2025-10-19,10844.87,Online Retail,0
11689,167,2026-06-14,1120.54,Dining,0
11690,51,2024-09-19,5279.05,Travel,0
11691,278,2026-06-21,1093.8,Dining,0
11692,115,2026-06-05,4892.02,Electronics,0
11693,76,2026-06-30,3036.72,Entertainment,0
11694,689,2025-08-25,1896.34,Electronics,0
11695,17,2024-01-14,426.73,Dining,0
11696,581,2024-10-29,1563.17,Dining,0
11697,641,2025-05-20,4141.79,Entertainment,0
11698,303,2026-02-15,16046.1,Dining,0
11699,605,2024-01-18,4035.6,Healthcare,0
11700,355,2025-07-21,6796.12,Fuel,0
11701,642,2025-08-12,1875.69,Healthcare,0
11702,581,2024-02-10,2032.76,Dining,0
11703,474,2025-05-10,2157.07,Online Retail,0
11704,402,2025-02-10,12533.72,Entertainment,0
11705,10,2025-02-23,1734.32,Online Retail,0
11706,198,2025-12-28,733.98,Dining,0
11707,682,2024-02-21,340.54,Dining,0
11708,645,2026-01-02,1128.33,Fuel,0
11709,497,2024-04-12,3717.24,Grocery,0
11710,347,2025-11-23,2528.06,Electronics,0
11711,291,2024-11-01,4319.42,Fuel,0
11712,294,2025-05-22,6360.13,Travel,0
11713,513,2024-08-23,997.07,Healthcare,0
11714,187,2026-08-16,3063.38,Travel,0
11715,397,2024-06-23,2484.78,Grocery,0
11716,439,2025-02-04,1160.43,Dining,0
11717,471,2026-04-10,1121.72,Dining,0
11718,117,2025-01-04,6262.59,Travel,0
11719,577,2024-01-28,2820.04,Travel,0
11720,304,2024-07-14,495.43,Fuel,0
11721,656,2024-07-31,4667.04,Dining,1
11722,311,2024-03-19,1336.69,Online Retail,0
11723,558,2026-06-13,2870.84,Electronics,0
11724,79,2026-03-18,67.91,Healthcare,0
11725,628,2026-04-29,1341.45,Online Retail,0
11726,19,2025-06-20,3691.04,Electronics,0
11727,398,2024-12-12,751.14,Online Retail,0
11728,524,2026-04-14,337.53,Dining,1
11729,237,2026-02-23,1308.83,Dining,0
11730,670,2025-12-09,3482.62,Fuel,0
11731,469,2024-05-28,5847.76,Travel,0
11732,632,2026-04-01,5345.59,Entertainment,0
11733,390,2025-09-16,4798.28,Travel,0
11734,495,2025-11-13,8099.19,Entertainment,0
11735,40,2026-05-11,6101.41,Electronics,0
11736,47,2024-09-17,3863.98,Electronics,0
11737,404,2025-04-05,2948.22,Entertainment,0
11738,261,2024-11-26,2537.09,Fuel,0
11739,293,2024-06-11,1609.05,Electronics,0
11740,431,2025-05-11,2190.18,Dining,0
11741,259,2025-07-18,1067.3,Dining,0
11742,698,2024-09-18,4629.28,Healthcare,0
11743,508,2025-12-30,583.77,Fuel,0
11744,423,2024-10-21,4880.91,Grocery,0
11745,620,2026-04-23,15153.96,Online Retail,0
11746,17,2025-12-19,382.29,Healthcare,0
11747,138,2025-01-04,4586.54,Healthcare,1
11748,581,2025-12-17,1488.66,Electronics,0
11749,557,2024-10-03,6211.56,Dining,0
11750,409,2025-08-05,3251.06,Grocery,0
11751,119,2025-10-30,510.84,Fuel,0
11752,208,2024-07-15,2592.55,Travel,0
11753,404,2024-08-31,3266.49,Entertainment,0
11754,60,2024-05-01,1804.87,Electronics,0
11755,594,2024-08-24,2845.01,Grocery,0
11756,232,2025-11-12,1703.1,Online Retail,0
11757,635,2024-06-26,1773.08,Dining,0
11758,374,2026-05-13,95.26,Online Retail,0
11759,216,2024-12-24,281.64,Electronics,0
11760,29,2024-10-20,332.28,Healthcare,0
11761,574,2025-03-04,1012.69,Grocery,0
11762,464,2025-09-10,288.15,Dining,0
11763,616,2025-12-07,543.18,Electronics,0
11764,153,2025-10-20,2928.51,Online Retail,0
11765,121,2024-04-15,4298.08,Electronics,0
11766,165,2026-05-01,1831.3,Dining,0
11767,270,2025-02-19,2834.49,Fuel,0
11768,264,2026-04-18,3040.72,Travel,0
11769,544,2025-10-03,10950.0,Healthcare,0
11770,668,2024-03-11,274.48,Travel,0
11771,11,2025-06-15,2036.4,Entertainment,0
11772,374,2026-03-22,309.83,Online Retail,0
11773,439,2026-02-07,2896.85,Entertainment,0
11774,168,2025-12-08,580.75,Grocery,0
11775,291,2026-05-20,1368.27,Entertainment,0
11776,513,2025-07-03,265.96,Entertainment,0
11777,363,2024-07-26,1721.44,Fuel,0
11778,45,2024-01-03,1862.97,Entertainment,0
11779,293,2026-06-04,1802.15,Dining,0
11780,229,2025-09-23,4691.77,Dining,0
11781,137,2026-05-13,2622.03,Dining,0
11782,73,2026-02-12,1033.3,Online Retail,0
11783,244,2024-12-20,2234.78,Entertainment,0
11784,603,2024-06-12,1158.05,Electronics,0
11785,603,2026-03-03,545.83,Fuel,0
11786,110,2026-04-14,1085.56,Dining,0
11787,428,2025-05-17,750.96,Online Retail,0
11788,517,2024-08-29,4406.66,Dining,0
11789,335,2026-03-01,6801.75,Grocery,0
11790,25,2026-03-29,2284.37,Healthcare,0
11791,495,2025-12-30,698.32,Entertainment,0
11792,117,2025-05-28,8121.73,Entertainment,0
11793,129,2026-07-27,14282.99,Fuel,0
11794,200,2026-07-11,166.4,Travel,0
11795,59,2024-08-03,1938.33,Fuel,0
11796,656,2024-10-31,883.02,Healthcare,0
11797,385,2025-12-18,312.85,Healthcare,0
11798,571,2024-05-30,3242.73,Fuel,0
11799,9,2024-01-14,712.03,Grocery,0
11800,133,2025-05-17,631.24,Electronics,0
11801,104,2026-06-17,5878.73,Grocery,0
11802,51,2026-05-06,2070.31,Fuel,0
11803,502,2024-07-12,4684.05,Entertainment,0
11804,117,2024-08-08,6861.09,Fuel,0
11805,632,2024-12-30,14605.22,Electronics,0
11806,524,2026-06-22,2290.2,Grocery,0
11807,200,2026-04-02,7594.21,Grocery,0
11808,189,2026-06-02,4211.33,Travel,0
11809,268,2025-04-10,2960.31,Entertainment,0
11810,378,2024-03-17,2866.21,Grocery,0
11811,477,2025-10-09,3275.24,Dining,0
11812,314,2026-05-28,2213.39,Dining,0
11813,564,2024-12-18,337.92,Healthcare,0
11814,539,2024-08-22,887.72,Fuel,0
11815,183,2025-06-25,69.1,Entertainment,0
11816,278,2024-08-22,3853.26,Healthcare,0
11817,579,2026-04-04,298.3,Electronics,0
11818,508,2025-01-26,605.59,Fuel,0
11819,681,2026-05-20,821.85,Grocery,0
11820,68,2025-08-11,2296.54,Online Retail,0
11821,62,2025-03-20,4044.9,Grocery,0
11822,354,2025-03-19,3285.64,Online Retail,0
11823,158,2025-12-03,5224.87,Travel,0
11824,519,2024-08-26,5810.19,Online Retail,0
11825,509,2025-03-31,3552.5,Electronics,0
11826,312,2026-04-22,1492.3,Travel,0
11827,26,2026-07-05,285.83,Entertainment,0
11828,246,2024-02-12,1245.86,Fuel,0
11829,199,2025-12-10,797.97,Entertainment,0
11830,278,2026-03-31,2474.59,Healthcare,0
11831,592,2025-02-24,5281.34,Dining,0
11832,518,2024-08-15,1200.41,Travel,0
11833,478,2025-04-30,13396.52,Travel,0
11834,11,2026-05-28,777.81,Dining,0
11835,449,2024-06-27,1778.96,Dining,0
11836,365,2024-11-04,691.34,Electronics,0
11837,429,2026-07-06,995.53,Healthcare,0
11838,286,2025-10-07,2834.67,Electronics,0
11839,352,2024-09-05,2232.37,Electronics,0
11840,236,2025-10-23,3898.64,Electronics,0
11841,537,2024-06-25,3943.47,Electronics,0
11842,281,2025-12-03,5498.93,Online Retail,0
11843,606,2025-03-16,3121.8,Travel,0
11844,648,2026-05-11,1637.01,Grocery,0
11845,557,2025-12-09,1762.26,Fuel,0
11846,368,2024-04-27,2791.58,Dining,0
11847,338,2025-10-27,2149.17,Online Retail,0
11848,365,2025-10-05,2736.58,Electronics,0
11849,545,2024-09-05,345.64,Entertainment,0
11850,604,2025-05-18,1516.1,Electronics,0
11851,529,2024-09-15,114.55,Grocery,0
11852,502,2025-12-21,8626.24,Travel,0
11853,320,2024-08-17,2355.11,Travel,0
11854,180,2025-02-02,4359.49,Entertainment,0
11855,234,2025-08-11,4646.37,Travel,0
11856,699,2024-02-16,6778.85,Fuel,0
11857,288,2026-07-22,2650.42,Grocery,0
11858,338,2024-02-10,1163.04,Fuel,0
11859,346,2026-05-17,2826.06,Healthcare,0
11860,246,2025-09-27,5142.3,Online Retail,0
11861,103,2025-05-06,1094.1,Dining,0
11862,154,2025-04-21,1691.2,Fuel,0
11863,153,2025-01-03,1013.7,Fuel,0
11864,140,2025-12-02,2115.07,Dining,0
11865,72,2025-01-20,4433.42,Dining,0
11866,654,2025-05-28,2933.41,Entertainment,0
11867,51,2026-02-25,1140.32,Travel,0
11868,83,2025-09-27,4476.27,Entertainment,0
11869,397,2025-09-26,674.47,Electronics,0
11870,644,2025-07-08,9369.65,Dining,0
11871,489,2024-02-10,7948.17,Entertainment,0
11872,92,2024-03-07,10050.8,Electronics,0
11873,430,2024-03-14,1094.39,Grocery,0
11874,416,2024-09-21,693.68,Online Retail,0
11875,509,2025-04-14,6151.54,Fuel,0
11876,205,2024-08-21,7631.41,Dining,0
11877,285,2025-06-03,3394.62,Entertainment,0
11878,677,2026-05-03,10241.93,Dining,0
11879,560,2026-07-25,657.96,Travel,0
11880,181,2025-10-02,6137.36,Dining,0
11881,524,2024-05-17,3683.18,Dining,0
11882,602,2025-12-26,519.13,Online Retail,0
11883,498,2026-02-26,6891.56,Online Retail,0
11884,440,2026-02-03,486.77,Dining,0
11885,537,2026-05-23,4831.61,Travel,0
11886,378,2024-01-05,6780.09,Fuel,0
11887,163,2025-01-03,6673.3,Electronics,0
11888,341,2025-07-29,2094.95,Electronics,0
11889,399,2024-06-06,1791.76,Grocery,0
11890,533,2025-01-22,1480.59,Travel,0
11891,543,2024-08-28,3785.81,Grocery,0
11892,92,2024-07-30,1109.25,Online Retail,0
11893,70,2025-10-08,9232.24,Travel,1
11894,112,2025-10-11,7565.81,Grocery,0
11895,173,2024-03-09,3396.69,Online Retail,0
11896,195,2025-10-27,3619.45,Entertainment,0
11897,344,2026-05-13,224.79,Grocery,0
11898,501,2024-02-09,1514.2,Electronics,0
11899,290,2026-01-07,866.84,Healthcare,0
11900,316,2025-11-16,2657.67,Healthcare,0
11901,640,2026-02-13,1678.43,Dining,0
11902,527,2026-07-28,2278.42,Dining,0
11903,526,2025-12-22,3156.2,Fuel,0
11904,526,2024-12-15,210.68,Fuel,0
11905,29,2024-05-05,1010.05,Travel,0
11906,514,2026-06-01,4974.82,Healthcare,0
11907,326,2025-12-13,1660.76,Online Retail,0
11908,442,2025-03-11,4315.81,Dining,0
11909,534,2025-08-07,8763.79,Healthcare,0
11910,36,2025-06-03,5543.86,Electronics,0
11911,469,2024-02-19,430.32,Grocery,0
11912,619,2024-09-04,100.9,Travel,0
11913,377,2024-10-04,2782.41,Entertainment,0
11914,461,2025-08-27,1115.63,Online Retail,0
11915,60,2025-02-16,2697.6,Fuel,0
11916,529,2025-02-16,1180.78,Fuel,0
11917,641,2025-06-13,459.11,Online Retail,0
11918,248,2026-05-17,6394.65,Entertainment,0
11919,291,2024-06-25,2957.62,Fuel,0
11920,363,2024-04-20,1434.08,Travel,0
11921,102,2025-05-29,13421.85,Grocery,0
11922,64,2026-04-14,815.22,Grocery,0
11923,60,2026-07-22,6735.85,Dining,0
11924,112,2024-11-20,928.2,Online Retail,0
11925,550,2024-12-11,1724.99,Electronics,0
11926,441,2026-03-22,6048.6,Electronics,1
11927,429,2024-05-27,1664.94,Fuel,0
11928,53,2024-12-19,4326.11,Electronics,0
11929,177,2025-04-02,3500.59,Entertainment,0
11930,656,2024-10-15,8614.6,Healthcare,1
11931,374,2025-03-15,2552.0,Dining,0
11932,57,2026-08-21,2014.61,Healthcare,0
11933,663,2026-06-13,9683.43,Electronics,0
11934,396,2025-01-08,1463.51,Electronics,0
11935,346,2025-03-26,4253.47,Fuel,0
11936,418,2026-06-20,2643.13,Healthcare,0
11937,274,2024-08-25,5268.77,Travel,1
11938,480,2025-07-10,2593.1,Electronics,0
11939,216,2024-08-06,1785.96,Entertainment,0
11940,249,2025-09-10,6169.87,Dining,0
11941,128,2024-02-03,2350.34,Dining,0
11942,138,2024-07-27,5458.1,Travel,0
11943,638,2025-12-23,7998.05,Healthcare,0
11944,141,2025-11-07,5860.64,Electronics,0
11945,121,2024-09-18,520.82,Dining,0
11946,334,2024-07-17,1815.32,Grocery,0
11947,39,2026-02-07,2271.2,Electronics,0
11948,288,2026-08-13,4926.98,Entertainment,0
11949,100,2025-06-20,2781.62,Online Retail,0
11950,181,2025-12-04,7755.5,Electronics,0
11951,128,2025-11-24,1365.18,Grocery,0
11952,607,2026-05-28,6031.53,Travel,0
11953,298,2024-07-17,3596.67,Healthcare,0
11954,2,2025-07-08,1788.58,Online Retail,0
11955,637,2024-05-31,3584.65,Entertainment,0
11956,699,2024-11-20,12515.11,Online Retail,0
11957,95,2025-02-11,3299.87,Fuel,0
11958,70,2026-06-28,2355.6,Entertainment,0
11959,103,2024-12-13,4244.87,Electronics,0
11960,190,2024-01-26,2944.9,Electronics,0
11961,307,2025-05-08,1714.93,Electronics,0
11962,556,2025-02-18,2078.75,Fuel,0
11963,633,2025-12-30,11253.9,Online Retail,0
11964,601,2024-01-03,6180.2,Online Retail,0
11965,649,2026-06-05,1096.19,Electronics,0
11966,39,2025-12-22,1746.39,Online Retail,0
11967,666,2025-08-02,3976.79,Fuel,0
11968,459,2026-04-18,4390.26,Entertainment,0
11969,89,2024-08-08,2231.22,Healthcare,1
11970,696,2025-01-25,1300.48,Electronics,0
11971,494,2024-10-15,437.21,Healthcare,0
11972,527,2024-09-25,4260.44,Grocery,0
11973,454,2026-06-02,994.61,Grocery,0
11974,549,2026-05-31,4199.32,Electronics,0
11975,22,2024-07-23,7696.78,Online Retail,0
11976,390,2024-08-31,3126.46,Entertainment,0
11977,471,2024-04-02,770.79,Grocery,0
11978,604,2024-05-30,27.1,Entertainment,0
11979,488,2026-06-17,409.75,Travel,0
11980,174,2024-07-06,7028.05,Travel,0
11981,460,2024-01-26,13512.12,Travel,0
11982,173,2026-05-02,515.24,Grocery,0
11983,151,2025-12-31,3482.79,Dining,0
11984,433,2025-11-25,4937.24,Online Retail,0
11985,233,2024-05-21,6362.08,Online Retail,0
11986,233,2024-01-19,76.89,Online Retail,0
11987,388,2025-10-11,994.05,Entertainment,1
11988,136,2025-06-25,773.04,Fuel,0
11989,97,2024-06-30,8643.74,Electronics,0
11990,306,2025-03-18,5021.09,Travel,0
11991,112,2026-05-24,7938.0,Online Retail,0
11992,515,2026-05-31,810.75,Online Retail,0
11993,490,2024-02-18,9827.6,Electronics,0
11994,661,2024-02-03,4005.02,Online Retail,0
11995,116,2024-10-23,1061.32,Travel,0
11996,524,2026-01-01,3542.27,Grocery,0
11997,12,2026-02-02,4253.31,Healthcare,0
11998,433,2025-05-25,3667.0,Travel,0
11999,130,2025-07-07,6778.51,Grocery,0
12000,506,2025-04-04,3159.83,Entertainment,0
