TRANSACTION_ID,ACCOUNT_ID,TXN_DATE,AMOUNT
1,418,2024-05-15,2056.75
2,19,2026-02-17,15749.75
3,666,2026-01-01,2748.03
4,432,2025-08-02,3845.8
5,423,2026-05-09,8801.33
6,786,2026-02-11,2869.76
7,43,2026-05-27,4725.86
8,850,2024-09-10,58.63
9,26,2024-04-23,3033.87
10,327,2024-11-29,6404.25
11,125,2026-03-20,749.42
12,471,2026-06-20,9965.6
13,537,2024-04-17,4470.13
14,578,2026-04-14,1833.54
15,719,2025-04-11,3465.0
16,676,2026-03-08,4735.57
17,854,2025-10-27,1538.71
18,405,2024-02-28,3914.14
19,158,2025-04-17,1805.67
20,141,2024-03-27,1021.96
21,248,2024-11-27,12396.44
22,543,2026-01-08,1769.92
23,49,2025-10-28,1445.48
24,860,2025-11-18,6324.94
25,891,2025-10-06,2549.79
26,149,2024-01-15,1633.0
27,703,2025-07-22,6470.35
28,537,2025-04-17,3370.56
29,433,2025-05-30,7176.31
30,662,2024-07-26,10236.39
31,519,2025-11-19,2487.39
32,292,2025-08-15,6044.1
33,506,2025-01-27,10600.9
34,123,2024-02-25,12786.72
35,229,2024-03-08,2002.47
36,876,2024-12-16,8014.07
37,167,2025-06-08,197.45
38,539,2026-08-29,4417.14
39,268,2025-12-06,750.54
40,419,2025-04-18,2487.96
41,223,2024-10-18,17106.1
42,512,2024-06-13,7290.75
43,502,2024-05-17,774.61
44,556,2024-03-11,1126.66
45,278,2026-06-08,8644.47
46,521,2024-01-16,8425.85
47,657,2026-04-22,8777.51
48,648,2025-07-22,4399.04
49,512,2025-08-25,7264.61
50,270,2026-07-23,2603.96
51,480,2026-02-05,2493.06
52,484,2024-05-23,4188.98
53,857,2026-08-02,1602.28
54,340,2024-06-20,1332.44
55,291,2025-07-09,5734.98
56,675,2025-09-16,6157.92
57,572,2024-08-26,1369.6
58,385,2025-09-06,2015.03
59,1,2025-09-14,5082.8
60,635,2026-08-13,4730.43
61,664,2026-06-10,4403.51
62,838,2025-01-24,1446.19
63,453,2025-11-03,18804.06
64,464,2026-03-11,2279.13
65,188,2024-01-26,5259.51
66,414,2025-10-29,1016.3
67,2,2026-06-13,3372.08
68,451,2024-04-27,1333.45
69,637,2026-01-04,2188.1
70,708,2024-02-28,4474.59
71,597,2025-01-26,9831.99
72,725,2026-03-10,1963.92
73,599,2026-08-20,4289.32
74,702,2025-12-10,5202.49
75,394,2025-12-04,6387.43
76,542,2024-09-09,328.22
77,576,2026-03-15,7156.3
78,516,2025-10-04,5252.31
79,515,2026-07-08,4397.59
80,704,2025-08-10,1728.11
81,216,2024-02-08,4743.04
82,286,2025-05-13,15238.27
83,467,2026-01-25,9009.22
84,581,2026-02-07,2475.81
85,464,2025-01-11,4341.91
86,180,2024-06-15,4459.21
87,742,2026-04-27,2841.28
88,492,2026-03-13,809.69
89,391,2026-05-06,2516.97
90,791,2025-10-15,5578.18
91,393,2026-03-18,2462.53
92,146,2025-01-27,3370.35
93,886,2026-01-29,9922.91
94,345,2025-04-21,3389.68
95,806,2026-02-13,3589.97
96,466,2024-05-22,4012.9
97,219,2024-10-16,2249.06
98,339,2024-07-28,7337.61
99,820,2025-01-31,1020.2
100,851,2026-03-05,2237.68
101,125,2024-04-22,4361.6
102,889,2025-12-13,2611.29
103,769,2026-03-20,11918.13
104,583,2025-10-16,3621.54
105,165,2025-09-21,3533.17
106,528,2024-05-14,1365.47
107,384,2025-08-20,2662.93
108,113,2024-08-08,7086.12
109,886,2024-08-27,1820.89
110,544,2026-04-19,467.76
111,88,2025-08-22,3106.61
112,308,2026-08-26,3774.35
113,756,2025-03-19,2387.84
114,398,2024-12-14,10036.32
115,446,2026-08-28,17074.8
116,129,2025-08-29,4336.93
117,100,2026-04-21,2637.17
118,881,2024-02-13,5580.62
119,858,2025-05-27,10089.02
120,86,2026-03-07,1968.79
121,495,2026-02-27,6792.36
122,613,2025-11-28,3103.82
123,793,2024-06-09,8595.21
124,504,2025-06-17,1366.16
125,783,2024-04-08,11051.35
126,109,2026-02-20,4460.22
127,14,2025-09-06,5566.9
128,419,2024-07-07,1132.62
129,239,2025-12-09,1094.16
130,680,2025-12-02,4851.13
131,304,2024-02-21,5708.03
132,367,2024-03-27,2861.54
133,482,2024-07-14,6203.29
134,866,2024-03-09,1123.46
135,65,2025-06-07,737.13
136,498,2026-05-07,4035.24
137,351,2024-03-02,1074.38
138,33,2025-08-22,486.41
139,734,2025-02-17,1489.81
140,823,2026-03-26,5546.78
141,156,2025-04-15,4381.15
142,684,2025-10-13,10186.77
143,632,2026-06-17,4636.93
144,635,2024-05-12,1176.04
145,415,2024-11-03,5852.62
146,289,2024-09-19,1913.62
147,64,2024-06-13,2810.24
148,32,2025-09-23,1950.76
149,160,2024-01-08,993.14
150,476,2025-01-11,23798.6
151,127,2024-04-28,1621.48
152,618,2025-08-22,396.32
153,558,2026-01-02,6428.76
154,311,2025-03-31,251.07
155,79,2025-03-09,3126.73
156,466,2025-03-14,7227.0
157,741,2024-07-12,3627.4
158,355,2025-01-01,2701.95
159,726,2026-06-28,1591.98
160,258,2024-02-10,10209.23
161,73,2026-02-06,2679.27
162,585,2024-06-09,6323.68
163,800,2024-04-21,7722.17
164,796,2024-10-05,3001.17
165,864,2024-09-19,1205.08
166,97,2024-11-04,7868.85
167,40,2026-04-08,3132.8
168,513,2026-06-01,3455.33
169,856,2025-11-06,2518.86
170,899,2024-05-22,7645.81
171,252,2026-07-10,1039.62
172,338,2026-04-06,3495.71
173,599,2024-03-15,1238.63
174,823,2025-01-12,2509.74
175,158,2026-01-26,8477.9
176,879,2024-03-27,8395.72
177,736,2024-03-15,2894.34
178,62,2025-08-13,4633.83
179,758,2024-11-24,4557.74
180,578,2025-03-06,1244.58
181,881,2026-01-01,5666.47
182,189,2025-06-15,1398.96
183,894,2025-11-24,2367.36
184,43,2024-05-02,422.4
185,69,2024-01-03,6481.26
186,403,2024-09-02,7675.48
187,593,2024-07-15,4780.84
188,151,2024-11-11,3646.01
189,246,2026-01-29,2245.29
190,351,2024-05-28,6615.77
191,114,2024-05-02,12099.35
192,159,2024-07-14,1621.25
193,134,2024-11-14,2960.58
194,859,2024-07-11,1159.97
195,843,2024-06-28,3664.34
196,566,2025-07-19,2483.72
197,616,2024-04-18,3165.07
198,124,2024-05-30,6685.48
199,46,2026-03-26,8245.26
200,340,2024-01-18,959.8
201,886,2024-02-29,4517.13
202,431,2024-03-08,10235.99
203,728,2025-06-06,5383.79
204,333,2025-11-08,1275.24
205,279,2025-11-06,7961.41
206,731,2025-11-03,5696.81
207,424,2024-02-26,5248.08
208,659,2024-12-01,2881.0
209,654,2025-09-09,4985.8
210,655,2025-10-27,22800.24
211,609,2024-11-21,321.2
212,729,2026-04-05,2342.62
213,417,2026-03-23,2573.32
214,273,2026-01-16,15599.71
215,462,2026-02-16,1159.15
216,293,2026-08-08,1076.5
217,39,2026-02-13,587.77
218,326,2025-07-24,2316.83
219,451,2025-01-23,5229.3
220,469,2024-12-18,3417.14
221,307,2026-03-12,1363.95
222,653,2024-10-15,4993.84
223,257,2025-09-06,3455.33
224,583,2025-05-05,9335.37
225,243,2025-01-04,1837.82
226,888,2025-03-15,1663.66
227,585,2024-03-19,6946.17
228,502,2025-11-22,1109.29
229,387,2024-03-06,562.12
230,681,2024-03-12,3356.46
231,384,2024-09-02,5370.67
232,723,2025-06-02,503.94
233,144,2024-10-19,7563.08
234,739,2026-05-08,431.55
235,866,2026-06-23,1942.89
236,219,2025-01-18,3440.67
237,202,2026-09-01,10036.12
238,860,2024-03-27,10507.88
239,366,2024-05-20,4052.94
240,626,2024-12-04,2290.39
241,172,2026-07-08,2433.2
242,385,2025-05-06,14483.65
243,633,2025-11-19,8758.71
244,806,2025-09-28,4812.66
245,393,2025-05-01,4166.22
246,68,2026-06-27,3835.75
247,373,2026-07-19,295.83
248,579,2025-03-12,22.85
249,788,2025-11-26,2792.46
250,751,2025-08-31,953.22
251,684,2025-08-01,4210.91
252,149,2024-04-09,3938.3
253,468,2024-07-23,543.49
254,519,2026-08-23,4285.6
255,422,2024-08-26,4501.62
256,831,2025-09-27,4393.42
257,864,2026-06-07,1859.47
258,190,2025-08-10,5159.35
259,861,2024-07-28,5446.51
260,762,2026-04-18,5120.85
261,635,2024-02-01,2664.83
262,344,2025-12-06,11089.42
263,685,2024-09-16,9383.2
264,528,2025-09-16,3653.87
265,810,2025-04-13,1687.54
266,641,2025-07-08,1481.28
267,868,2025-01-07,5543.84
268,378,2025-05-30,783.86
269,75,2026-07-01,5878.71
270,443,2026-03-16,643.98
271,898,2025-02-12,3128.47
272,590,2026-07-06,5510.28
273,633,2026-05-16,1554.3
274,563,2025-09-03,7449.33
275,534,2025-08-02,2369.51
276,56,2024-02-04,3407.88
277,372,2025-05-26,208.18
278,78,2024-07-26,618.77
279,303,2024-06-05,6379.52
280,648,2026-04-16,2259.17
281,724,2024-09-21,8050.2
282,202,2025-08-23,103.31
283,589,2026-04-25,4963.81
284,204,2025-08-05,205.78
285,181,2026-01-30,1360.56
286,864,2026-01-25,3076.21
287,549,2025-03-12,2187.01
288,178,2026-06-17,4395.18
289,128,2026-06-05,1845.81
290,45,2024-11-25,2757.86
291,448,2026-03-09,1092.08
292,92,2024-06-27,5757.41
293,526,2024-04-19,3783.91
294,391,2025-05-31,4916.68
295,573,2025-08-13,3305.75
296,187,2025-07-22,6632.9
297,131,2026-02-17,1882.78
298,91,2025-01-16,3607.85
299,87,2026-02-27,24825.83
300,66,2026-05-29,877.3
301,233,2024-03-30,8405.47
302,721,2025-03-13,17230.34
303,547,2024-08-06,5331.64
304,226,2025-10-02,40.58
305,839,2025-02-06,934.57
306,685,2024-10-01,4441.0
307,702,2024-09-02,3348.52
308,809,2024-12-11,11446.54
309,672,2024-04-16,11734.11
310,862,2024-04-11,3113.67
311,298,2025-09-05,3338.2
312,771,2026-07-08,2012.87
313,101,2025-05-09,5117.17
314,271,2026-06-23,1275.22
315,803,2024-05-31,2995.44
316,121,2026-08-06,1387.31
317,451,2025-07-25,4177.79
318,307,2025-12-26,7987.25
319,91,2024-03-01,636.5
320,213,2025-08-11,2807.72
321,482,2025-01-08,10045.18
322,568,2026-05-26,12431.89
323,608,2026-02-11,2031.06
324,119,2026-04-22,1463.6
325,288,2026-05-17,10.72
326,94,2025-12-03,8694.72
327,9,2024-08-27,8254.68
328,352,2024-10-02,3766.99
329,560,2026-04-18,18647.48
330,334,2025-08-09,3346.56
331,37,2026-05-19,8910.51
332,198,2026-02-14,2154.62
333,390,2025-08-14,2694.3
334,321,2024-05-28,4422.76
335,743,2026-08-15,1406.69
336,539,2024-08-24,7063.18
337,899,2024-08-28,3891.68
338,158,2024-05-22,9077.86
339,334,2024-03-08,1273.41
340,79,2024-12-31,1425.35
341,19,2026-04-02,2677.76
342,832,2026-04-24,5238.2
343,444,2025-04-23,4673.35
344,594,2024-11-02,11513.51
345,249,2024-12-03,4468.33
346,47,2026-06-14,559.11
347,804,2024-02-23,1077.85
348,593,2024-02-26,491.69
349,641,2024-03-04,478.8
350,481,2026-05-15,2373.79
351,364,2024-03-29,8566.36
352,381,2026-07-07,3871.63
353,686,2024-06-28,5415.02
354,205,2025-06-18,6966.08
355,308,2026-08-04,9061.36
356,277,2024-04-22,1603.26
357,470,2024-10-01,8105.81
358,871,2025-12-10,7256.37
359,831,2026-03-07,2274.27
360,491,2026-06-03,1490.13
361,181,2024-01-19,2958.25
362,847,2026-01-27,11257.97
363,282,2024-11-09,2252.79
364,321,2025-06-27,8303.76
365,798,2026-06-02,6179.4
366,237,2026-05-29,5275.91
367,416,2024-06-29,10561.8
368,826,2025-04-03,4617.8
369,287,2024-10-03,3655.61
370,562,2025-08-22,226.88
371,34,2026-03-16,6918.01
372,897,2024-11-05,1352.29
373,378,2024-04-28,1114.8
374,604,2024-03-03,3771.88
375,451,2024-02-21,1085.14
376,391,2024-12-23,4958.05
377,366,2026-07-30,4243.35
378,16,2024-09-02,3917.08
379,250,2025-01-29,2959.36
380,343,2025-10-20,6738.79
381,333,2025-10-03,4975.46
382,247,2024-09-20,4902.02
383,579,2024-05-03,1509.66
384,747,2024-06-01,3224.9
385,803,2024-08-02,1482.29
386,876,2024-03-25,3178.38
387,585,2025-03-24,1745.39
388,370,2025-09-21,3106.48
389,582,2025-10-20,3225.88
390,120,2026-06-05,3106.46
391,736,2024-10-12,6862.31
392,482,2025-09-30,5554.68
393,149,2026-05-12,785.54
394,384,2024-01-28,2801.84
395,271,2026-01-31,3909.88
396,315,2024-03-26,1666.82
397,46,2025-06-21,4249.89
398,15,2026-03-20,1884.89
399,315,2025-03-23,3423.33
400,272,2025-06-29,1313.49
401,899,2025-08-27,3090.19
402,237,2025-07-17,5672.1
403,297,2025-12-14,6328.18
404,824,2026-04-17,3484.28
405,774,2024-05-11,14997.37
406,52,2025-02-09,4617.75
407,78,2026-04-11,6481.43
408,86,2025-01-06,9342.24
409,414,2025-04-22,1699.37
410,516,2025-12-24,5625.91
411,317,2026-06-30,4209.17
412,12,2024-09-02,5793.71
413,182,2026-07-20,7658.72
414,554,2025-11-23,1409.31
415,336,2024-01-30,14541.58
416,112,2026-04-20,3626.9
417,587,2025-01-09,2552.22
418,553,2024-10-02,120.31
419,442,2025-05-28,8869.71
420,847,2025-07-15,7248.49
421,760,2025-06-10,2893.82
422,36,2024-02-23,345.51
423,815,2026-03-12,3763.92
424,45,2024-11-29,675.79
425,434,2024-05-17,8179.86
426,812,2025-07-05,2808.63
427,884,2025-08-29,1277.57
428,21,2024-04-10,4348.96
429,65,2026-07-08,4908.74
430,218,2025-08-08,5407.76
431,249,2026-08-29,1371.98
432,252,2025-10-15,7609.13
433,376,2024-01-10,2871.93
434,287,2024-07-22,204.77
435,525,2026-08-06,3195.83
436,769,2025-06-29,3157.77
437,492,2024-04-29,3105.13
438,299,2024-03-13,4425.2
439,512,2025-06-07,12289.42
440,559,2025-08-02,3283.06
441,807,2024-08-28,3658.81
442,853,2024-07-09,2037.52
443,250,2025-08-14,3275.8
444,827,2025-02-28,5506.05
445,736,2024-02-06,5613.7
446,116,2024-02-26,9898.16
447,503,2024-08-20,306.64
448,137,2025-07-03,6966.39
449,442,2024-10-20,6162.57
450,41,2024-01-15,560.79
451,270,2026-06-11,9735.64
452,530,2025-11-07,740.0
453,274,2025-07-23,5631.83
454,10,2024-08-26,217.77
455,350,2025-11-21,1264.98
456,488,2026-07-11,5771.23
457,688,2025-10-21,5971.45
458,123,2024-10-15,2993.35
459,430,2025-01-17,10449.67
460,179,2026-06-24,5663.03
461,139,2024-01-14,7762.7
462,110,2024-08-03,3121.44
463,684,2024-04-14,1058.69
464,828,2025-09-17,1045.06
465,598,2025-03-23,2507.81
466,341,2024-05-09,1332.41
467,855,2026-07-06,1230.24
468,448,2025-06-21,427.74
469,477,2024-08-30,2672.27
470,572,2026-07-11,412.02
471,589,2025-11-11,2618.47
472,443,2024-05-06,264.68
473,432,2026-03-16,2381.87
474,287,2024-02-27,5501.65
475,613,2026-06-03,1278.01
476,606,2025-01-18,4475.18
477,393,2024-10-13,4221.76
478,641,2024-02-22,1721.63
479,125,2026-06-27,381.0
480,375,2025-06-29,6999.44
481,889,2025-08-15,1707.03
482,661,2026-04-09,11519.29
483,649,2025-05-10,6718.26
484,777,2024-10-09,5813.42
485,548,2026-01-28,721.47
486,597,2025-05-31,5844.67
487,434,2024-08-20,8480.92
488,744,2026-04-03,3686.14
489,641,2026-03-03,4536.64
490,472,2024-08-29,5530.52
491,115,2025-09-25,9248.3
492,726,2026-06-16,4902.59
493,294,2026-02-18,5383.26
494,324,2024-07-12,4341.61
495,113,2026-04-14,11781.6
496,196,2024-02-24,3777.53
497,114,2025-08-24,5351.7
498,88,2025-05-13,9687.77
499,20,2024-02-05,2229.43
500,266,2025-12-08,13445.57
501,681,2024-10-17,2007.48
502,778,2026-04-10,1299.55
503,205,2026-05-06,5486.79
504,382,2025-07-29,1902.92
505,749,2025-09-03,11373.99
506,637,2024-02-20,16697.62
507,814,2026-05-17,1355.75
508,379,2025-10-26,1212.95
509,152,2025-01-09,1148.05
510,129,2024-03-24,203.82
511,638,2025-05-07,1845.9
512,24,2026-05-28,8194.68
513,415,2026-04-21,5722.48
514,318,2024-04-06,2871.82
515,828,2026-01-12,5179.07
516,899,2024-03-20,797.38
517,436,2025-01-03,3761.9
518,523,2025-03-11,4405.85
519,341,2024-01-23,4170.47
520,700,2024-05-13,1783.07
521,266,2026-05-08,1711.16
522,670,2025-09-05,6172.78
523,814,2026-02-05,5854.7
524,155,2025-07-11,226.48
525,204,2025-03-13,218.41
526,341,2024-01-18,15757.72
527,745,2025-06-16,4531.06
528,577,2026-01-21,4182.21
529,175,2024-07-18,1417.1
530,332,2025-04-23,2542.42
531,580,2025-02-05,1943.74
532,869,2026-04-29,8243.9
533,406,2024-06-08,7943.96
534,68,2024-04-12,4596.8
535,95,2024-07-24,3999.05
536,26,2024-06-01,5310.58
537,114,2026-04-05,3948.26
538,372,2024-09-11,6177.76
539,254,2024-12-19,10392.16
540,271,2024-09-07,3289.51
541,690,2026-03-05,1445.77
542,430,2025-10-09,4036.59
543,657,2025-04-07,2036.63
544,488,2026-02-17,1041.39
545,185,2024-03-10,9292.53
546,854,2025-10-23,3839.23
547,429,2024-12-18,2522.01
548,753,2025-01-04,4377.04
549,88,2024-06-03,2200.74
550,765,2024-04-04,9515.64
551,645,2025-11-07,15627.76
552,225,2026-04-08,2324.27
553,714,2026-06-07,3144.15
554,669,2024-08-25,4893.35
555,805,2026-01-13,907.95
556,189,2024-04-18,284.44
557,798,2026-01-28,8701.3
558,686,2025-07-06,2466.02
559,305,2026-04-20,2258.9
560,316,2024-03-06,5181.56
561,230,2026-01-27,1437.98
562,430,2025-03-31,2208.97
563,807,2025-07-08,928.74
564,754,2025-06-09,382.64
565,132,2025-11-27,2174.58
566,119,2025-08-07,1421.81
567,54,2025-02-09,1223.59
568,553,2025-02-28,3641.54
569,283,2024-03-10,6738.66
570,685,2025-12-07,6838.1
571,685,2025-11-18,6617.18
572,178,2025-07-06,1667.15
573,625,2025-12-04,3320.64
574,689,2024-09-19,2082.66
575,889,2024-08-06,1689.17
576,651,2026-06-20,1803.2
577,324,2026-07-19,1108.82
578,900,2026-04-11,4421.4
579,249,2024-02-21,8343.94
580,725,2025-06-19,2032.19
581,341,2025-12-18,1815.17
582,842,2024-02-06,5806.87
583,705,2026-08-02,177.94
584,540,2026-02-06,3796.47
585,193,2024-10-28,1517.31
586,170,2025-05-08,2750.55
587,853,2026-06-08,3989.57
588,722,2026-04-12,3780.18
589,462,2026-03-16,7568.35
590,790,2026-08-17,195.38
591,705,2025-12-26,6863.68
592,349,2026-06-30,4139.74
593,745,2026-07-18,8196.12
594,717,2024-01-20,3564.32
595,431,2025-09-29,647.95
596,18,2024-11-21,3119.4
597,668,2025-04-27,5665.81
598,306,2024-06-12,6513.49
599,329,2025-10-20,3220.47
600,643,2026-03-24,2868.76
601,730,2025-02-05,4078.7
602,80,2025-11-11,7382.44
603,742,2024-11-12,2225.98
604,264,2025-12-31,4920.06
605,510,2024-03-21,18918.14
606,782,2026-05-08,7348.67
607,197,2025-01-03,2787.09
608,199,2025-05-07,906.64
609,874,2026-02-22,4703.61
610,336,2024-01-30,10555.94
611,853,2026-07-10,3226.45
612,322,2025-08-22,8030.72
613,558,2026-08-08,7539.28
614,460,2025-06-21,3553.81
615,886,2024-07-20,7014.91
616,496,2025-07-21,1036.42
617,453,2025-07-11,2925.6
618,420,2026-06-16,5168.77
619,338,2025-07-15,3477.28
620,397,2025-01-31,1165.94
621,415,2024-06-20,7020.94
622,688,2024-11-13,5115.63
623,42,2025-07-21,4116.44
624,451,2024-12-25,9371.45
625,495,2024-12-19,7136.8
626,678,2024-01-15,89.39
627,600,2026-07-07,4177.06
628,389,2026-03-26,4065.75
629,99,2024-09-05,2552.31
630,335,2024-05-13,197.92
631,231,2026-03-25,1598.02
632,184,2026-03-26,15857.32
633,650,2026-05-24,3491.1
634,431,2025-06-17,5402.58
635,715,2025-12-18,1143.96
636,125,2025-12-12,2377.75
637,888,2024-07-28,2058.16
638,427,2025-05-25,4370.48
639,228,2024-09-10,2484.21
640,327,2026-01-05,18428.92
641,758,2026-08-04,8312.2
642,639,2024-03-15,11236.15
643,155,2024-03-14,3510.91
644,892,2024-09-14,4298.58
645,118,2024-04-24,10467.46
646,248,2024-01-09,2297.08
647,657,2026-08-12,5172.31
648,477,2025-07-21,2484.46
649,402,2026-01-27,5419.13
650,834,2025-07-05,767.04
651,715,2025-12-28,1956.44
652,866,2025-10-31,4379.66
653,255,2024-06-05,4842.3
654,766,2024-05-26,6489.6
655,192,2025-04-21,970.67
656,726,2024-12-27,4230.72
657,494,2026-03-30,502.15
658,539,2024-10-25,2624.78
659,104,2024-11-16,3617.55
660,792,2025-05-30,3141.47
661,251,2024-07-06,12337.93
662,539,2026-04-16,3648.22
663,150,2024-01-11,5759.92
664,834,2026-04-06,4392.52
665,289,2025-08-29,3438.34
666,687,2026-05-15,5417.57
667,689,2024-10-13,4055.31
668,496,2026-05-27,3751.63
669,109,2026-04-22,2861.63
670,252,2025-03-21,2296.53
671,551,2024-10-03,1988.06
672,483,2024-07-11,3758.31
673,527,2024-05-27,3523.14
674,225,2025-07-22,10229.58
675,485,2026-07-25,659.41
676,77,2025-07-05,13063.82
677,436,2026-07-29,1004.53
678,83,2026-01-06,3401.51
679,598,2025-10-29,4885.28
680,511,2025-12-07,1292.44
681,767,2026-06-24,975.72
682,416,2026-04-16,3059.76
683,146,2024-06-06,5882.2
684,212,2025-07-24,7214.4
685,733,2025-03-24,807.44
686,863,2026-05-07,2941.32
687,56,2024-07-18,389.02
688,609,2026-03-10,1328.44
689,434,2025-04-11,8847.18
690,233,2026-06-27,4652.48
691,461,2026-02-10,1460.78
692,843,2024-12-02,8207.91
693,178,2026-04-03,1703.78
694,754,2024-07-01,3332.24
695,81,2024-01-05,273.66
696,649,2025-05-09,1466.92
697,68,2025-01-14,4290.6
698,55,2024-05-02,4115.58
699,34,2026-08-27,2292.09
700,725,2024-02-08,3035.4
701,517,2025-07-28,6247.54
702,622,2024-09-11,2815.48
703,140,2024-10-15,4894.7
704,830,2024-07-24,1928.77
705,728,2025-01-14,3290.82
706,440,2025-10-12,239.83
707,810,2024-11-10,2079.86
708,129,2025-12-04,3642.05
709,264,2025-03-12,3118.45
710,44,2026-02-04,1926.2
711,149,2025-03-09,1151.64
712,758,2024-12-22,3751.78
713,369,2025-05-09,3021.21
714,581,2025-10-31,4491.83
715,794,2025-03-28,1644.61
716,688,2026-06-02,5483.2
717,360,2025-05-18,949.51
718,314,2024-10-15,569.2
719,98,2024-01-28,8906.54
720,747,2025-01-17,1023.82
721,887,2024-02-23,3781.02
722,451,2024-02-04,2529.62
723,450,2024-12-27,9072.19
724,764,2024-10-10,5659.94
725,309,2026-05-12,594.51
726,366,2025-12-12,11178.56
727,805,2026-02-10,7332.41
728,342,2025-06-15,2239.13
729,835,2024-04-17,937.17
730,146,2026-04-09,4015.07
731,448,2025-04-27,4213.07
732,441,2025-02-22,315.9
733,277,2025-08-12,3770.09
734,867,2024-06-08,6865.9
735,435,2025-04-14,3592.55
736,792,2025-08-13,3090.29
737,198,2025-11-11,2757.32
738,315,2025-05-02,1440.49
739,431,2026-08-30,7988.24
740,508,2026-08-23,2365.23
741,207,2024-04-04,4012.12
742,282,2024-03-21,728.36
743,560,2025-05-17,2990.37
744,251,2026-03-18,5093.45
745,684,2025-05-14,2311.28
746,430,2024-07-30,2377.08
747,873,2025-07-02,3283.83
748,214,2026-07-08,4925.59
749,759,2024-06-11,3746.27
750,442,2025-03-10,14325.85
751,78,2025-09-14,8914.18
752,635,2025-01-18,1893.93
753,191,2024-02-13,7650.17
754,125,2025-10-14,306.83
755,479,2025-12-23,2516.71
756,708,2025-09-30,530.23
757,232,2025-10-08,5390.69
758,561,2025-10-02,2312.15
759,13,2024-11-18,869.48
760,167,2024-01-17,6333.19
761,680,2026-08-22,1025.44
762,12,2024-07-18,5850.1
763,322,2026-03-19,4122.86
764,458,2025-06-11,2743.44
765,60,2025-06-10,7020.47
766,881,2024-01-21,1272.17
767,458,2026-08-23,391.93
768,305,2025-05-30,950.39
769,880,2026-03-20,14190.2
770,503,2026-01-28,1460.04
771,611,2024-05-14,2187.24
772,82,2026-07-12,10476.41
773,143,2025-07-30,2190.37
774,41,2024-06-29,5516.27
775,463,2025-07-20,11390.32
776,753,2025-08-23,4803.37
777,812,2025-09-28,3209.58
778,517,2024-11-09,6499.86
779,49,2026-07-06,160.31
780,564,2024-08-18,2162.07
781,575,2025-04-24,9030.23
782,538,2026-03-28,1480.5
783,650,2024-03-16,3730.36
784,502,2025-01-28,5570.57
785,634,2025-04-12,2454.6
786,438,2026-01-23,5630.98
787,136,2026-02-07,4147.51
788,72,2026-02-16,6597.61
789,817,2024-12-15,4150.93
790,397,2025-04-24,241.15
791,291,2024-01-27,1617.43
792,264,2026-03-13,1051.92
793,47,2024-10-22,10261.25
794,851,2025-03-31,898.08
795,75,2025-10-27,2414.87
796,198,2026-01-27,4582.15
797,412,2024-03-24,1945.87
798,323,2026-01-18,2285.9
799,36,2025-01-01,4150.94
800,297,2025-02-11,1479.65
801,702,2024-05-09,3713.49
802,226,2025-11-29,6328.63
803,780,2025-04-09,1737.72
804,325,2024-04-11,1004.96
805,13,2024-05-17,11988.36
806,99,2025-12-04,12118.6
807,730,2024-04-16,3082.81
808,365,2025-05-23,3613.95
809,884,2025-11-11,3585.04
810,710,2026-06-08,2138.55
811,28,2024-06-03,3008.81
812,282,2024-10-15,249.23
813,653,2024-05-30,659.92
814,57,2026-05-07,2299.72
815,900,2025-07-31,1755.07
816,150,2026-08-16,797.62
817,718,2024-02-12,2999.21
818,757,2025-11-19,5770.08
819,455,2024-02-02,1482.27
820,724,2024-04-16,4152.74
821,797,2025-02-24,2361.18
822,661,2024-12-23,6581.09
823,638,2024-12-21,586.72
824,350,2024-03-07,947.92
825,264,2025-06-15,2226.01
826,781,2024-11-28,1212.48
827,202,2026-08-26,8264.16
828,374,2026-02-08,636.58
829,462,2025-02-27,2148.73
830,352,2026-01-16,14046.95
831,336,2025-07-15,568.71
832,540,2025-04-27,3284.72
833,297,2026-06-15,2406.1
834,890,2025-07-26,4702.52
835,161,2025-04-16,4299.58
836,351,2025-07-06,4060.98
837,761,2026-01-31,6950.93
838,428,2025-12-23,6806.91
839,635,2025-06-18,1731.58
840,583,2024-06-21,1661.46
841,299,2025-09-13,5557.56
842,670,2025-02-23,3737.9
843,214,2026-06-28,4384.1
844,675,2026-06-04,3330.35
845,116,2024-01-01,1999.37
846,625,2026-09-01,5322.62
847,102,2026-05-28,1405.89
848,782,2026-06-03,14276.1
849,563,2025-04-30,13255.92
850,37,2024-09-20,16735.44
851,98,2025-08-14,3961.57
852,169,2026-05-10,2274.63
853,865,2025-03-14,9825.22
854,531,2026-08-18,3400.64
855,252,2024-09-11,6573.97
856,250,2026-04-11,6536.49
857,24,2024-03-05,1450.38
858,183,2026-03-29,5217.12
859,770,2026-07-10,6302.83
860,539,2025-11-15,3032.66
861,331,2025-08-31,650.21
862,20,2025-02-05,10003.23
863,309,2026-05-01,14038.73
864,345,2024-05-03,3602.13
865,107,2024-10-10,2491.07
866,547,2024-05-07,3783.66
867,595,2024-09-28,2117.25
868,899,2025-05-25,497.92
869,323,2024-11-23,7030.06
870,249,2025-02-14,5454.89
871,741,2024-08-13,1842.94
872,316,2024-12-09,12056.79
873,568,2025-04-30,3164.96
874,664,2024-07-27,3663.61
875,792,2026-07-01,2759.87
876,287,2026-05-24,7821.07
877,561,2026-05-04,5291.18
878,118,2024-01-02,244.84
879,702,2025-04-27,3384.49
880,41,2026-02-14,6487.18
881,627,2024-12-06,499.76
882,189,2024-08-13,6431.31
883,417,2025-08-19,5393.59
884,69,2024-01-03,1171.98
885,620,2025-08-19,2669.63
886,434,2025-03-16,776.87
887,598,2025-10-28,1870.62
888,313,2025-10-27,2627.45
889,7,2025-06-06,5806.18
890,523,2025-07-23,6790.54
891,629,2024-01-27,4109.23
892,599,2026-08-14,2516.76
893,236,2024-03-15,6268.07
894,645,2026-08-10,3675.63
895,488,2026-08-07,4520.31
896,190,2025-11-30,7066.57
897,101,2025-12-28,5962.17
898,293,2024-01-30,4493.59
899,21,2026-07-13,5286.7
900,645,2025-05-30,1832.35
901,14,2024-11-27,1580.56
902,44,2025-10-15,13895.59
903,143,2025-06-05,1487.79
904,294,2024-12-18,7125.16
905,18,2024-11-09,2481.61
906,567,2024-04-25,5771.11
907,120,2026-06-05,201.63
908,723,2025-10-11,702.13
909,504,2024-10-07,7461.29
910,76,2025-12-06,425.69
911,361,2025-11-07,1861.32
912,127,2024-05-16,10169.89
913,883,2024-06-19,6797.26
914,534,2024-08-13,2350.84
915,728,2024-04-12,1494.84
916,337,2026-03-13,11381.98
917,133,2024-05-31,1642.34
918,212,2026-03-02,4354.27
919,376,2025-05-31,9497.56
920,694,2024-04-23,5026.01
921,388,2026-04-03,9516.02
922,836,2024-06-18,2257.03
923,326,2026-09-01,1045.0
924,210,2024-01-14,5970.21
925,447,2025-08-30,8701.91
926,101,2024-11-01,5295.72
927,603,2025-06-04,1270.8
928,91,2026-03-29,18509.96
929,577,2026-02-06,778.63
930,345,2024-10-01,3959.71
931,322,2024-03-03,9464.29
932,550,2024-10-03,3622.65
933,635,2026-02-28,6048.57
934,837,2025-05-17,377.33
935,261,2026-01-09,5850.11
936,731,2025-04-27,1186.02
937,752,2025-05-31,4017.68
938,897,2024-03-04,748.82
939,868,2024-01-23,6328.34
940,712,2025-11-16,5223.28
941,266,2024-07-16,3973.27
942,626,2024-12-17,7630.75
943,707,2024-12-26,5680.57
944,263,2025-09-09,716.03
945,733,2026-07-06,7458.89
946,632,2026-01-08,5755.64
947,442,2025-09-14,1487.32
948,776,2026-03-25,3476.13
949,79,2025-05-12,2164.32
950,616,2024-05-21,15274.64
951,708,2025-04-21,1021.65
952,37,2026-08-11,2273.48
953,367,2026-01-30,3254.55
954,466,2024-12-06,3856.47
955,188,2024-11-11,2352.69
956,792,2026-06-14,3762.17
957,564,2024-04-02,5310.02
958,248,2026-06-28,1658.91
959,394,2025-10-22,2356.47
960,101,2026-02-26,12853.43
961,79,2024-11-16,7595.91
962,672,2025-09-24,7450.94
963,886,2024-11-13,671.09
964,250,2024-01-17,14440.15
965,221,2025-03-19,3139.73
966,616,2026-08-13,8134.73
967,460,2024-08-24,4052.79
968,126,2024-06-07,362.13
969,601,2026-06-17,2475.81
970,189,2026-06-06,7686.7
971,104,2026-04-05,7864.58
972,418,2026-08-10,4202.75
973,666,2026-08-24,976.82
974,470,2026-06-14,8318.92
975,584,2026-07-29,1656.22
976,215,2025-12-26,4020.91
977,445,2024-11-02,5589.24
978,642,2025-03-22,6050.57
979,476,2025-01-06,5423.65
980,216,2025-05-11,1386.65
981,860,2025-11-11,2255.52
982,61,2024-08-23,1342.47
983,820,2024-01-16,6448.52
984,653,2025-08-10,5736.15
985,101,2026-08-27,1607.91
986,230,2026-04-20,7250.63
987,332,2024-01-11,7217.22
988,862,2025-08-06,9237.72
989,466,2025-06-02,5569.32
990,233,2025-02-18,5872.66
991,828,2025-10-13,2424.49
992,107,2025-02-19,3032.16
993,735,2026-06-10,8551.96
994,748,2026-06-04,1938.02
995,348,2025-09-20,1458.26
996,39,2025-03-23,5922.77
997,798,2025-08-05,271.84
998,871,2026-05-27,1821.45
999,341,2024-10-19,9517.05
1000,168,2026-04-26,11024.59
1001,245,2025-07-30,7881.9
1002,123,2024-03-02,3860.68
1003,549,2025-12-31,1469.09
1004,467,2024-07-16,718.85
1005,321,2025-05-17,2607.75
1006,586,2026-07-15,736.29
1007,561,2026-01-30,14004.16
1008,11,2025-11-13,2477.96
1009,369,2024-03-08,2783.44
1010,778,2026-04-17,6882.66
1011,717,2024-11-22,573.35
1012,770,2024-02-18,2857.97
1013,859,2026-07-24,3577.84
1014,56,2024-07-05,764.91
1015,244,2024-11-11,1354.55
1016,414,2024-05-18,1977.7
1017,460,2025-08-29,8122.24
1018,708,2026-04-26,10768.98
1019,652,2025-05-21,5309.61
1020,636,2026-04-27,3336.62
1021,143,2026-07-02,9538.26
1022,610,2026-04-30,7285.01
1023,717,2024-06-07,17217.34
1024,677,2024-07-19,440.93
1025,525,2024-10-18,3690.45
1026,80,2025-09-14,2091.62
1027,135,2026-04-20,563.81
1028,669,2024-11-01,3726.08
1029,782,2025-10-11,15947.68
1030,743,2024-07-01,1096.14
1031,385,2025-06-13,21961.72
1032,529,2026-01-30,7423.48
1033,159,2025-01-20,9834.47
1034,533,2024-06-08,9778.88
1035,176,2025-02-05,5334.96
1036,716,2026-01-13,2449.88
1037,707,2026-06-30,729.77
1038,47,2025-08-23,1115.11
1039,843,2025-10-16,5941.59
1040,717,2025-02-12,2552.38
1041,341,2026-06-24,1281.21
1042,407,2026-04-28,4596.6
1043,71,2026-08-05,5069.13
1044,843,2026-04-21,6908.19
1045,91,2025-06-17,1611.51
1046,831,2026-07-25,3324.82
1047,590,2025-08-17,1663.24
1048,827,2025-08-09,901.88
1049,334,2025-10-01,8581.3
1050,807,2024-06-30,8125.35
1051,384,2026-03-29,466.44
1052,316,2024-12-19,3892.3
1053,304,2025-10-04,9581.45
1054,857,2026-04-03,7105.76
1055,419,2024-04-21,1421.82
1056,431,2024-10-20,10421.04
1057,580,2026-07-07,9590.36
1058,501,2024-12-18,4921.64
1059,488,2025-10-06,2879.17
1060,342,2025-07-01,1398.44
1061,148,2026-04-28,3700.29
1062,896,2025-05-12,11596.6
1063,443,2025-02-18,1460.9
1064,876,2024-01-17,12390.86
1065,415,2025-04-07,6828.67
1066,540,2025-07-24,3697.55
1067,492,2025-11-02,9656.92
1068,870,2026-01-30,3597.44
1069,100,2026-01-26,3098.23
1070,466,2025-03-23,8287.22
1071,139,2024-03-17,3842.43
1072,782,2024-09-04,3607.27
1073,478,2025-02-01,2039.86
1074,831,2026-08-12,3037.74
1075,248,2026-01-20,13539.25
1076,147,2026-05-22,98.66
1077,567,2026-08-25,1411.59
1078,132,2024-05-09,1724.81
1079,336,2024-01-12,3346.29
1080,283,2025-07-13,2852.18
1081,199,2024-09-15,4400.65
1082,118,2026-04-27,231.89
1083,591,2025-03-29,4340.64
1084,683,2024-01-10,13460.21
1085,355,2024-08-05,3838.63
1086,253,2024-11-29,2950.57
1087,142,2024-01-27,3428.57
1088,610,2024-11-05,2582.42
1089,728,2025-06-10,6824.57
1090,494,2026-05-20,4974.8
1091,389,2025-09-25,4683.08
1092,584,2024-03-31,9655.61
1093,824,2025-02-09,6883.52
1094,891,2026-01-19,99.0
1095,175,2024-12-26,2527.11
1096,430,2025-07-03,841.8
1097,789,2026-08-18,1660.81
1098,570,2024-05-14,2078.85
1099,735,2025-04-10,1599.35
1100,897,2025-08-17,7136.1
1101,94,2026-02-17,6217.74
1102,552,2026-03-26,2516.2
1103,479,2024-10-06,6025.44
1104,257,2025-03-31,5393.39
1105,589,2026-03-20,4127.55
1106,94,2026-03-28,3234.29
1107,446,2026-03-14,7739.31
1108,374,2025-10-12,3603.22
1109,352,2024-09-18,4561.93
1110,553,2024-12-25,4294.36
1111,850,2025-10-01,2160.02
1112,853,2024-09-05,2039.61
1113,631,2025-10-26,3034.24
1114,298,2025-05-17,7034.2
1115,870,2025-03-07,3338.58
1116,899,2024-12-12,336.27
1117,762,2026-01-24,4955.97
1118,786,2025-03-29,2260.71
1119,736,2024-10-26,1580.56
1120,685,2025-01-09,6505.81
1121,654,2025-04-17,6468.52
1122,575,2025-08-25,4158.83
1123,582,2026-08-23,2832.49
1124,351,2024-11-27,2356.3
1125,799,2024-06-23,855.54
1126,572,2026-08-11,102.72
1127,553,2024-05-24,2524.7
1128,668,2026-05-31,2579.64
1129,68,2024-05-18,1461.9
1130,828,2024-12-20,9622.32
1131,525,2026-08-31,2179.57
1132,850,2024-06-10,4114.8
1133,93,2024-06-04,4884.38
1134,211,2025-08-16,5468.28
1135,855,2024-07-04,1907.34
1136,624,2024-01-24,2759.57
1137,583,2025-11-08,3761.04
1138,364,2026-07-24,1919.5
1139,501,2026-01-10,8926.06
1140,492,2026-07-29,18004.73
1141,179,2025-05-28,4767.37
1142,510,2025-08-21,4727.59
1143,465,2026-08-16,8435.92
1144,282,2025-05-06,7068.41
1145,309,2024-02-07,3617.6
1146,692,2024-08-20,12805.74
1147,608,2025-08-28,2017.66
1148,423,2026-04-15,6557.82
1149,544,2025-08-14,2737.39
1150,218,2025-01-30,5251.99
1151,450,2024-11-09,2480.48
1152,506,2025-10-28,12495.32
1153,228,2026-05-26,8761.84
1154,153,2024-09-28,5028.48
1155,474,2025-06-23,7161.59
1156,847,2025-02-20,1470.12
1157,416,2024-08-28,676.79
1158,812,2025-01-30,1940.55
1159,767,2024-03-27,12230.6
1160,671,2025-05-31,2471.37
1161,805,2024-04-14,7531.21
1162,371,2025-04-07,2979.11
1163,684,2026-05-24,3154.98
1164,131,2024-05-22,2506.17
1165,288,2024-09-01,2342.82
1166,510,2025-12-04,7105.15
1167,35,2026-06-03,2379.72
1168,689,2026-07-20,2315.29
1169,833,2024-04-27,3655.74
1170,95,2024-08-21,2765.42
1171,893,2026-08-17,1609.95
1172,80,2025-05-07,6488.55
1173,115,2026-03-23,4431.15
1174,687,2024-01-15,2231.17
1175,618,2024-04-23,1615.14
1176,843,2024-07-18,8568.21
1177,383,2024-03-24,975.15
1178,516,2026-05-18,5815.74
1179,134,2026-02-22,316.15
1180,623,2025-01-15,3988.14
1181,899,2024-03-17,4088.21
1182,538,2024-04-13,773.47
1183,840,2024-09-12,858.2
1184,355,2025-12-09,4213.22
1185,885,2026-02-20,825.71
1186,484,2025-06-09,10001.79
1187,130,2026-06-03,2259.93
1188,327,2026-06-23,11347.09
1189,443,2026-01-18,9537.12
1190,61,2024-03-17,3273.03
1191,807,2026-05-17,4335.22
1192,216,2026-06-04,1182.65
1193,608,2025-06-29,2467.26
1194,828,2025-08-07,11133.08
1195,392,2026-01-30,7442.68
1196,549,2025-07-31,2908.17
1197,466,2024-12-01,4368.23
1198,688,2025-11-10,1879.13
1199,35,2026-02-04,2677.99
1200,324,2024-05-17,5740.52
1201,551,2025-10-24,2686.82
1202,83,2024-06-17,6507.17
1203,774,2025-07-14,826.58
1204,569,2024-04-15,5686.62
1205,3,2026-08-25,1344.75
1206,11,2025-10-13,3189.47
1207,144,2025-04-03,1763.34
1208,598,2025-05-06,5699.24
1209,467,2025-08-26,937.39
1210,435,2024-05-01,6570.16
1211,505,2025-05-12,3621.37
1212,446,2025-11-28,2942.49
1213,310,2024-09-10,2020.1
1214,7,2025-04-12,2424.48
1215,26,2024-11-18,9375.29
1216,621,2024-06-05,1978.07
1217,670,2026-08-12,9428.17
1218,216,2025-07-31,11803.99
1219,219,2025-01-17,2880.79
1220,368,2024-11-25,676.15
1221,581,2025-10-24,7712.26
1222,535,2024-04-15,7645.19
1223,504,2025-07-06,9532.0
1224,34,2024-08-12,3400.12
1225,388,2026-05-17,4748.83
1226,678,2026-02-03,2394.78
1227,532,2026-01-08,2295.24
1228,727,2024-05-22,4545.15
1229,626,2024-03-19,8229.72
1230,810,2025-03-22,6877.61
1231,516,2024-12-12,3764.51
1232,513,2025-12-07,8763.69
1233,502,2025-11-25,965.65
1234,239,2025-01-22,19301.84
1235,393,2024-06-06,1093.49
1236,152,2024-11-12,3497.65
1237,388,2025-05-05,4485.26
1238,135,2024-09-04,4631.54
1239,442,2024-11-05,8106.46
1240,859,2024-08-22,1571.03
1241,407,2024-03-04,4894.52
1242,665,2025-08-09,6438.84
1243,396,2026-08-30,9017.29
1244,816,2026-07-17,2851.5
1245,190,2026-06-25,4140.31
1246,751,2025-10-04,3668.53
1247,653,2025-12-29,6192.65
1248,800,2024-03-03,6225.38
1249,120,2024-07-15,2743.09
1250,806,2025-11-19,3607.29
1251,818,2026-08-21,3846.02
1252,267,2026-06-04,1310.34
1253,563,2025-09-07,5122.08
1254,528,2024-04-16,4958.9
1255,45,2026-07-30,1325.5
1256,473,2024-11-06,5406.76
1257,594,2024-02-11,21271.89
1258,185,2026-01-19,1765.12
1259,326,2024-06-18,1310.55
1260,527,2024-10-21,6374.1
1261,837,2025-10-22,2727.07
1262,55,2026-07-30,8126.3
1263,843,2026-06-03,3458.26
1264,735,2024-06-08,2138.41
1265,762,2024-06-20,3408.24
1266,43,2026-02-27,6224.06
1267,512,2024-11-05,6055.47
1268,332,2024-03-16,844.87
1269,828,2025-07-27,6209.63
1270,667,2025-10-02,3943.94
1271,585,2026-09-01,4229.15
1272,26,2025-04-19,5125.19
1273,788,2026-02-18,1283.82
1274,441,2025-06-05,802.81
1275,145,2026-06-19,880.44
1276,787,2025-04-20,7744.46
1277,814,2025-10-20,7694.81
1278,447,2026-07-28,173.57
1279,596,2026-05-05,3600.22
1280,550,2025-01-25,2331.07
1281,273,2025-05-09,1468.48
1282,674,2025-07-31,8937.24
1283,899,2024-05-01,10308.9
1284,841,2024-08-15,4403.08
1285,619,2025-11-22,2197.58
1286,325,2024-03-10,2595.12
1287,818,2025-08-09,1215.81
1288,835,2025-04-17,2555.65
1289,6,2025-04-18,1678.85
1290,305,2026-04-04,9807.92
1291,498,2024-09-25,481.24
1292,521,2026-02-10,7074.69
1293,642,2026-02-03,1565.02
1294,463,2026-08-25,6165.13
1295,13,2026-03-10,3281.76
1296,150,2025-05-09,7161.68
1297,687,2024-12-21,931.94
1298,625,2026-01-31,2101.99
1299,587,2026-06-23,2745.51
1300,397,2024-09-30,3909.85
1301,248,2024-12-26,3859.67
1302,278,2025-04-29,1202.92
1303,621,2024-04-14,854.32
1304,454,2024-11-02,2903.88
1305,118,2024-06-11,3484.39
1306,360,2026-01-23,2759.89
1307,742,2025-04-27,479.36
1308,540,2025-08-11,3617.98
1309,780,2024-03-18,5342.91
1310,458,2025-07-13,4396.74
1311,437,2025-12-01,3176.6
1312,855,2025-11-03,4102.17
1313,457,2026-02-14,1742.92
1314,122,2024-04-21,8943.6
1315,362,2025-06-19,2287.62
1316,583,2025-04-15,5479.83
1317,311,2026-05-21,3064.16
1318,370,2025-11-04,7406.1
1319,786,2026-07-19,2237.97
1320,392,2024-01-25,7457.7
1321,275,2025-03-12,9822.13
1322,98,2025-11-16,1604.26
1323,363,2024-03-27,6851.24
1324,690,2025-09-26,11493.08
1325,270,2024-08-13,4687.91
1326,424,2024-03-13,8503.65
1327,592,2025-10-03,9989.39
1328,836,2025-02-19,7634.51
1329,733,2025-01-30,1786.11
1330,258,2024-11-13,5225.04
1331,148,2025-10-29,5756.09
1332,604,2025-08-26,393.88
1333,230,2025-10-12,3292.54
1334,354,2026-02-07,4122.48
1335,94,2025-08-13,5421.17
1336,697,2024-03-13,1341.79
1337,145,2024-06-02,3063.48
1338,343,2026-08-24,4396.09
1339,367,2024-10-05,2515.2
1340,39,2025-02-20,380.13
1341,699,2025-01-03,9260.75
1342,557,2026-08-23,14559.35
1343,488,2026-03-14,4898.08
1344,161,2025-04-16,4973.65
1345,48,2025-10-27,3511.35
1346,51,2025-06-21,868.38
1347,563,2025-09-20,560.87
1348,674,2026-07-19,8729.47
1349,716,2025-10-17,13420.79
1350,721,2024-04-20,5296.24
1351,355,2025-05-05,2485.51
1352,2,2026-03-10,3062.03
1353,221,2024-02-08,5929.24
1354,709,2024-12-14,8386.85
1355,688,2024-07-15,3569.6
1356,457,2025-12-03,2694.3
1357,22,2024-05-16,1318.02
1358,700,2025-08-31,2224.19
1359,735,2024-03-03,5641.69
1360,205,2026-06-19,4638.94
1361,724,2024-11-07,4316.55
1362,576,2025-02-01,1373.61
1363,800,2026-02-07,2920.63
1364,564,2025-01-05,6923.15
1365,81,2024-04-22,10827.35
1366,583,2026-06-01,6652.51
1367,97,2024-04-18,8362.28
1368,233,2025-04-29,396.88
1369,786,2024-05-01,9484.44
1370,872,2025-11-11,5235.93
1371,428,2024-09-20,4352.67
1372,263,2026-06-27,4732.08
1373,354,2024-07-16,12425.59
1374,218,2025-10-14,2391.56
1375,516,2024-01-14,4736.07
1376,380,2024-04-20,3252.34
1377,53,2024-09-26,1458.87
1378,550,2026-05-11,684.1
1379,580,2026-08-29,1432.99
1380,601,2025-08-21,1854.51
1381,851,2024-11-24,3384.41
1382,634,2024-10-31,8362.41
1383,609,2024-07-24,1437.86
1384,191,2024-11-28,1820.75
1385,419,2025-04-28,12233.99
1386,392,2025-10-30,2466.13
1387,865,2024-08-11,2056.44
1388,427,2024-02-04,2135.27
1389,620,2025-06-29,4061.94
1390,487,2024-08-24,3419.24
1391,52,2025-01-25,1911.25
1392,843,2025-11-24,2602.45
1393,604,2026-05-24,7094.17
1394,208,2025-06-05,4527.09
1395,54,2026-06-23,10072.71
1396,844,2024-09-19,2862.27
1397,277,2025-11-26,7073.03
1398,16,2026-08-13,7268.0
1399,555,2024-07-29,1794.59
1400,15,2025-12-20,5039.22
1401,195,2025-04-07,3818.28
1402,805,2026-05-08,432.48
1403,35,2024-10-24,733.68
1404,677,2026-07-25,4195.69
1405,557,2026-02-17,341.19
1406,276,2025-11-18,3738.16
1407,258,2024-01-29,145.22
1408,428,2024-03-21,1199.66
1409,480,2025-10-07,3723.27
1410,802,2025-04-11,3184.48
1411,236,2024-11-11,3182.88
1412,532,2026-03-31,5844.81
1413,618,2025-04-13,7907.01
1414,12,2025-03-23,8543.76
1415,807,2024-11-10,13038.72
1416,893,2026-08-15,182.35
1417,78,2024-12-21,1666.35
1418,236,2024-09-10,1109.69
1419,708,2025-10-19,13344.4
1420,729,2024-02-03,3794.19
1421,141,2025-08-03,3330.89
1422,826,2025-07-04,2330.95
1423,297,2024-08-25,2208.94
1424,265,2026-01-19,2195.48
1425,322,2024-02-12,2386.78
1426,605,2026-08-15,2161.33
1427,186,2026-04-14,11085.6
1428,489,2024-06-19,16732.14
1429,68,2025-04-24,16006.39
1430,133,2024-07-11,404.91
1431,692,2025-08-26,1884.67
1432,346,2024-12-09,270.55
1433,715,2025-04-21,16432.53
1434,664,2026-07-22,4912.07
1435,898,2025-08-26,6922.29
1436,124,2026-04-25,3090.08
1437,842,2025-09-03,3344.02
1438,803,2025-04-07,9262.04
1439,392,2024-01-15,3761.38
1440,122,2024-03-27,3902.9
1441,121,2025-06-03,6456.96
1442,460,2025-05-06,5838.57
1443,10,2025-05-04,3645.75
1444,87,2026-04-04,2273.41
1445,479,2024-04-03,2104.26
1446,507,2025-10-04,8647.21
1447,775,2025-12-28,3978.43
1448,877,2025-09-21,1626.95
1449,242,2024-08-17,7559.82
1450,298,2025-01-31,3584.71
1451,180,2024-02-23,381.07
1452,203,2024-06-21,1733.58
1453,396,2026-02-22,3595.68
1454,894,2025-08-24,525.56
1455,805,2026-04-23,4707.71
1456,822,2025-11-05,5427.46
1457,407,2024-08-22,8110.02
1458,592,2026-03-03,4309.55
1459,651,2025-11-01,1837.71
1460,219,2024-07-05,401.21
1461,417,2024-01-05,373.28
1462,496,2026-01-14,3022.61
1463,336,2025-12-04,3020.53
1464,426,2024-03-28,497.54
1465,397,2025-03-29,4604.48
1466,56,2026-06-09,2309.73
1467,692,2026-02-11,1236.08
1468,811,2026-03-07,870.11
1469,679,2025-01-18,11162.98
1470,841,2024-04-28,308.41
1471,389,2024-12-08,13535.97
1472,51,2025-10-31,1323.61
1473,241,2026-03-30,14502.9
1474,769,2025-09-19,435.22
1475,126,2024-02-07,4979.96
1476,493,2025-07-29,9557.52
1477,2,2024-07-01,9723.96
1478,292,2025-08-17,4957.73
1479,102,2025-02-05,4365.43
1480,103,2025-06-03,613.99
1481,149,2025-08-04,7598.75
1482,485,2025-09-14,8832.47
1483,621,2024-01-05,3668.51
1484,260,2026-07-31,4226.27
1485,737,2025-07-14,22926.62
1486,353,2025-05-09,705.53
1487,664,2025-01-04,5082.88
1488,477,2024-04-11,7445.87
1489,651,2025-09-06,360.04
1490,881,2024-12-20,419.74
1491,895,2026-06-03,1622.05
1492,529,2025-10-03,1775.27
1493,867,2025-03-05,1493.25
1494,632,2024-01-31,1848.0
1495,242,2025-06-24,1903.92
1496,842,2026-04-04,3616.51
1497,131,2025-03-27,1278.18
1498,422,2025-09-26,2692.33
1499,138,2024-04-25,3447.68
1500,706,2025-01-31,2329.14
1501,807,2026-02-12,5073.39
1502,737,2025-02-16,10674.41
1503,93,2026-05-13,669.17
1504,244,2025-02-03,1157.84
1505,307,2026-03-02,6652.54
1506,105,2025-09-19,4526.6
1507,478,2026-07-12,7093.84
1508,31,2025-06-03,6293.43
1509,553,2025-04-01,1826.47
1510,518,2024-12-10,11317.64
1511,537,2025-09-28,11533.83
1512,822,2026-08-13,1203.87
1513,708,2024-06-13,10143.62
1514,234,2026-07-02,10990.76
1515,515,2026-08-10,14163.88
1516,723,2026-01-19,6402.31
1517,766,2025-07-20,2535.49
1518,579,2026-04-21,1696.76
1519,77,2024-09-12,2536.34
1520,392,2025-09-10,810.81
1521,774,2026-02-24,5169.14
1522,67,2026-02-24,2999.55
1523,532,2025-07-25,621.01
1524,487,2025-01-10,1738.72
1525,201,2026-07-14,9496.53
1526,310,2025-10-18,5253.79
1527,880,2026-01-20,1526.85
1528,537,2025-08-30,13884.86
1529,846,2026-05-05,4656.89
1530,425,2025-04-10,931.09
1531,762,2025-06-16,2549.64
1532,558,2026-02-22,562.06
1533,821,2025-05-19,11302.98
1534,295,2024-08-26,7287.76
1535,344,2026-01-08,1602.38
1536,37,2025-01-01,7189.63
1537,206,2024-04-12,4523.54
1538,125,2024-12-29,9996.94
1539,165,2024-02-22,112.9
1540,278,2026-05-06,6615.83
1541,787,2026-08-17,3326.9
1542,341,2024-09-16,838.61
1543,744,2026-06-12,7842.84
1544,734,2025-11-24,6756.59
1545,883,2026-07-20,606.15
1546,458,2024-06-07,2662.91
1547,764,2024-03-01,5995.36
1548,378,2026-06-16,1610.83
1549,570,2024-09-19,1665.32
1550,730,2025-08-04,8610.25
1551,129,2026-05-29,15367.89
1552,52,2024-11-30,8010.43
1553,149,2024-03-28,682.21
1554,649,2026-02-10,14.08
1555,427,2025-03-16,1006.41
1556,253,2024-01-23,6560.72
1557,692,2024-11-28,7249.68
1558,14,2025-05-31,2406.21
1559,156,2026-05-07,986.22
1560,423,2024-08-08,2640.02
1561,824,2025-05-20,346.61
1562,675,2024-06-25,4802.93
1563,616,2024-10-10,4324.44
1564,640,2024-09-14,904.0
1565,282,2025-05-26,8128.54
1566,404,2025-10-08,3761.77
1567,798,2024-04-19,1454.59
1568,657,2024-03-14,4978.46
1569,539,2025-12-13,18100.39
1570,75,2024-10-13,386.2
1571,660,2025-08-25,19121.0
1572,330,2024-03-15,3719.38
1573,347,2025-08-08,6067.84
1574,607,2026-06-05,6475.39
1575,355,2025-03-02,1509.2
1576,516,2025-07-17,2350.36
1577,12,2024-10-13,10836.63
1578,167,2024-10-05,12450.26
1579,485,2024-03-04,3009.22
1580,862,2025-04-12,15842.85
1581,685,2026-07-12,3339.87
1582,376,2024-04-23,7467.54
1583,872,2025-02-10,1658.54
1584,248,2026-03-27,7051.29
1585,804,2025-04-28,2765.26
1586,364,2026-01-11,22095.03
1587,79,2025-01-01,5246.91
1588,3,2025-08-10,14460.33
1589,883,2026-08-21,4444.39
1590,578,2025-08-05,3783.87
1591,135,2026-02-15,4341.67
1592,893,2025-11-07,17314.47
1593,38,2024-04-03,2236.25
1594,302,2024-06-05,21413.14
1595,675,2025-08-15,8499.08
1596,48,2024-12-05,16641.02
1597,816,2025-04-17,998.71
1598,611,2025-04-16,7318.83
1599,855,2026-02-12,11203.61
1600,754,2026-08-24,11449.66
1601,743,2026-08-30,7311.64
1602,205,2024-03-18,2548.23
1603,185,2025-12-26,2375.08
1604,218,2025-12-08,2221.05
1605,139,2026-04-23,4970.51
1606,598,2025-02-20,4271.69
1607,54,2025-05-05,2663.5
1608,386,2025-03-16,3125.77
1609,524,2024-12-30,3833.63
1610,486,2024-08-28,173.22
1611,439,2025-09-19,2802.37
1612,201,2024-01-17,2055.02
1613,99,2025-12-31,937.34
1614,890,2026-03-31,1019.61
1615,419,2024-08-09,2752.84
1616,536,2024-07-27,5172.47
1617,511,2025-05-05,5459.91
1618,333,2026-04-05,6142.43
1619,651,2024-04-20,5466.9
1620,339,2025-02-25,2315.66
1621,373,2024-07-29,1013.63
1622,724,2026-04-10,1350.57
1623,287,2026-05-09,3424.08
1624,630,2024-03-23,4324.28
1625,600,2024-05-21,7809.44
1626,28,2024-06-02,11531.32
1627,616,2026-03-02,2485.17
1628,722,2026-05-28,4463.48
1629,244,2024-12-29,6391.94
1630,823,2024-06-02,3845.41
1631,18,2025-10-08,1399.82
1632,162,2026-05-18,1698.82
1633,852,2026-06-06,8327.8
1634,770,2025-03-09,2669.88
1635,680,2026-01-31,2948.9
1636,544,2026-07-21,10111.85
1637,181,2026-03-16,6555.56
1638,441,2025-04-07,648.57
1639,510,2024-09-11,5880.49
1640,81,2024-12-28,6240.08
1641,536,2024-12-18,14325.47
1642,81,2026-08-20,1535.25
1643,114,2025-12-15,5597.5
1644,154,2026-04-17,2126.78
1645,173,2026-01-27,2017.69
1646,74,2025-04-09,12335.05
1647,862,2026-02-09,8380.65
1648,723,2025-09-15,666.64
1649,458,2025-12-22,529.57
1650,332,2024-10-20,6072.9
1651,173,2024-08-13,3209.08
1652,855,2024-06-24,1312.19
1653,718,2024-10-08,6172.52
1654,677,2026-08-12,5515.2
1655,424,2026-07-07,3761.08
1656,25,2024-05-22,4108.17
1657,575,2025-06-24,1440.54
1658,439,2026-07-05,5476.94
1659,268,2026-01-05,16109.47
1660,284,2025-08-19,862.18
1661,53,2025-08-07,8152.34
1662,785,2024-11-13,1110.47
1663,149,2026-06-20,6978.71
1664,732,2024-03-22,3128.05
1665,876,2026-04-27,7127.84
1666,42,2026-04-29,935.2
1667,562,2024-09-11,4260.89
1668,61,2025-05-14,7689.16
1669,748,2026-05-12,4411.97
1670,457,2025-04-07,6502.05
1671,20,2024-10-19,2338.6
1672,696,2024-03-09,6645.02
1673,689,2025-03-05,12231.99
1674,833,2024-09-27,2304.02
1675,437,2026-04-09,6414.2
1676,840,2026-04-19,1694.94
1677,599,2024-11-11,13247.27
1678,474,2024-07-24,675.88
1679,323,2024-10-10,5257.66
1680,264,2025-01-26,3851.39
1681,559,2025-10-13,2324.35
1682,666,2024-05-28,2240.83
1683,33,2026-09-01,3543.49
1684,371,2025-11-13,11819.39
1685,42,2024-05-07,4684.47
1686,357,2024-11-02,517.14
1687,719,2025-11-14,4665.86
1688,622,2025-05-06,8876.55
1689,113,2025-05-28,1496.41
1690,646,2024-02-10,4426.81
1691,13,2025-02-04,8985.1
1692,12,2025-08-22,5068.11
1693,822,2026-01-01,4043.5
1694,30,2025-03-11,2690.96
1695,239,2025-06-24,3137.6
1696,119,2024-08-04,6700.27
1697,525,2026-02-16,7409.93
1698,471,2025-11-11,7296.31
1699,756,2025-12-26,1767.55
1700,889,2025-10-13,52.6
1701,672,2026-08-18,2388.1
1702,421,2026-05-07,8004.46
1703,42,2026-03-01,13932.39
1704,831,2024-11-22,1202.34
1705,505,2024-03-06,6403.19
1706,196,2024-01-01,1905.64
1707,488,2026-01-30,11169.04
1708,353,2026-05-26,7900.09
1709,316,2025-09-25,4950.86
1710,408,2025-12-04,5281.18
1711,679,2024-03-28,10252.88
1712,148,2025-07-05,361.57
1713,868,2025-08-13,3398.12
1714,57,2024-06-01,1010.96
1715,133,2026-01-02,5200.86
1716,609,2024-11-22,4306.24
1717,131,2024-07-11,4941.59
1718,700,2025-11-09,826.4
1719,662,2025-02-28,8945.01
1720,387,2025-06-06,6991.57
1721,409,2025-06-12,2313.17
1722,900,2025-08-30,7451.25
1723,716,2025-02-06,132.38
1724,569,2026-03-05,1050.44
1725,127,2026-05-04,3523.82
1726,531,2025-04-16,2741.86
1727,36,2024-06-13,10748.57
1728,227,2024-09-28,6600.15
1729,629,2026-01-22,12579.66
1730,367,2024-09-07,650.67
1731,896,2026-01-28,2716.54
1732,846,2025-10-07,978.35
1733,86,2025-03-12,4971.45
1734,796,2024-05-03,653.47
1735,778,2025-06-09,4395.68
1736,96,2025-11-06,1653.02
1737,347,2024-05-29,7532.32
1738,854,2026-03-15,3559.05
1739,16,2024-07-09,488.29
1740,53,2025-02-06,8535.7
1741,460,2025-06-02,8648.51
1742,858,2025-12-21,7191.86
1743,251,2024-08-07,2268.75
1744,696,2024-11-23,6012.2
1745,625,2026-02-25,9275.21
1746,132,2024-11-17,3227.79
1747,260,2025-08-23,3372.51
1748,562,2025-01-22,4015.03
1749,434,2024-02-25,7279.47
1750,214,2025-05-16,4560.02
1751,181,2024-12-14,6368.65
1752,502,2024-09-15,3073.58
1753,746,2026-04-16,3000.86
1754,372,2026-01-24,6564.77
1755,833,2024-09-27,1957.57
1756,601,2025-05-25,1225.76
1757,364,2025-12-02,1861.85
1758,637,2024-02-21,2872.75
1759,404,2024-04-01,3775.85
1760,682,2025-06-10,2281.25
1761,885,2026-06-26,2548.99
1762,710,2026-06-23,5167.23
1763,128,2025-03-14,1632.87
1764,65,2025-11-17,7090.41
1765,728,2025-04-24,1409.78
1766,763,2026-06-01,3686.63
1767,511,2025-07-09,3469.17
1768,221,2026-05-19,10689.92
1769,793,2024-12-20,3118.53
1770,404,2026-06-26,7919.93
1771,264,2025-12-08,6577.5
1772,330,2026-01-18,2138.16
1773,267,2024-01-15,9983.41
1774,255,2026-02-25,2249.62
1775,294,2024-06-07,2766.0
1776,607,2026-07-01,5523.6
1777,15,2024-07-03,2513.59
1778,327,2026-03-16,678.21
1779,153,2025-09-11,2811.01
1780,584,2025-01-17,2765.58
1781,896,2026-05-18,1310.84
1782,710,2025-01-13,3646.78
1783,225,2024-03-03,3721.69
1784,462,2024-03-14,5196.21
1785,18,2026-04-11,1049.54
1786,372,2025-01-09,1128.6
1787,251,2026-03-10,7278.28
1788,452,2024-01-20,1371.45
1789,368,2024-03-15,4652.83
1790,615,2026-08-21,3008.47
1791,494,2024-05-19,1741.11
1792,846,2025-11-01,10584.81
1793,62,2024-12-07,3772.44
1794,851,2025-05-02,2029.96
1795,712,2024-04-21,508.23
1796,642,2024-09-17,6210.05
1797,743,2026-01-09,1357.38
1798,46,2025-06-06,9896.64
1799,192,2025-05-06,3405.36
1800,1,2026-07-10,21549.8
1801,719,2025-02-04,2762.17
1802,320,2026-02-22,1296.86
1803,326,2025-12-07,3839.2
1804,550,2025-03-25,1946.9
1805,381,2024-10-12,203.29
1806,574,2024-12-11,7522.79
1807,843,2026-04-29,4754.38
1808,299,2024-10-25,1586.72
1809,803,2025-09-29,1035.28
1810,480,2024-05-01,1192.18
1811,338,2024-12-03,3662.52
1812,828,2026-06-30,15345.61
1813,440,2025-06-10,2961.42
1814,115,2026-03-12,469.22
1815,258,2024-09-09,1341.24
1816,761,2026-01-12,4075.1
1817,464,2026-08-18,1633.07
1818,505,2026-06-20,821.55
1819,614,2025-02-28,3055.49
1820,176,2025-10-26,1335.63
1821,84,2026-05-24,4288.6
1822,397,2026-03-04,4391.32
1823,828,2026-08-11,5620.45
1824,115,2024-01-31,6451.6
1825,647,2025-06-06,1538.23
1826,882,2026-02-10,7415.97
1827,88,2025-12-12,2482.5
1828,120,2024-05-29,304.39
1829,783,2025-07-11,6745.02
1830,98,2024-06-10,10464.59
1831,670,2024-03-30,2888.22
1832,718,2024-04-18,7741.54
1833,282,2026-07-17,3098.53
1834,263,2024-09-22,1977.45
1835,470,2025-03-21,3145.48
1836,456,2024-09-06,3465.2
1837,775,2026-05-21,4090.17
1838,534,2026-05-16,2608.75
1839,872,2025-10-01,6511.83
1840,216,2026-03-18,5376.1
1841,253,2024-04-12,1189.67
1842,217,2026-09-01,2135.07
1843,586,2025-02-10,6226.92
1844,31,2025-01-25,3033.26
1845,775,2024-07-09,1643.01
1846,695,2026-05-05,2937.24
1847,890,2024-06-14,630.14
1848,863,2026-04-16,9392.83
1849,64,2025-11-28,3575.06
1850,673,2026-01-22,1942.7
1851,454,2024-01-30,589.84
1852,662,2025-12-21,13077.29
1853,787,2026-07-30,516.66
1854,525,2025-01-19,4918.74
1855,3,2025-03-14,2622.99
1856,779,2024-04-19,2938.07
1857,394,2025-04-22,3270.83
1858,413,2025-10-18,2032.77
1859,526,2024-10-18,3490.24
1860,821,2025-12-23,3973.36
1861,474,2024-03-24,5904.92
1862,187,2025-10-19,5389.69
1863,660,2025-07-27,1212.19
1864,570,2024-08-11,1501.82
1865,59,2024-12-02,7435.71
1866,480,2024-08-21,2298.38
1867,707,2025-08-31,4677.37
1868,796,2025-09-12,8694.82
1869,255,2025-06-25,3673.76
1870,471,2024-07-08,1152.23
1871,742,2024-07-30,1178.81
1872,526,2026-03-01,2608.49
1873,378,2025-03-26,2617.34
1874,166,2025-02-28,957.02
1875,39,2024-10-27,1413.1
1876,622,2026-06-25,5447.07
1877,868,2024-08-21,7540.03
1878,541,2026-01-19,2366.44
1879,703,2026-01-20,5086.47
1880,610,2024-08-25,405.6
1881,314,2024-01-12,686.55
1882,471,2024-08-31,2878.21
1883,244,2024-09-19,9042.57
1884,201,2025-12-27,6134.51
1885,531,2025-06-01,5631.02
1886,582,2025-02-23,2907.59
1887,889,2025-04-09,857.17
1888,213,2026-07-17,8031.58
1889,262,2026-07-05,893.18
1890,150,2024-01-25,4573.31
1891,854,2026-04-02,3889.07
1892,704,2024-12-18,756.59
1893,298,2026-01-02,385.0
1894,873,2026-08-18,5622.32
1895,634,2025-05-16,3415.44
1896,429,2025-08-31,7990.42
1897,344,2025-02-22,4392.63
1898,513,2024-03-13,3940.08
1899,77,2024-02-05,213.52
1900,155,2024-12-17,3837.62
1901,843,2026-03-12,3090.44
1902,186,2024-11-28,4444.24
1903,148,2025-02-23,3093.63
1904,774,2025-06-01,3018.39
1905,851,2024-11-08,2844.34
1906,737,2025-04-22,1737.72
1907,93,2025-08-14,5562.91
1908,756,2026-04-09,20589.84
1909,241,2026-01-05,821.07
1910,10,2026-03-08,1252.32
1911,829,2025-05-24,5544.28
1912,241,2025-11-12,2532.73
1913,593,2024-05-25,2071.46
1914,67,2024-05-24,388.58
1915,171,2026-06-17,1342.58
1916,793,2025-08-11,1103.72
1917,533,2024-04-20,422.13
1918,899,2025-02-01,7187.0
1919,163,2026-08-03,3679.36
1920,802,2024-01-21,19164.47
1921,787,2025-03-07,4036.53
1922,832,2026-03-26,913.85
1923,45,2026-07-11,4372.78
1924,95,2024-12-25,5195.31
1925,477,2026-06-10,1890.88
1926,105,2025-11-29,5060.62
1927,58,2025-01-31,4956.17
1928,731,2026-01-30,1436.64
1929,626,2026-02-19,5863.01
1930,760,2024-09-25,4215.26
1931,843,2024-03-28,3376.61
1932,129,2026-01-31,3690.72
1933,748,2024-03-21,902.23
1934,40,2026-01-28,9657.18
1935,335,2024-12-13,2496.01
1936,268,2025-11-16,2259.77
1937,214,2025-08-17,4517.67
1938,647,2024-02-07,17144.51
1939,109,2024-01-10,6062.51
1940,729,2025-09-05,2536.54
1941,787,2025-05-17,4470.29
1942,600,2024-02-12,4446.2
1943,73,2026-08-09,3354.28
1944,537,2024-08-20,952.94
1945,566,2026-04-16,6214.38
1946,336,2024-04-23,4476.04
1947,331,2024-08-14,1587.54
1948,423,2025-05-30,4963.76
1949,897,2025-05-29,7463.58
1950,4,2025-08-11,2694.25
1951,458,2024-06-16,3930.35
1952,286,2024-09-14,6362.48
1953,494,2024-09-13,238.75
1954,4,2025-03-05,1919.54
1955,827,2026-06-18,2329.19
1956,412,2025-03-26,2789.04
1957,873,2026-08-30,11105.25
1958,139,2024-09-02,1299.9
1959,526,2024-08-24,2091.31
1960,612,2024-04-08,7623.89
1961,717,2024-07-25,7512.1
1962,9,2024-10-30,1378.63
1963,572,2025-01-09,9831.48
1964,134,2025-11-26,5476.45
1965,385,2025-03-10,7282.9
1966,49,2025-10-31,10254.63
1967,52,2024-03-28,5467.3
1968,690,2026-07-12,7957.83
1969,646,2024-05-24,388.67
1970,806,2024-02-02,1125.85
1971,631,2025-02-18,9407.09
1972,537,2025-09-27,2503.34
1973,106,2024-08-17,5527.84
1974,689,2024-06-07,5455.95
1975,208,2026-04-03,2944.52
1976,96,2026-03-14,999.99
1977,659,2026-01-02,4648.5
1978,530,2024-08-03,6733.83
1979,135,2025-06-06,406.63
1980,495,2025-11-03,1126.14
1981,622,2025-02-25,740.1
1982,449,2024-06-23,1454.86
1983,647,2026-03-21,5488.65
1984,455,2026-07-03,4066.36
1985,319,2024-06-10,5239.92
1986,202,2025-11-16,1378.77
1987,233,2026-05-15,3888.46
1988,729,2025-06-11,5825.03
1989,336,2024-02-17,2002.46
1990,645,2025-11-04,884.78
1991,324,2026-06-19,1859.39
1992,473,2024-09-11,4328.28
1993,547,2024-05-15,3481.85
1994,430,2024-09-03,4445.5
1995,670,2026-03-02,3227.43
1996,832,2025-06-27,5406.04
1997,776,2024-01-18,3039.3
1998,830,2025-07-27,2595.46
1999,27,2026-03-05,6123.3
2000,684,2024-06-29,2425.59
2001,654,2025-07-23,3467.38
2002,372,2024-08-11,9762.06
2003,283,2024-01-19,12882.97
2004,48,2025-01-25,7433.46
2005,755,2026-01-24,445.11
2006,757,2025-10-14,2533.38
2007,69,2024-04-09,3602.05
2008,524,2024-06-30,8516.55
2009,497,2025-06-10,4487.14
2010,156,2024-11-08,3474.02
2011,494,2024-11-19,5301.25
2012,731,2025-03-01,4568.69
2013,294,2026-01-10,10834.98
2014,654,2025-07-15,3134.1
2015,874,2026-04-11,5083.12
2016,410,2024-04-09,7223.11
2017,97,2025-03-28,21239.05
2018,268,2025-06-20,1039.03
2019,123,2026-01-08,240.06
2020,318,2025-05-17,3881.95
2021,580,2026-06-12,11966.27
2022,183,2026-03-27,2691.91
2023,463,2025-11-02,10856.62
2024,899,2025-01-22,1264.34
2025,239,2024-11-09,2612.2
2026,792,2025-06-04,2085.43
2027,274,2025-03-27,14386.47
2028,553,2024-01-29,2245.37
2029,142,2024-08-12,1428.8
2030,242,2026-03-25,1632.84
2031,781,2025-03-22,4012.3
2032,531,2026-07-14,2597.28
2033,513,2024-08-27,2482.18
2034,460,2026-08-01,5040.88
2035,221,2026-02-26,4518.4
2036,837,2024-12-15,2512.8
2037,355,2025-08-17,2461.67
2038,11,2026-08-21,5199.87
2039,817,2025-09-09,4998.97
2040,42,2026-06-27,2131.61
2041,799,2024-04-17,165.53
2042,240,2024-06-08,4451.8
2043,63,2024-01-02,1895.11
2044,199,2024-11-13,4618.83
2045,589,2026-02-08,9547.17
2046,492,2026-07-28,4675.73
2047,138,2025-06-12,686.74
2048,271,2025-02-16,2723.91
2049,190,2026-06-27,1129.2
2050,588,2025-07-27,2164.43
2051,778,2025-06-07,6957.27
2052,230,2024-03-23,5767.2
2053,806,2024-07-28,21884.98
2054,368,2025-11-11,4818.22
2055,75,2025-11-12,783.04
2056,291,2025-04-28,2763.2
2057,787,2025-11-14,753.78
2058,728,2025-11-04,2865.93
2059,656,2024-03-04,2096.32
2060,359,2026-03-25,558.05
2061,699,2025-11-07,5246.25
2062,640,2024-08-01,3526.6
2063,713,2024-07-26,1788.64
2064,502,2026-07-23,1784.58
2065,457,2024-09-05,1320.57
2066,871,2024-02-01,5496.43
2067,853,2024-01-31,3722.67
2068,483,2024-08-10,10226.41
2069,181,2025-09-03,4208.81
2070,369,2025-03-20,1809.69
2071,455,2025-12-14,8867.56
2072,610,2024-08-14,9269.02
2073,287,2024-08-12,12344.47
2074,41,2025-01-29,15823.68
2075,741,2026-02-11,2397.46
2076,855,2025-05-05,1480.4
2077,75,2026-01-12,3220.32
2078,287,2024-04-01,9582.49
2079,391,2025-02-03,3732.27
2080,685,2025-03-02,22.39
2081,697,2024-03-07,1552.66
2082,309,2024-11-02,703.87
2083,282,2024-09-30,4912.05
2084,365,2025-03-20,4722.43
2085,217,2024-06-10,3833.71
2086,393,2024-09-19,6453.92
2087,237,2026-07-23,1628.69
2088,55,2024-05-19,1244.86
2089,643,2026-03-08,4179.15
2090,709,2025-06-13,3098.62
2091,259,2024-03-17,4976.52
2092,361,2025-01-25,3959.32
2093,363,2025-05-15,1213.02
2094,20,2024-09-27,898.6
2095,492,2024-09-17,8981.38
2096,413,2025-11-25,2774.07
2097,847,2024-02-01,7985.88
2098,335,2026-06-24,1968.04
2099,715,2024-11-10,9704.67
2100,352,2025-01-07,1063.11
2101,167,2024-05-04,389.96
2102,314,2026-05-08,3231.46
2103,795,2024-08-05,678.91
2104,231,2026-02-22,5618.53
2105,761,2024-11-14,12110.78
2106,599,2024-01-31,1149.25
2107,671,2025-02-02,2063.36
2108,678,2025-05-25,2147.74
2109,466,2025-04-01,2160.05
2110,542,2026-08-20,3006.78
2111,63,2025-05-22,8248.52
2112,630,2026-01-29,3381.0
2113,641,2024-12-26,3111.47
2114,94,2024-05-21,538.58
2115,467,2025-04-30,817.31
2116,459,2025-06-29,697.45
2117,279,2025-02-11,1940.82
2118,60,2026-01-17,4341.82
2119,9,2026-07-29,998.1
2120,188,2024-03-19,11944.52
2121,208,2024-03-06,737.64
2122,191,2024-09-24,3863.45
2123,546,2025-07-25,19795.67
2124,380,2024-02-11,3361.4
2125,102,2024-07-07,4305.7
2126,76,2025-02-02,3885.52
2127,590,2025-01-01,1046.01
2128,842,2026-04-05,3054.72
2129,738,2025-06-16,75.35
2130,682,2026-04-30,2354.52
2131,287,2026-01-10,7785.73
2132,634,2025-02-07,13936.18
2133,74,2026-08-11,1647.13
2134,155,2026-04-02,11742.33
2135,126,2025-04-26,1106.9
2136,166,2026-04-09,4883.17
2137,323,2024-09-07,5005.77
2138,40,2024-07-22,1532.6
2139,733,2026-02-10,751.73
2140,644,2026-02-08,1614.59
2141,571,2024-08-04,3848.82
2142,158,2026-01-05,8416.01
2143,782,2025-05-10,10974.66
2144,6,2025-06-28,3728.73
2145,895,2026-04-05,5894.24
2146,655,2024-06-05,7083.79
2147,183,2025-01-28,1633.54
2148,178,2024-10-09,5758.96
2149,626,2025-06-27,2275.57
2150,728,2024-06-02,1928.45
2151,420,2024-04-26,1422.5
2152,55,2025-11-09,1573.91
2153,445,2024-02-24,3687.82
2154,432,2025-02-10,2686.49
2155,294,2026-08-19,2758.2
2156,813,2026-08-31,2253.3
2157,309,2024-06-23,744.14
2158,220,2026-06-22,1982.57
2159,609,2024-11-23,954.81
2160,557,2024-07-12,2160.19
2161,559,2025-05-07,1801.87
2162,454,2025-04-21,4822.83
2163,287,2024-12-31,6859.84
2164,232,2025-02-20,2685.08
2165,107,2024-04-04,5907.51
2166,168,2024-09-14,1009.72
2167,521,2024-07-10,20526.91
2168,366,2026-06-27,8823.77
2169,666,2025-04-26,1037.42
2170,724,2025-06-16,2544.61
2171,503,2025-03-03,6857.69
2172,95,2026-05-12,600.35
2173,4,2026-02-17,3461.9
2174,206,2025-11-03,794.55
2175,255,2024-10-30,1825.64
2176,67,2024-10-27,2439.82
2177,701,2026-07-05,1969.25
2178,331,2026-06-25,257.95
2179,669,2024-10-02,3795.33
2180,188,2024-11-24,14069.0
2181,10,2024-11-19,3017.05
2182,124,2026-02-03,15780.94
2183,424,2026-07-14,108.17
2184,432,2026-05-15,1354.09
2185,394,2026-03-30,1309.94
2186,864,2024-12-05,4045.08
2187,588,2024-11-05,3080.3
2188,659,2026-05-16,2356.27
2189,113,2025-01-20,6921.38
2190,420,2024-07-28,3185.24
2191,560,2026-04-01,5960.16
2192,527,2025-04-12,12628.04
2193,853,2024-03-24,7096.64
2194,429,2026-05-23,978.98
2195,335,2024-10-14,18314.03
2196,850,2024-10-28,5147.9
2197,304,2025-06-02,2587.74
2198,514,2024-09-20,774.68
2199,26,2026-03-19,3375.87
2200,150,2025-11-05,1475.79
2201,52,2025-07-04,538.72
2202,377,2024-07-14,874.09
2203,839,2025-04-22,412.31
2204,65,2024-09-22,2212.16
2205,878,2026-07-27,2828.8
2206,783,2026-02-11,4564.53
2207,6,2024-04-23,5019.02
2208,14,2025-05-29,1851.46
2209,811,2026-01-30,2115.0
2210,527,2025-05-25,3837.32
2211,157,2024-05-03,932.14
2212,859,2024-05-16,5764.76
2213,506,2025-12-15,2306.92
2214,572,2025-05-25,6595.72
2215,611,2025-06-13,3513.23
2216,182,2024-09-20,2573.8
2217,324,2024-09-15,8157.15
2218,116,2025-02-01,494.95
2219,477,2025-06-13,4386.67
2220,889,2025-04-02,10956.18
2221,565,2026-05-07,3656.39
2222,623,2024-07-03,3024.97
2223,175,2025-04-05,6730.39
2224,488,2024-08-17,1838.9
2225,895,2024-01-07,2419.04
2226,80,2025-02-08,777.91
2227,184,2024-02-25,1724.65
2228,648,2024-12-28,5439.57
2229,10,2025-09-08,2481.34
2230,186,2025-01-01,1198.79
2231,850,2025-10-22,8444.32
2232,18,2024-10-14,7566.47
2233,387,2025-01-26,1373.62
2234,297,2026-05-03,7516.29
2235,359,2024-08-24,5317.7
2236,233,2025-05-03,3850.22
2237,249,2025-11-29,11498.55
2238,685,2024-12-18,4358.05
2239,24,2024-10-23,1516.28
2240,117,2025-11-11,2243.49
2241,239,2024-03-13,5168.73
2242,744,2024-09-15,11360.53
2243,354,2025-02-03,4401.59
2244,32,2024-07-30,3858.11
2245,469,2025-06-09,6572.32
2246,565,2025-08-26,5736.59
2247,412,2026-07-30,8613.67
2248,80,2025-08-09,3167.53
2249,792,2025-07-31,4761.53
2250,773,2025-12-08,3011.08
2251,821,2024-07-22,757.04
2252,868,2025-04-03,988.83
2253,286,2026-03-22,1633.78
2254,380,2024-06-20,723.22
2255,864,2024-10-11,3741.2
2256,405,2024-08-02,6932.43
2257,779,2026-07-24,1861.42
2258,583,2024-12-11,332.39
2259,835,2024-11-13,1456.3
2260,10,2026-03-05,2499.81
2261,636,2026-06-05,6535.59
2262,721,2024-01-05,3427.2
2263,179,2026-05-06,3420.0
2264,662,2025-11-20,4956.06
2265,176,2026-04-22,7398.08
2266,815,2024-03-25,11028.44
2267,818,2024-02-08,1868.78
2268,4,2024-11-23,3168.13
2269,457,2026-04-08,1864.94
2270,345,2025-05-01,4737.05
2271,802,2025-12-04,327.74
2272,289,2024-08-26,13371.07
2273,649,2024-11-21,5188.29
2274,106,2026-05-05,4515.87
2275,192,2025-04-22,1501.02
2276,887,2026-01-30,2184.28
2277,347,2025-09-15,724.46
2278,690,2024-06-20,1408.54
2279,872,2026-07-08,7398.67
2280,869,2026-07-11,449.38
2281,18,2026-01-30,15496.27
2282,210,2025-04-02,8590.1
2283,644,2025-02-21,4433.06
2284,835,2024-10-17,1294.27
2285,881,2025-09-21,5967.33
2286,649,2024-10-29,5496.1
2287,94,2024-06-30,1829.21
2288,669,2024-02-29,5088.63
2289,245,2025-02-17,2489.98
2290,728,2026-03-05,285.29
2291,493,2026-02-10,792.79
2292,166,2026-04-08,8345.33
2293,760,2025-08-14,2090.42
2294,890,2026-04-25,1581.44
2295,456,2026-02-02,3725.21
2296,732,2026-02-25,148.13
2297,54,2025-05-12,3358.79
2298,245,2024-03-24,3949.1
2299,115,2025-01-05,5828.5
2300,256,2026-04-06,1001.3
2301,339,2025-12-24,1793.39
2302,389,2024-01-13,3865.31
2303,291,2024-04-01,1119.27
2304,491,2025-10-04,4160.73
2305,198,2026-08-12,3715.14
2306,314,2025-12-14,125.11
2307,757,2026-07-13,7260.83
2308,507,2024-03-05,1156.67
2309,25,2026-05-08,3444.18
2310,296,2024-05-05,13517.19
2311,747,2026-05-12,1313.81
2312,163,2026-08-07,4985.57
2313,830,2025-05-13,16135.14
2314,267,2025-06-03,5646.15
2315,568,2025-04-30,8537.35
2316,428,2025-06-23,869.6
2317,563,2026-03-10,10961.76
2318,718,2024-10-01,295.63
2319,135,2024-10-03,5320.31
2320,317,2026-08-02,3310.31
2321,512,2026-04-08,2420.04
2322,235,2025-06-10,2007.11
2323,338,2024-07-14,5757.25
2324,798,2026-07-20,1504.9
2325,207,2026-05-07,2124.12
2326,171,2024-11-16,5353.59
2327,525,2025-06-11,8265.5
2328,90,2025-02-12,2972.28
2329,2,2026-04-02,11307.8
2330,783,2025-11-01,3926.46
2331,249,2025-04-25,3589.07
2332,109,2026-08-01,22461.36
2333,591,2025-08-16,4701.15
2334,433,2025-04-16,14632.35
2335,410,2026-06-22,21082.92
2336,395,2025-03-14,912.71
2337,132,2025-02-11,1477.45
2338,773,2025-01-13,411.92
2339,2,2024-08-02,6122.47
2340,435,2024-09-29,6201.07
2341,244,2024-03-29,1881.39
2342,578,2025-12-10,106.35
2343,495,2025-07-29,4908.74
2344,347,2026-06-28,475.92
2345,482,2025-08-18,2748.7
2346,205,2024-03-19,6414.12
2347,118,2025-08-28,3831.82
2348,815,2024-06-19,8208.48
2349,553,2024-02-06,2592.92
2350,589,2025-10-08,1557.49
2351,900,2024-01-27,1234.33
2352,814,2025-02-02,6269.63
2353,527,2026-05-23,3093.63
2354,714,2024-09-06,1468.9
2355,475,2025-11-09,4703.53
2356,215,2025-01-02,353.64
2357,561,2024-04-20,3537.78
2358,822,2024-07-11,4305.97
2359,792,2024-03-13,4851.28
2360,455,2024-05-27,11365.65
2361,852,2024-06-06,2451.71
2362,178,2026-05-11,4364.22
2363,37,2026-02-25,5019.47
2364,363,2024-12-10,3130.37
2365,185,2025-12-06,786.25
2366,862,2024-07-18,6786.32
2367,105,2025-09-14,102.66
2368,482,2024-07-16,855.89
2369,696,2025-09-16,2380.56
2370,100,2024-12-14,852.08
2371,42,2026-04-17,3525.79
2372,499,2026-03-25,8872.56
2373,813,2024-11-21,15040.61
2374,15,2024-02-10,3187.36
2375,19,2024-11-10,4673.34
2376,833,2024-10-01,3507.54
2377,543,2025-02-18,3018.89
2378,632,2025-07-13,3036.58
2379,249,2026-08-22,12967.92
2380,282,2024-03-02,168.02
2381,424,2025-06-25,7277.01
2382,193,2024-06-16,1295.39
2383,398,2025-06-17,2650.36
2384,859,2025-09-12,799.48
2385,675,2026-02-28,713.0
2386,783,2025-06-29,8244.46
2387,447,2024-06-22,1653.53
2388,709,2026-06-09,3398.86
2389,380,2025-01-30,5225.09
2390,556,2025-04-12,11335.54
2391,658,2025-09-17,748.64
2392,743,2024-09-15,11926.61
2393,834,2026-08-21,4212.51
2394,95,2024-02-13,4045.44
2395,715,2024-05-30,2426.18
2396,639,2026-08-23,2059.85
2397,664,2025-03-16,382.72
2398,14,2026-05-20,9423.21
2399,439,2026-06-01,663.89
2400,865,2026-08-23,1785.8
2401,811,2025-12-08,8264.51
2402,208,2025-10-28,2966.22
2403,438,2025-08-21,925.53
2404,778,2025-10-28,6877.23
2405,838,2024-09-07,2079.75
2406,299,2026-03-05,1755.46
2407,723,2024-07-01,703.83
2408,752,2025-04-12,1928.99
2409,136,2024-12-30,2359.41
2410,29,2026-01-12,5129.36
2411,43,2024-09-05,1435.15
2412,131,2024-07-20,9645.59
2413,667,2026-02-27,8449.58
2414,351,2025-04-19,8448.78
2415,618,2025-12-03,3939.07
2416,81,2026-05-06,6500.43
2417,542,2026-03-25,6005.47
2418,671,2025-01-24,7719.69
2419,879,2024-06-15,8323.67
2420,288,2026-07-25,6228.12
2421,491,2024-10-29,6339.51
2422,435,2026-01-19,5857.14
2423,314,2026-01-19,6350.49
2424,576,2025-03-07,3612.67
2425,509,2024-06-08,1806.94
2426,750,2025-04-05,973.08
2427,26,2024-05-21,692.58
2428,200,2024-12-09,1087.43
2429,522,2025-01-08,7924.22
2430,517,2025-05-20,10767.07
2431,813,2024-06-30,6097.82
2432,608,2026-04-04,4292.28
2433,4,2024-03-17,381.66
2434,441,2026-08-19,3050.14
2435,761,2024-10-31,1700.74
2436,786,2025-04-22,1700.28
2437,722,2026-05-03,3823.13
2438,430,2025-09-29,6062.32
2439,96,2024-02-25,3477.8
2440,192,2025-08-11,17132.56
2441,763,2025-07-05,4177.2
2442,307,2026-06-28,293.83
2443,688,2025-07-02,13039.92
2444,33,2026-08-25,3300.34
2445,442,2025-06-01,10713.45
2446,856,2024-07-06,667.67
2447,221,2025-05-07,1419.53
2448,28,2026-06-13,1066.53
2449,260,2024-01-17,7754.97
2450,57,2025-01-23,9381.29
2451,552,2024-02-16,5422.25
2452,173,2026-03-31,4475.12
2453,222,2025-05-13,343.44
2454,529,2025-11-29,1596.16
2455,293,2026-08-02,1864.45
2456,586,2026-03-22,498.19
2457,838,2025-02-01,3146.27
2458,839,2026-06-30,5541.23
2459,657,2025-04-05,7092.75
2460,872,2026-08-12,5875.5
2461,663,2026-08-15,2577.9
2462,62,2024-08-04,2013.19
2463,861,2026-01-29,2738.24
2464,511,2025-11-11,3063.88
2465,6,2026-01-20,1008.87
2466,559,2024-06-12,2131.64
2467,221,2025-05-07,1756.52
2468,481,2024-05-27,11853.74
2469,593,2026-05-25,7602.24
2470,25,2026-05-01,5491.7
2471,395,2025-07-20,1238.9
2472,50,2024-05-06,6463.03
2473,102,2025-10-02,1536.75
2474,191,2025-03-04,6523.82
2475,704,2026-02-06,2656.41
2476,372,2024-04-06,8696.54
2477,43,2025-01-31,633.3
2478,673,2024-12-18,6263.21
2479,490,2026-07-18,9304.89
2480,128,2024-10-17,2802.97
2481,507,2026-08-21,2608.94
2482,224,2026-06-17,3432.36
2483,573,2025-07-26,5440.38
2484,853,2024-06-19,1925.94
2485,285,2024-08-04,1627.24
2486,671,2024-01-17,13235.04
2487,22,2026-01-25,2483.33
2488,367,2025-12-08,3245.55
2489,801,2024-11-10,2198.65
2490,68,2025-12-13,5816.51
2491,837,2025-07-16,1754.6
2492,85,2026-03-07,3000.74
2493,434,2024-03-25,7960.71
2494,163,2024-07-12,7135.95
2495,19,2026-02-26,2436.15
2496,315,2024-12-26,3516.65
2497,523,2026-07-24,1315.41
2498,651,2026-05-08,3512.17
2499,285,2024-04-01,15139.08
2500,444,2025-01-28,6744.71
2501,165,2025-12-14,1303.26
2502,657,2024-05-12,512.37
2503,153,2026-04-19,1341.57
2504,775,2024-04-05,842.06
2505,162,2024-04-16,3024.24
2506,598,2025-06-13,8512.45
2507,298,2024-08-28,3059.05
2508,897,2025-09-15,1778.8
2509,253,2025-01-17,2491.79
2510,854,2024-09-20,5329.84
2511,753,2026-03-26,4011.43
2512,422,2024-06-04,1378.35
2513,446,2025-04-26,6777.07
2514,319,2024-06-13,1083.61
2515,385,2024-05-13,3763.91
2516,420,2024-07-19,2159.41
2517,132,2024-09-06,2813.89
2518,291,2025-02-05,1142.33
2519,789,2025-03-31,3553.55
2520,882,2024-05-15,996.81
2521,50,2024-02-08,2002.68
2522,660,2024-04-02,2650.62
2523,216,2025-09-07,1407.44
2524,589,2026-08-07,9727.66
2525,560,2024-01-25,1996.57
2526,791,2024-02-03,2477.02
2527,633,2026-01-31,3439.53
2528,742,2025-12-07,680.02
2529,722,2025-12-16,365.91
2530,583,2024-06-17,2654.3
2531,370,2026-04-23,470.55
2532,304,2025-08-31,4528.31
2533,313,2024-06-02,4717.25
2534,323,2024-04-22,4526.73
2535,260,2025-08-10,6361.01
2536,280,2026-01-29,2642.93
2537,512,2026-01-31,9946.4
2538,244,2025-07-26,4146.25
2539,314,2025-05-17,9333.1
2540,639,2025-11-09,6123.54
2541,296,2024-05-07,2733.33
2542,96,2024-12-21,4119.27
2543,16,2024-04-06,5296.43
2544,689,2026-03-28,330.83
2545,854,2025-08-13,693.66
2546,615,2026-01-27,11448.49
2547,55,2025-04-30,5253.3
2548,508,2026-06-25,7773.89
2549,244,2026-06-25,2609.16
2550,289,2025-08-23,9475.31
2551,830,2026-03-23,2764.88
2552,742,2025-10-05,5216.32
2553,662,2025-12-06,10524.11
2554,451,2024-08-28,5780.78
2555,521,2026-08-15,1095.69
2556,825,2024-06-28,2956.04
2557,595,2025-11-08,4268.37
2558,522,2025-08-14,5520.16
2559,88,2024-03-31,8619.78
2560,897,2026-01-25,5557.99
2561,728,2024-03-16,3086.22
2562,329,2025-05-11,2500.52
2563,226,2026-03-06,2634.58
2564,872,2024-05-02,2034.65
2565,861,2024-12-17,1935.45
2566,379,2025-05-10,7640.9
2567,209,2026-06-20,3754.67
2568,719,2025-01-07,2077.64
2569,563,2024-04-25,3355.77
2570,811,2024-05-08,2223.95
2571,491,2024-07-12,402.4
2572,497,2026-04-24,5616.1
2573,129,2026-01-23,8030.24
2574,543,2025-02-11,6942.93
2575,327,2026-04-06,6605.67
2576,185,2026-06-14,1008.97
2577,704,2026-04-25,9439.97
2578,312,2024-01-05,1844.8
2579,192,2024-04-06,818.87
2580,865,2025-12-08,140.68
2581,867,2025-01-07,4184.57
2582,446,2024-06-03,9622.84
2583,266,2025-09-22,8599.16
2584,146,2024-12-12,3461.49
2585,565,2026-06-14,7456.61
2586,550,2025-07-16,15532.72
2587,557,2024-08-21,2363.74
2588,691,2026-06-30,5053.82
2589,424,2025-08-08,9768.29
2590,615,2024-10-15,854.01
2591,590,2024-05-19,953.79
2592,717,2025-06-25,10987.83
2593,670,2025-12-29,7624.24
2594,33,2026-03-26,1671.78
2595,558,2024-05-04,1146.68
2596,878,2025-02-25,989.07
2597,504,2026-09-01,4068.45
2598,477,2025-10-06,1707.18
2599,546,2024-03-30,1746.02
2600,504,2026-06-13,994.63
2601,362,2025-10-30,3567.95
2602,895,2025-03-24,853.16
2603,64,2026-01-27,5701.42
2604,733,2025-09-24,8813.47
2605,144,2024-09-08,4228.84
2606,186,2026-02-15,7595.65
2607,547,2024-09-05,2954.22
2608,575,2024-08-11,1464.42
2609,835,2025-08-04,2387.57
2610,265,2024-01-19,508.41
2611,24,2025-09-06,1844.93
2612,230,2025-06-20,2820.73
2613,490,2025-12-03,3432.26
2614,322,2024-06-04,7784.73
2615,227,2025-07-19,10049.91
2616,823,2025-03-06,4079.85
2617,506,2024-06-19,1094.19
2618,605,2025-03-16,1080.92
2619,675,2026-06-20,1880.03
2620,369,2026-03-14,1561.57
2621,662,2024-06-11,4159.61
2622,868,2026-04-05,1165.21
2623,653,2025-07-05,10241.85
2624,268,2024-02-15,6834.17
2625,702,2026-06-16,8010.94
2626,213,2025-05-27,1790.21
2627,66,2026-06-09,1164.68
2628,400,2024-04-05,1683.68
2629,459,2024-06-12,3665.94
2630,423,2026-05-29,3321.61
2631,236,2024-08-20,9454.12
2632,246,2025-06-19,10815.31
2633,830,2025-08-09,3844.93
2634,263,2026-07-13,693.25
2635,705,2024-11-24,2544.92
2636,232,2026-01-04,20939.03
2637,97,2025-12-13,746.59
2638,57,2025-11-14,4307.37
2639,219,2025-05-24,1672.38
2640,758,2024-03-10,14344.13
2641,410,2024-09-16,4646.56
2642,626,2025-06-30,1690.39
2643,867,2025-02-04,2188.0
2644,44,2024-06-28,294.14
2645,99,2025-11-04,4251.08
2646,829,2025-03-25,4364.7
2647,512,2026-02-04,732.9
2648,557,2025-06-18,5639.64
2649,308,2024-12-26,10703.94
2650,745,2024-04-16,955.57
2651,582,2024-04-12,5534.25
2652,232,2025-05-09,5650.7
2653,584,2024-12-10,3863.7
2654,4,2025-12-01,4095.57
2655,217,2025-09-06,2105.6
2656,184,2024-10-04,275.17
2657,708,2026-01-10,4555.45
2658,662,2025-07-05,6750.57
2659,83,2026-05-07,1257.41
2660,816,2026-07-18,1710.02
2661,737,2026-07-26,1500.21
2662,392,2024-05-03,4845.58
2663,191,2025-05-31,4283.62
2664,379,2024-01-29,1351.56
2665,531,2026-05-08,3241.94
2666,568,2025-11-16,3342.09
2667,313,2024-09-12,4625.22
2668,92,2025-08-15,2343.13
2669,549,2025-06-29,8308.86
2670,635,2025-06-13,4677.58
2671,241,2025-06-09,8195.86
2672,576,2026-08-17,4576.39
2673,513,2026-01-19,4924.8
2674,452,2025-01-27,562.74
2675,8,2026-01-23,4277.85
2676,277,2024-05-17,3171.99
2677,338,2024-10-05,8874.33
2678,751,2024-04-24,7915.78
2679,744,2026-05-13,9601.37
2680,787,2024-01-24,1754.42
2681,417,2026-05-19,3391.56
2682,295,2026-03-22,10308.65
2683,450,2026-07-13,1706.4
2684,713,2026-01-16,8920.03
2685,560,2025-03-22,8173.41
2686,542,2026-03-02,3290.07
2687,391,2026-08-20,12330.87
2688,627,2026-05-20,8449.79
2689,781,2026-02-04,866.14
2690,602,2026-01-17,10935.38
2691,363,2025-09-28,3297.96
2692,756,2026-05-19,4838.24
2693,849,2025-02-25,4859.3
2694,717,2025-05-03,5884.3
2695,790,2026-04-01,10479.15
2696,239,2024-09-12,4783.0
2697,379,2026-01-15,3090.77
2698,225,2024-04-17,1304.11
2699,330,2025-07-24,2215.36
2700,661,2024-02-03,8005.86
2701,609,2026-08-30,9383.13
2702,3,2026-03-31,2475.4
2703,680,2024-08-31,6838.82
2704,173,2024-05-26,2029.39
2705,168,2025-09-17,389.39
2706,490,2026-05-29,704.8
2707,217,2024-11-09,8582.15
2708,867,2026-07-26,422.29
2709,132,2025-03-22,6375.03
2710,137,2025-03-06,4472.42
2711,685,2024-11-26,8994.33
2712,258,2024-09-20,4057.84
2713,643,2024-11-22,5396.27
2714,614,2024-06-17,4376.28
2715,171,2025-01-02,4887.54
2716,522,2024-10-09,3500.81
2717,484,2024-02-25,5482.22
2718,86,2024-12-19,2751.47
2719,688,2024-02-08,7574.42
2720,772,2024-06-25,3993.58
2721,853,2025-12-07,7129.98
2722,80,2024-01-25,1741.38
2723,161,2024-10-30,2529.17
2724,743,2025-10-29,726.86
2725,274,2024-01-21,4964.98
2726,563,2025-12-19,4775.95
2727,314,2024-03-20,2163.52
2728,196,2024-02-23,3659.54
2729,563,2024-07-09,1272.25
2730,185,2026-04-18,8171.13
2731,123,2024-02-17,7963.52
2732,478,2024-04-06,3503.21
2733,175,2026-07-11,2956.6
2734,174,2025-08-17,551.87
2735,703,2025-07-08,6968.91
2736,476,2024-02-09,1544.91
2737,488,2025-01-19,7443.01
2738,130,2025-07-15,698.17
2739,145,2025-06-03,1214.37
2740,352,2025-05-23,937.4
2741,350,2024-04-19,1472.06
2742,407,2026-08-22,18199.89
2743,122,2025-11-15,3138.86
2744,809,2024-08-23,6146.24
2745,327,2026-08-03,1151.26
2746,735,2024-10-20,1752.36
2747,361,2024-05-07,13382.42
2748,425,2026-05-20,3247.85
2749,101,2024-05-28,4146.93
2750,610,2024-02-29,5235.45
2751,54,2025-09-04,12134.57
2752,674,2024-09-14,8573.31
2753,794,2024-05-28,9945.05
2754,326,2024-04-09,5688.83
2755,799,2024-05-02,2732.06
2756,629,2026-07-25,4629.27
2757,3,2025-10-15,1058.33
2758,183,2026-04-01,296.63
2759,578,2025-08-26,4177.93
2760,632,2025-06-13,24.93
2761,85,2024-07-31,2103.62
2762,617,2026-08-01,1247.63
2763,730,2026-03-13,2714.23
2764,83,2025-05-30,2928.78
2765,792,2024-04-12,894.07
2766,480,2026-01-11,5440.41
2767,555,2024-11-20,9481.35
2768,46,2024-07-22,1055.46
2769,552,2025-12-21,971.51
2770,410,2026-03-27,3353.94
2771,335,2025-08-21,313.08
2772,703,2024-03-13,3427.57
2773,225,2025-08-08,8564.91
2774,54,2026-06-14,980.13
2775,450,2025-10-31,11541.43
2776,670,2024-09-15,2339.93
2777,121,2025-09-22,2684.55
2778,887,2024-08-30,1904.88
2779,606,2026-05-02,6735.5
2780,841,2026-04-04,3863.16
2781,424,2025-07-08,2475.17
2782,111,2024-05-11,1525.17
2783,160,2025-01-26,4442.18
2784,451,2024-04-27,10000.61
2785,530,2026-01-16,2695.57
2786,661,2025-10-25,3767.47
2787,716,2024-09-09,568.32
2788,687,2026-04-14,3725.33
2789,530,2026-01-10,18379.05
2790,17,2026-07-01,842.48
2791,477,2024-09-29,4769.67
2792,738,2024-06-19,2029.26
2793,763,2025-04-13,512.02
2794,752,2024-09-15,2317.75
2795,10,2025-12-21,15362.58
2796,392,2025-02-18,4703.2
2797,556,2025-09-03,4272.98
2798,223,2024-06-16,951.77
2799,369,2024-03-24,8006.33
2800,88,2026-07-03,10540.9
2801,175,2025-03-11,10229.42
2802,6,2024-05-15,7578.8
2803,882,2026-03-02,1370.63
2804,774,2024-05-09,1028.78
2805,364,2026-08-29,248.83
2806,4,2025-01-11,1165.71
2807,302,2025-03-31,4564.44
2808,391,2024-09-09,1146.24
2809,153,2024-03-24,8315.82
2810,596,2025-02-02,9350.75
2811,898,2024-12-23,8941.9
2812,760,2025-03-12,378.95
2813,771,2025-04-22,4281.68
2814,748,2025-09-06,3855.47
2815,63,2024-03-12,8750.57
2816,497,2024-12-19,535.81
2817,510,2026-04-22,3812.03
2818,91,2026-07-17,516.61
2819,133,2025-06-09,7764.35
2820,509,2024-12-23,76.67
2821,645,2025-02-09,15109.68
2822,189,2026-02-01,5526.51
2823,436,2025-01-22,3342.28
2824,68,2026-07-10,1767.77
2825,100,2024-01-28,9066.8
2826,523,2025-08-13,554.31
2827,502,2025-05-20,5272.85
2828,676,2025-03-16,3117.23
2829,820,2025-04-08,4556.38
2830,171,2024-06-03,3999.08
2831,308,2024-12-03,5927.92
2832,771,2024-12-10,3357.86
2833,46,2025-10-04,2305.16
2834,746,2025-08-06,3463.44
2835,851,2025-02-04,6739.61
2836,90,2025-05-19,7138.62
2837,128,2025-07-11,4739.54
2838,616,2024-02-15,148.47
2839,428,2026-05-12,4286.89
2840,889,2026-05-20,422.23
2841,491,2024-12-20,7432.47
2842,590,2026-01-12,6643.69
2843,214,2025-01-22,1287.1
2844,293,2024-03-06,5761.78
2845,160,2026-04-24,3694.15
2846,133,2024-09-17,1589.88
2847,102,2024-12-15,5669.01
2848,804,2025-07-15,11175.78
2849,63,2025-03-04,2210.58
2850,465,2024-09-16,4793.3
2851,458,2026-02-19,1183.26
2852,51,2024-12-13,1761.72
2853,758,2025-07-31,3508.71
2854,451,2025-10-10,1509.03
2855,115,2026-06-29,1398.11
2856,116,2025-04-11,977.89
2857,631,2025-04-03,9316.8
2858,558,2026-06-09,6854.37
2859,372,2025-04-12,3412.51
2860,365,2024-10-17,7252.66
2861,32,2024-02-11,7730.47
2862,29,2024-11-12,2915.91
2863,483,2024-07-11,1110.18
2864,328,2024-10-24,4830.05
2865,227,2025-06-10,9389.46
2866,342,2025-05-26,6390.58
2867,545,2024-07-01,10805.01
2868,264,2025-03-28,7647.9
2869,315,2025-03-18,16401.18
2870,255,2024-02-11,5088.01
2871,600,2024-10-03,2610.08
2872,50,2025-12-05,6763.78
2873,827,2024-01-21,9693.65
2874,500,2024-10-20,4318.88
2875,221,2025-04-08,7783.95
2876,684,2024-06-11,2346.18
2877,846,2025-09-22,7617.38
2878,53,2025-11-28,22175.61
2879,184,2024-11-25,2369.63
2880,130,2024-08-12,4572.77
2881,64,2026-01-27,6060.52
2882,665,2024-07-28,3255.71
2883,174,2024-05-22,2528.66
2884,346,2024-02-02,3822.84
2885,734,2024-03-30,8712.14
2886,551,2026-04-29,588.52
2887,610,2026-06-30,1448.56
2888,88,2025-06-16,3165.57
2889,874,2026-06-17,7959.01
2890,75,2025-11-20,3794.77
2891,639,2025-01-31,1948.63
2892,576,2025-11-26,4459.93
2893,372,2025-02-13,2482.12
2894,755,2026-07-26,5983.59
2895,804,2026-04-09,5746.99
2896,64,2026-04-03,4564.89
2897,863,2025-06-01,1827.64
2898,218,2025-05-20,7835.97
2899,713,2024-04-24,13206.35
2900,739,2025-09-28,5220.54
2901,501,2024-04-22,716.66
2902,777,2025-06-10,18266.5
2903,744,2024-05-07,5941.7
2904,471,2025-04-09,1264.19
2905,162,2026-01-31,7520.77
2906,392,2024-10-27,9423.16
2907,811,2025-08-09,3931.36
2908,183,2024-09-10,440.19
2909,900,2024-10-19,4760.63
2910,164,2024-06-27,1220.63
2911,599,2024-06-07,6101.7
2912,577,2024-12-28,1909.73
2913,177,2024-04-30,5538.21
2914,426,2026-05-19,2570.73
2915,130,2025-12-23,4953.66
2916,329,2024-08-04,7693.85
2917,864,2026-05-13,7866.01
2918,49,2024-12-22,1647.88
2919,785,2025-06-01,2883.41
2920,610,2025-11-12,3012.54
2921,674,2026-01-23,4691.76
2922,254,2024-01-08,9939.51
2923,855,2024-10-03,3360.67
2924,229,2024-11-24,5613.62
2925,454,2025-07-25,3209.92
2926,34,2026-04-30,1922.04
2927,799,2025-03-03,650.18
2928,635,2025-03-27,2422.4
2929,147,2024-03-26,1015.17
2930,596,2025-05-27,1085.92
2931,165,2025-04-20,5039.48
2932,400,2025-09-12,5556.89
2933,462,2026-04-05,8148.8
2934,839,2025-07-07,325.54
2935,300,2024-02-20,7093.38
2936,12,2026-03-07,1934.58
2937,390,2025-04-10,3220.71
2938,834,2025-04-19,1922.72
2939,719,2026-05-01,3687.53
2940,54,2025-07-29,4427.12
2941,49,2026-02-09,5705.24
2942,682,2026-05-08,2253.11
2943,649,2025-04-26,6882.57
2944,502,2026-08-15,7089.91
2945,80,2024-06-16,4073.68
2946,253,2026-04-29,7858.15
2947,763,2026-04-07,1477.08
2948,126,2024-04-07,1966.03
2949,182,2024-05-29,308.78
2950,407,2024-02-06,5875.69
2951,662,2024-09-26,3749.39
2952,746,2026-08-24,3185.72
2953,533,2024-05-01,2995.81
2954,444,2024-02-02,2590.84
2955,348,2025-03-23,1096.24
2956,40,2024-12-10,839.99
2957,241,2025-09-05,13276.34
2958,194,2025-08-14,5423.58
2959,52,2026-03-17,3102.08
2960,671,2025-02-08,2740.24
2961,319,2025-03-25,4920.79
2962,459,2024-01-23,9126.43
2963,181,2026-08-04,4159.2
2964,533,2024-07-26,17082.8
2965,123,2025-08-03,6064.9
2966,610,2026-05-08,2264.54
2967,665,2025-08-12,817.1
2968,281,2025-09-01,8763.15
2969,192,2024-06-19,1292.06
2970,703,2025-11-22,6906.26
2971,201,2024-07-04,5011.34
2972,161,2025-11-05,601.95
2973,307,2025-07-16,4818.5
2974,870,2025-04-22,5633.07
2975,417,2025-12-03,2627.97
2976,237,2025-12-02,2471.48
2977,463,2024-07-18,2782.99
2978,314,2025-01-01,8590.9
2979,599,2025-04-16,2340.47
2980,395,2024-05-27,3767.03
2981,530,2024-12-13,285.65
2982,393,2024-02-10,4692.25
2983,434,2025-03-03,1172.42
2984,403,2024-07-19,2952.63
2985,355,2024-08-04,1196.2
2986,868,2026-03-08,11027.14
2987,240,2024-05-17,4977.77
2988,725,2024-04-27,1117.4
2989,639,2024-11-08,4131.54
2990,476,2024-01-23,878.81
2991,286,2026-04-27,2910.47
2992,436,2026-08-20,9116.44
2993,765,2026-02-24,5056.75
2994,164,2026-02-18,1284.65
2995,528,2024-04-09,692.21
2996,689,2025-06-24,5669.64
2997,571,2024-03-26,12609.29
2998,130,2024-10-20,3076.05
2999,458,2025-04-25,8765.21
3000,165,2025-10-26,5133.34
3001,836,2024-09-27,5598.06
3002,317,2024-09-06,850.15
3003,380,2026-03-13,2888.49
3004,772,2024-08-06,3091.77
3005,385,2025-04-19,147.71
3006,175,2024-10-06,1761.65
3007,804,2026-04-11,1985.42
3008,584,2025-06-05,1252.45
3009,545,2024-04-15,2780.85
3010,69,2024-05-24,6630.41
3011,405,2026-08-03,6795.27
3012,414,2026-07-05,10040.21
3013,236,2026-01-17,7604.02
3014,509,2024-03-16,4424.18
3015,221,2025-12-14,10285.59
3016,424,2025-10-06,2152.61
3017,722,2026-07-05,3383.78
3018,662,2025-04-19,13351.36
3019,252,2025-04-03,2083.18
3020,187,2025-09-08,90.08
3021,6,2024-05-25,3051.01
3022,311,2025-12-27,1237.7
3023,18,2025-04-29,620.12
3024,116,2024-07-02,6938.49
3025,881,2026-03-05,5143.37
3026,771,2024-09-14,170.43
3027,504,2026-04-18,8107.05
3028,698,2024-09-22,16068.72
3029,441,2025-04-21,1726.64
3030,542,2025-03-01,5230.69
3031,827,2025-12-14,1067.37
3032,71,2024-06-30,3949.75
3033,317,2024-08-28,5377.93
3034,108,2024-07-06,3066.43
3035,716,2024-08-12,1456.67
3036,741,2025-03-17,2057.95
3037,650,2025-07-25,263.99
3038,549,2026-04-22,3560.1
3039,430,2025-02-15,11786.35
3040,22,2025-02-03,711.41
3041,698,2024-06-06,9981.79
3042,805,2024-04-06,2554.28
3043,870,2026-01-12,253.6
3044,308,2025-09-09,7014.95
3045,181,2025-06-02,3607.21
3046,589,2025-03-08,959.52
3047,16,2025-05-22,1546.93
3048,55,2026-04-04,1947.38
3049,740,2024-07-03,2911.91
3050,862,2025-05-01,3937.11
3051,364,2024-08-23,4068.09
3052,458,2024-04-12,6450.43
3053,490,2025-11-06,3481.28
3054,125,2025-11-18,4608.09
3055,201,2026-04-10,3613.12
3056,269,2024-01-21,19.36
3057,758,2024-06-21,754.3
3058,395,2025-07-14,1059.1
3059,650,2026-03-03,3345.09
3060,176,2026-07-05,3632.82
3061,859,2026-02-07,2609.39
3062,796,2026-06-01,5258.67
3063,428,2026-03-05,5914.04
3064,204,2024-11-03,2883.96
3065,879,2025-07-21,6542.32
3066,728,2025-09-11,2481.54
3067,460,2024-12-09,4367.54
3068,241,2026-05-13,2928.11
3069,560,2026-01-21,6759.62
3070,334,2025-05-18,3380.7
3071,607,2025-04-12,993.37
3072,750,2026-02-11,4107.76
3073,441,2024-08-04,2596.99
3074,44,2024-08-01,4520.31
3075,507,2025-01-27,1458.74
3076,773,2024-05-04,2787.21
3077,201,2025-03-22,929.52
3078,864,2025-02-25,1948.51
3079,327,2025-05-07,3818.42
3080,616,2025-03-26,338.12
3081,632,2026-05-25,2920.85
3082,164,2024-09-24,713.53
3083,36,2025-02-04,2418.36
3084,854,2025-12-20,578.72
3085,631,2024-10-04,14567.81
3086,569,2025-10-02,6732.8
3087,274,2026-07-27,2582.92
3088,98,2025-01-01,9921.72
3089,245,2024-08-23,1514.21
3090,493,2024-07-04,8272.03
3091,625,2024-01-11,4605.63
3092,288,2024-10-03,1589.31
3093,194,2026-04-08,5393.02
3094,225,2024-09-05,6998.43
3095,866,2026-07-19,3027.34
3096,568,2026-07-18,6328.07
3097,892,2025-10-27,5871.83
3098,6,2026-08-14,4165.3
3099,413,2025-02-01,574.67
3100,412,2026-07-21,4019.67
3101,362,2025-06-14,2947.12
3102,353,2024-03-19,5081.18
3103,72,2026-03-22,1037.13
3104,29,2026-07-15,6482.0
3105,701,2026-05-13,1849.32
3106,397,2025-02-10,5710.51
3107,147,2024-04-09,10125.46
3108,313,2025-07-24,3603.15
3109,840,2026-04-26,9554.14
3110,421,2026-03-30,1590.71
3111,892,2025-08-24,1258.87
3112,146,2026-02-05,7803.22
3113,111,2024-02-01,5107.66
3114,508,2025-08-30,667.86
3115,615,2024-04-15,10843.09
3116,884,2025-12-31,2949.05
3117,420,2024-02-14,3200.13
3118,181,2025-08-03,12026.45
3119,488,2026-07-13,9767.32
3120,277,2024-04-19,9178.73
3121,162,2025-02-19,1596.92
3122,80,2024-02-09,4153.37
3123,652,2025-11-28,4886.63
3124,579,2026-06-21,1139.15
3125,150,2024-01-02,698.92
3126,503,2025-06-16,2766.86
3127,797,2026-02-12,6423.36
3128,737,2024-01-25,47.03
3129,409,2025-04-14,3442.58
3130,52,2024-05-05,827.53
3131,572,2026-06-19,6930.84
3132,465,2025-05-11,4311.7
3133,830,2025-05-22,7046.86
3134,498,2026-08-30,4286.19
3135,665,2026-02-08,2557.56
3136,476,2024-11-02,14708.51
3137,487,2025-09-05,2826.49
3138,286,2024-10-16,1869.28
3139,363,2025-05-22,5412.7
3140,267,2026-03-02,11308.72
3141,416,2026-07-13,59.51
3142,857,2026-07-16,8204.69
3143,308,2025-04-28,5618.39
3144,417,2026-05-22,9965.07
3145,852,2026-05-20,8630.91
3146,137,2025-06-16,4734.59
3147,228,2024-02-05,5502.42
3148,444,2024-04-26,3619.19
3149,369,2025-10-02,10295.6
3150,308,2026-03-20,1555.3
3151,701,2026-06-07,3576.53
3152,449,2024-08-25,6443.54
3153,328,2026-05-26,7059.06
3154,432,2026-03-16,7078.9
3155,798,2025-04-17,5122.06
3156,886,2024-12-30,7118.78
3157,219,2025-04-05,5482.64
3158,37,2025-10-20,12082.52
3159,29,2026-03-01,1494.56
3160,401,2024-06-16,7096.69
3161,566,2024-11-22,3114.21
3162,47,2024-04-27,3857.88
3163,458,2026-07-02,12775.65
3164,360,2025-01-31,12640.99
3165,840,2024-09-01,10293.2
3166,544,2024-07-17,2134.56
3167,381,2024-03-13,1919.74
3168,528,2025-04-04,803.76
3169,123,2026-01-22,10981.66
3170,428,2024-11-10,1181.92
3171,297,2025-01-29,2608.13
3172,163,2025-09-12,2142.8
3173,354,2024-12-12,1882.46
3174,576,2025-12-21,322.81
3175,525,2024-11-08,2378.72
3176,868,2025-03-11,4147.7
3177,248,2026-08-13,964.13
3178,630,2026-03-26,1612.19
3179,496,2025-07-11,9795.84
3180,787,2025-01-17,1318.1
3181,818,2026-08-25,3245.16
3182,637,2025-03-26,3450.28
3183,382,2024-11-30,1647.08
3184,481,2025-08-04,7744.45
3185,587,2025-02-07,9496.21
3186,726,2026-05-17,683.34
3187,207,2024-07-25,2098.57
3188,786,2024-02-18,1514.98
3189,722,2025-02-23,2629.76
3190,80,2026-07-13,3455.98
3191,243,2024-03-01,357.81
3192,213,2026-02-26,3440.8
3193,522,2024-01-01,12717.95
3194,188,2025-06-27,8815.05
3195,271,2025-03-17,4109.87
3196,171,2024-06-04,470.28
3197,61,2025-12-28,6904.33
3198,414,2024-06-19,2325.45
3199,288,2025-03-02,8252.09
3200,455,2025-06-28,7256.12
3201,191,2025-05-20,2601.98
3202,258,2024-01-31,3202.57
3203,804,2025-03-10,1562.62
3204,725,2025-09-30,514.34
3205,240,2025-05-28,3383.87
3206,146,2025-12-12,6092.22
3207,877,2026-01-26,3758.04
3208,613,2024-06-23,3050.75
3209,444,2026-02-22,5469.57
3210,630,2026-05-22,2961.76
3211,199,2026-03-28,4115.73
3212,386,2026-04-10,2510.39
3213,353,2024-07-26,3312.72
3214,649,2025-09-27,891.12
3215,166,2025-03-22,1781.27
3216,441,2026-08-17,12438.99
3217,751,2026-03-21,768.01
3218,177,2024-06-06,13089.86
3219,108,2026-07-07,3975.2
3220,740,2025-11-10,500.51
3221,787,2025-06-13,7059.43
3222,388,2025-03-10,716.46
3223,42,2025-04-25,6528.07
3224,487,2026-01-21,4968.26
3225,270,2026-01-15,3735.73
3226,529,2025-06-22,4458.71
3227,126,2026-08-24,4670.44
3228,725,2024-08-14,2863.61
3229,617,2025-02-19,13813.41
3230,581,2025-08-06,10061.02
3231,462,2024-06-09,6836.35
3232,199,2025-05-01,2516.31
3233,846,2026-03-24,2285.24
3234,240,2025-10-20,4650.01
3235,330,2025-11-23,2307.86
3236,834,2024-06-06,2889.85
3237,37,2024-05-21,6939.84
3238,113,2025-03-06,10362.01
3239,686,2024-11-11,4746.22
3240,332,2024-01-10,4220.25
3241,522,2025-06-23,466.52
3242,523,2026-01-05,6668.55
3243,745,2025-12-14,7284.34
3244,559,2024-04-10,8700.82
3245,384,2026-01-31,20640.99
3246,495,2025-01-06,2211.37
3247,665,2024-05-31,11473.63
3248,342,2025-04-05,10598.77
3249,154,2024-07-30,4288.76
3250,438,2025-10-18,724.28
3251,900,2025-12-26,9647.66
3252,101,2025-12-08,11756.71
3253,157,2024-04-23,1054.26
3254,896,2024-12-05,6193.8
3255,747,2025-04-30,4012.29
3256,106,2026-08-18,3816.66
3257,192,2025-06-16,497.17
3258,622,2025-09-29,9461.73
3259,705,2024-11-26,2540.84
3260,661,2024-10-15,15267.34
3261,776,2026-02-15,3074.58
3262,457,2026-03-24,2221.68
3263,789,2024-02-24,2482.7
3264,537,2025-06-09,3222.0
3265,429,2026-01-28,3136.58
3266,573,2024-06-02,9488.41
3267,386,2025-09-21,3106.08
3268,546,2025-04-06,10728.08
3269,751,2025-05-09,9310.67
3270,863,2025-08-02,8349.87
3271,522,2026-04-30,7209.53
3272,6,2024-03-25,1249.57
3273,560,2024-07-16,7608.12
3274,227,2024-12-02,9335.27
3275,213,2026-02-19,11238.95
3276,794,2025-07-31,547.17
3277,402,2024-07-02,8980.93
3278,712,2024-01-24,570.93
3279,333,2026-08-23,6467.35
3280,547,2024-05-14,5597.52
3281,599,2024-02-01,1549.73
3282,804,2025-01-31,4211.92
3283,177,2025-06-23,3483.91
3284,506,2024-09-09,5884.26
3285,366,2024-06-12,4061.38
3286,418,2024-03-25,5236.42
3287,764,2025-02-01,2944.03
3288,123,2026-07-17,19206.92
3289,492,2024-05-24,5355.78
3290,350,2025-07-12,2506.55
3291,807,2024-07-07,2353.62
3292,195,2025-10-18,7298.64
3293,210,2024-02-29,26351.34
3294,82,2024-07-17,10130.1
3295,396,2024-01-08,3863.39
3296,10,2025-09-24,453.99
3297,451,2025-12-02,1654.04
3298,202,2024-06-16,2156.59
3299,361,2025-03-18,411.78
3300,545,2024-10-12,3290.87
3301,617,2024-02-14,6581.36
3302,56,2024-02-06,2704.6
3303,134,2026-07-04,7943.48
3304,286,2025-09-23,2320.23
3305,468,2025-10-10,825.55
3306,796,2024-10-14,1928.28
3307,125,2024-09-14,1701.48
3308,62,2026-02-13,586.73
3309,567,2025-03-03,1318.29
3310,881,2024-04-09,314.94
3311,748,2025-04-22,279.0
3312,509,2025-05-23,2649.38
3313,18,2025-07-09,2116.46
3314,519,2025-06-07,16331.92
3315,412,2026-04-16,1387.37
3316,403,2024-08-26,2472.97
3317,444,2025-07-29,4518.09
3318,506,2026-05-15,8399.33
3319,649,2026-08-12,10923.3
3320,173,2026-07-29,4568.66
3321,68,2025-12-09,3336.56
3322,47,2024-04-14,1817.04
3323,366,2026-08-21,4073.09
3324,458,2024-02-01,10262.0
3325,707,2025-06-20,3948.37
3326,391,2025-03-11,5466.33
3327,479,2025-10-23,7608.19
3328,880,2026-02-02,5089.34
3329,675,2025-12-20,5898.96
3330,622,2024-08-09,4960.09
3331,328,2026-01-05,1237.09
3332,137,2026-01-08,4159.79
3333,829,2024-01-24,4579.77
3334,499,2025-09-13,13470.23
3335,70,2024-05-04,1845.85
3336,435,2025-07-01,4396.75
3337,83,2024-08-10,2634.4
3338,884,2024-12-15,12614.96
3339,476,2024-09-21,9193.28
3340,707,2026-04-20,4324.35
3341,424,2026-06-01,20.65
3342,18,2026-02-17,9517.56
3343,575,2025-12-05,647.55
3344,588,2024-12-20,336.18
3345,207,2024-05-19,7972.17
3346,645,2025-07-08,5666.95
3347,204,2025-02-19,5223.69
3348,623,2024-10-02,1939.22
3349,675,2024-08-25,505.86
3350,124,2024-06-05,5198.98
3351,263,2026-03-20,830.88
3352,147,2024-11-09,6008.9
3353,655,2026-06-13,992.46
3354,212,2025-10-14,4419.31
3355,577,2024-06-09,1177.66
3356,376,2024-03-01,7395.6
3357,75,2025-02-10,5009.83
3358,795,2024-03-20,4072.35
3359,641,2026-07-18,1424.96
3360,236,2026-06-03,602.76
3361,792,2025-10-02,5229.84
3362,638,2024-10-12,1995.52
3363,735,2026-04-26,3830.96
3364,161,2025-09-22,3622.94
3365,8,2024-12-14,3398.39
3366,56,2026-05-07,9276.57
3367,486,2024-07-23,3465.85
3368,709,2025-07-07,1207.42
3369,823,2025-11-05,6363.62
3370,865,2026-06-04,6176.95
3371,539,2024-05-13,1769.28
3372,569,2024-10-07,1437.0
3373,262,2026-03-29,4981.47
3374,2,2025-05-02,893.88
3375,176,2026-01-05,5035.19
3376,51,2026-01-24,11339.41
3377,617,2024-10-24,6295.68
3378,453,2024-11-19,11825.01
3379,695,2025-05-01,3855.12
3380,134,2024-01-28,3844.99
3381,822,2026-02-18,4260.42
3382,648,2024-04-22,5468.59
3383,816,2026-06-30,5194.31
3384,584,2026-01-29,1496.91
3385,306,2024-12-09,3552.47
3386,564,2024-03-11,9037.33
3387,544,2026-02-09,1152.86
3388,163,2025-03-13,4253.54
3389,92,2024-07-08,5383.44
3390,586,2025-02-22,5381.58
3391,86,2026-05-30,581.44
3392,91,2025-11-02,1116.16
3393,65,2025-10-31,8773.85
3394,560,2025-05-16,8662.06
3395,835,2024-05-28,3697.88
3396,448,2026-07-14,4783.43
3397,138,2025-12-22,1288.31
3398,462,2025-05-17,793.77
3399,435,2025-12-06,362.16
3400,535,2024-12-19,771.89
3401,390,2025-12-24,4779.06
3402,479,2026-08-01,3212.44
3403,293,2024-12-02,4047.59
3404,816,2024-01-09,3986.47
3405,484,2025-12-22,1077.07
3406,280,2026-04-10,5034.25
3407,3,2026-03-16,9703.36
3408,611,2026-08-08,1098.54
3409,343,2024-12-04,3440.55
3410,225,2026-06-14,6526.23
3411,432,2024-07-21,8640.86
3412,437,2025-07-26,5540.45
3413,723,2026-05-15,1283.45
3414,489,2026-06-11,300.26
3415,631,2025-08-28,2640.07
3416,583,2025-06-16,3072.56
3417,765,2025-03-24,8650.07
3418,6,2026-04-25,2401.85
3419,339,2026-05-07,1058.74
3420,644,2024-08-21,1639.36
3421,127,2024-05-12,5497.08
3422,398,2026-03-04,3659.26
3423,361,2026-03-01,3111.95
3424,726,2024-04-07,8825.47
3425,867,2025-04-23,123.12
3426,96,2025-05-08,7589.85
3427,193,2024-02-11,7266.61
3428,697,2025-10-09,4207.74
3429,158,2026-08-06,3971.1
3430,448,2024-07-25,4050.75
3431,850,2026-01-28,7261.26
3432,878,2024-03-19,1012.58
3433,855,2024-07-28,6011.24
3434,121,2025-07-05,7436.32
3435,135,2026-06-19,3282.23
3436,159,2026-05-13,1910.57
3437,693,2026-06-30,420.76
3438,162,2026-08-20,23235.23
3439,387,2026-02-19,4033.2
3440,737,2024-12-20,316.89
3441,443,2024-05-03,1209.2
3442,847,2026-03-12,2037.99
3443,449,2024-06-30,7579.66
3444,342,2025-05-22,1209.33
3445,872,2026-01-05,1936.89
3446,493,2024-02-03,6597.45
3447,167,2026-06-09,2529.07
3448,572,2024-10-22,3884.97
3449,696,2024-07-28,697.63
3450,755,2024-12-28,905.64
3451,6,2025-03-25,3409.93
3452,98,2025-03-19,3847.06
3453,566,2024-05-30,4199.2
3454,668,2024-07-03,8799.18
3455,588,2025-04-11,1894.87
3456,345,2024-08-08,514.46
3457,679,2025-09-18,6750.76
3458,522,2026-05-26,4394.02
3459,834,2024-01-19,6381.48
3460,331,2024-02-05,4382.46
3461,679,2025-09-18,2108.94
3462,130,2024-01-28,2108.28
3463,659,2025-09-15,1670.97
3464,659,2025-04-23,9927.8
3465,229,2025-03-19,17051.54
3466,56,2025-08-14,5776.1
3467,894,2026-05-23,2839.47
3468,69,2024-05-04,1814.54
3469,422,2024-05-11,5045.59
3470,2,2025-11-10,709.4
3471,376,2024-02-20,5615.2
3472,739,2025-02-22,1702.61
3473,452,2025-04-28,30.56
3474,216,2025-01-16,11916.65
3475,355,2025-06-03,6900.86
3476,84,2024-04-20,602.2
3477,535,2024-09-17,7851.12
3478,4,2024-01-05,1672.11
3479,315,2026-07-26,7719.98
3480,55,2026-03-22,3365.37
3481,216,2024-09-04,3580.18
3482,61,2024-02-05,3854.48
3483,836,2024-09-20,3394.93
3484,695,2026-07-21,1165.47
3485,836,2026-03-01,11940.73
3486,615,2025-10-04,5745.48
3487,447,2026-06-18,858.87
3488,157,2024-06-21,1943.37
3489,866,2025-06-06,12049.3
3490,826,2026-02-13,581.25
3491,375,2024-01-19,5575.03
3492,204,2025-02-28,1067.65
3493,349,2024-12-12,1623.99
3494,355,2024-06-21,3381.09
3495,826,2024-08-06,5159.09
3496,61,2026-08-01,3966.25
3497,570,2025-05-13,11656.69
3498,692,2024-03-20,6292.97
3499,687,2025-10-27,9232.58
3500,174,2025-07-30,3222.65
3501,372,2025-01-17,6658.66
3502,308,2025-01-22,9312.05
3503,367,2025-06-07,4770.38
3504,79,2026-06-24,4641.55
3505,75,2026-01-10,5492.49
3506,22,2025-01-25,5464.69
3507,871,2024-08-27,4869.87
3508,376,2024-04-15,7370.46
3509,206,2024-07-10,3163.74
3510,718,2024-05-14,11035.82
3511,445,2026-02-24,195.18
3512,329,2025-07-15,6541.3
3513,104,2024-02-06,10549.3
3514,348,2026-06-22,1914.62
3515,583,2024-05-26,2455.24
3516,562,2025-09-21,11209.91
3517,352,2024-01-13,6499.05
3518,552,2025-07-28,6882.26
3519,691,2025-06-25,3000.25
3520,838,2026-06-05,2763.91
3521,476,2025-08-08,3010.42
3522,206,2025-04-21,2696.95
3523,117,2025-06-01,3055.61
3524,142,2025-09-09,5944.52
3525,10,2025-02-07,2599.62
3526,503,2025-11-27,1080.01
3527,192,2025-05-30,10132.76
3528,204,2026-08-02,1895.39
3529,652,2024-07-08,2452.71
3530,288,2025-12-11,681.92
3531,746,2026-03-16,4696.69
3532,124,2025-12-01,1825.53
3533,308,2026-08-14,1028.43
3534,47,2025-02-27,7928.97
3535,483,2025-06-11,13690.1
3536,113,2024-05-30,2134.91
3537,217,2024-12-30,6566.39
3538,662,2024-06-04,5011.63
3539,793,2026-02-10,4250.67
3540,491,2026-02-01,971.15
3541,869,2024-07-07,4618.23
3542,682,2026-02-21,6793.31
3543,678,2024-11-08,16588.56
3544,892,2025-12-12,247.66
3545,80,2026-07-05,6496.74
3546,209,2026-03-19,4244.37
3547,394,2024-06-30,3084.41
3548,557,2024-06-24,10206.02
3549,892,2024-04-19,2090.82
3550,90,2026-03-31,13475.36
3551,207,2025-06-16,195.83
3552,269,2024-05-31,2659.49
3553,604,2025-07-26,8046.27
3554,857,2025-05-31,4447.74
3555,845,2025-08-05,1822.92
3556,673,2025-09-10,2217.86
3557,696,2024-06-09,5637.72
3558,374,2025-01-12,1573.21
3559,548,2025-12-04,11417.16
3560,154,2026-06-05,3488.4
3561,457,2024-08-24,3181.29
3562,264,2025-07-10,5102.06
3563,836,2026-07-13,689.03
3564,331,2025-08-09,4467.23
3565,356,2024-08-10,18462.27
3566,363,2025-07-23,3393.91
3567,812,2024-01-17,4328.64
3568,840,2025-04-21,7176.53
3569,388,2025-07-07,11193.52
3570,897,2024-02-25,4423.54
3571,681,2024-07-16,3031.33
3572,762,2026-08-22,7824.12
3573,825,2025-09-04,1552.54
3574,300,2025-03-23,10969.98
3575,496,2024-08-11,8696.53
3576,257,2024-05-01,7640.18
3577,279,2025-02-21,5296.93
3578,418,2025-06-15,6400.21
3579,46,2024-06-24,6394.78
3580,194,2026-02-19,4841.0
3581,729,2025-02-22,2108.61
3582,150,2024-02-24,6557.48
3583,560,2024-05-13,939.52
3584,690,2026-04-20,1195.43
3585,237,2024-11-25,11427.74
3586,413,2024-12-29,1162.01
3587,790,2024-07-12,9504.95
3588,752,2026-02-26,1110.56
3589,829,2026-03-06,3226.87
3590,566,2024-08-24,3550.6
3591,799,2025-12-12,613.16
3592,359,2025-03-17,5928.17
3593,542,2024-06-11,773.65
3594,601,2026-02-14,842.88
3595,879,2024-03-21,729.04
3596,332,2026-05-02,188.35
3597,788,2024-01-26,7516.64
3598,459,2024-11-10,2201.22
3599,94,2024-08-09,2798.27
3600,590,2024-08-17,3185.84
3601,883,2025-04-13,2312.86
3602,409,2026-01-02,1050.98
3603,494,2025-01-24,2058.82
3604,835,2025-05-17,3165.43
3605,829,2026-08-05,971.86
3606,361,2025-04-30,2144.08
3607,685,2026-02-11,8400.2
3608,568,2025-01-10,2042.38
3609,583,2024-03-17,5154.42
3610,649,2024-09-06,721.44
3611,295,2024-06-03,7256.37
3612,275,2026-06-03,6097.46
3613,25,2024-01-26,10245.88
3614,771,2026-03-12,9962.34
3615,250,2024-05-14,5190.75
3616,607,2024-05-26,6887.53
3617,618,2025-05-31,3069.59
3618,634,2024-03-20,10333.48
3619,777,2024-03-15,7659.26
3620,782,2026-01-26,7771.65
3621,3,2024-02-28,6418.81
3622,757,2025-08-05,893.08
3623,188,2024-04-25,9767.27
3624,581,2024-03-24,557.05
3625,606,2025-10-14,392.47
3626,49,2025-01-17,11224.51
3627,256,2024-01-19,3463.73
3628,820,2025-10-26,9920.52
3629,128,2026-08-03,10539.03
3630,209,2025-07-01,2899.58
3631,74,2025-01-06,3994.46
3632,151,2026-04-02,2229.68
3633,575,2024-11-24,1937.91
3634,758,2025-08-20,9524.33
3635,536,2025-04-07,7104.87
3636,257,2025-12-09,4857.67
3637,773,2025-05-19,1652.04
3638,331,2025-04-14,5464.79
3639,284,2025-02-13,707.65
3640,455,2024-10-15,6559.4
3641,124,2025-04-19,9026.44
3642,321,2024-02-29,2714.5
3643,720,2024-11-27,819.49
3644,548,2024-03-15,3330.28
3645,890,2024-11-09,3806.69
3646,699,2024-12-08,937.64
3647,325,2024-01-27,1434.58
3648,691,2024-10-15,3817.07
3649,779,2025-10-17,8448.18
3650,568,2026-08-03,3504.94
3651,687,2025-08-24,4030.89
3652,454,2025-11-25,3423.92
3653,821,2025-10-14,1711.58
3654,214,2026-07-09,2572.91
3655,382,2026-07-06,3217.18
3656,229,2024-04-21,2957.47
3657,92,2025-04-06,4993.02
3658,555,2026-06-04,604.54
3659,107,2026-05-09,8239.27
3660,204,2025-06-05,5321.96
3661,687,2025-03-08,1606.88
3662,217,2024-02-26,4890.92
3663,777,2025-04-10,3610.2
3664,45,2025-05-08,8575.01
3665,412,2025-09-09,5177.9
3666,61,2025-05-23,1961.19
3667,54,2024-07-29,1079.68
3668,712,2026-08-01,2307.38
3669,61,2024-07-30,3367.94
3670,804,2025-01-08,2355.87
3671,539,2025-05-12,1501.37
3672,435,2024-10-12,56.01
3673,827,2024-03-07,6803.69
3674,349,2025-08-18,1640.35
3675,360,2024-08-18,1810.51
3676,369,2026-05-07,1525.78
3677,586,2026-02-12,4318.43
3678,763,2025-02-21,5239.28
3679,488,2025-03-28,1906.48
3680,253,2026-07-14,3486.7
3681,801,2024-01-26,2036.44
3682,540,2025-01-04,6815.26
3683,750,2024-02-29,4659.94
3684,390,2024-05-15,209.33
3685,180,2026-06-15,5079.91
3686,851,2024-04-08,3708.46
3687,610,2026-07-21,1377.0
3688,278,2026-02-03,1175.58
3689,763,2025-09-17,6202.34
3690,9,2025-12-24,6531.29
3691,838,2024-06-29,3896.92
3692,521,2024-04-24,1943.88
3693,531,2024-12-24,1423.17
3694,13,2026-01-15,1488.36
3695,159,2024-10-24,2415.37
3696,649,2024-06-20,7744.79
3697,503,2026-02-04,389.14
3698,115,2025-09-10,3396.69
3699,600,2025-06-07,2438.38
3700,672,2025-02-06,4732.59
3701,246,2026-01-30,1094.75
3702,621,2025-12-17,2727.34
3703,876,2024-12-17,6424.28
3704,435,2024-05-06,3934.49
3705,207,2026-04-27,2089.31
3706,866,2024-05-13,1340.56
3707,821,2025-02-22,9230.85
3708,412,2026-05-23,705.12
3709,383,2025-02-10,10223.96
3710,751,2026-03-21,3842.39
3711,1,2025-04-21,2984.42
3712,282,2025-12-27,7626.0
3713,489,2025-07-31,7901.84
3714,589,2024-09-30,3597.77
3715,566,2026-05-21,4870.0
3716,334,2025-03-31,935.19
3717,783,2025-03-22,2740.99
3718,585,2025-10-04,1704.55
3719,487,2026-06-25,9349.02
3720,845,2026-04-29,8668.3
3721,85,2025-01-18,963.13
3722,639,2024-08-13,889.41
3723,835,2024-11-12,2868.98
3724,596,2024-09-13,10503.33
3725,509,2024-10-14,2208.28
3726,328,2025-02-23,16185.84
3727,245,2024-01-21,734.09
3728,492,2025-06-03,1635.06
3729,809,2026-04-07,928.34
3730,416,2025-02-23,3650.34
3731,109,2024-03-18,2151.8
3732,436,2025-01-15,9781.42
3733,88,2024-11-21,1973.92
3734,843,2025-08-02,6633.51
3735,482,2024-09-01,1002.17
3736,193,2024-10-20,2581.16
3737,563,2025-12-26,293.38
3738,484,2024-06-20,10637.46
3739,460,2026-06-28,2856.6
3740,533,2024-10-17,6595.52
3741,837,2026-03-07,494.85
3742,771,2024-03-20,652.31
3743,237,2024-11-07,1033.18
3744,216,2025-01-02,1781.74
3745,892,2025-03-20,7821.96
3746,581,2024-03-30,2066.87
3747,18,2024-08-28,5120.51
3748,477,2026-05-05,12597.84
3749,107,2026-06-19,2464.27
3750,27,2025-03-05,581.16
3751,168,2024-04-25,1058.16
3752,230,2024-09-25,5531.88
3753,72,2026-07-17,1719.2
3754,752,2026-06-14,484.76
3755,395,2026-03-04,21147.31
3756,497,2026-04-21,8311.11
3757,779,2025-11-24,1304.36
3758,754,2025-08-30,15307.8
3759,739,2026-01-24,18122.48
3760,177,2025-09-22,13149.85
3761,671,2024-11-26,2542.47
3762,897,2025-09-17,3151.11
3763,7,2024-10-15,5319.37
3764,782,2025-09-01,1497.51
3765,780,2025-01-06,7796.34
3766,758,2025-04-20,4472.19
3767,357,2024-06-26,7611.39
3768,180,2026-07-22,2095.08
3769,659,2025-12-28,4173.54
3770,561,2024-04-14,802.12
3771,655,2025-04-08,1886.55
3772,231,2025-03-18,2310.18
3773,160,2026-05-13,5507.77
3774,812,2026-01-06,7200.74
3775,464,2026-05-06,987.31
3776,767,2025-03-31,9234.83
3777,834,2024-05-31,4945.18
3778,414,2025-12-04,5913.64
3779,237,2024-08-01,7153.37
3780,807,2025-09-12,1240.26
3781,644,2025-02-04,9103.69
3782,600,2024-12-06,1749.31
3783,863,2024-04-25,3004.7
3784,222,2026-02-19,2561.53
3785,325,2025-11-03,15343.08
3786,36,2024-11-29,1296.32
3787,349,2025-12-20,13187.5
3788,402,2026-08-19,10710.56
3789,408,2025-12-04,729.24
3790,136,2026-07-14,1694.09
3791,729,2025-04-03,1730.03
3792,441,2025-01-02,6012.68
3793,396,2026-04-02,9127.08
3794,778,2025-10-08,1734.15
3795,438,2025-08-13,531.76
3796,803,2025-09-17,6025.34
3797,201,2026-08-26,3738.97
3798,766,2025-11-01,703.91
3799,890,2026-03-06,5350.86
3800,676,2024-02-05,3484.39
3801,804,2025-12-05,990.01
3802,667,2024-11-05,2028.92
3803,541,2024-04-30,12538.93
3804,688,2024-09-26,1154.51
3805,865,2026-03-22,616.01
3806,545,2026-03-08,2625.62
3807,619,2024-10-24,4007.55
3808,72,2024-07-06,3081.38
3809,864,2025-02-12,3434.59
3810,700,2024-11-19,4254.88
3811,146,2025-03-27,2010.59
3812,261,2026-02-03,18915.29
3813,203,2024-11-19,3701.0
3814,288,2024-06-18,794.87
3815,797,2024-04-15,3166.52
3816,418,2025-10-30,6053.08
3817,378,2024-07-13,6805.63
3818,702,2024-08-02,5335.33
3819,335,2026-02-22,3920.51
3820,798,2024-03-31,1231.05
3821,679,2025-09-27,4645.32
3822,232,2024-01-11,3096.71
3823,568,2026-07-08,1646.52
3824,435,2025-11-26,3700.15
3825,310,2026-03-11,7123.36
3826,816,2025-10-11,509.42
3827,359,2025-01-27,1222.67
3828,106,2026-08-28,6351.14
3829,368,2026-02-05,919.91
3830,466,2024-03-27,8740.88
3831,114,2025-07-16,2720.49
3832,669,2025-06-13,5269.02
3833,207,2024-10-06,6133.75
3834,84,2025-03-20,3277.22
3835,484,2026-08-08,9307.76
3836,145,2024-03-25,3810.86
3837,704,2026-06-24,4163.58
3838,62,2025-11-13,718.9
3839,378,2024-04-19,12854.72
3840,47,2024-10-24,7137.68
3841,346,2026-03-29,1084.74
3842,840,2025-11-16,729.82
3843,586,2024-03-16,2321.61
3844,482,2024-05-23,2634.84
3845,142,2026-06-24,3518.36
3846,282,2024-06-02,8868.08
3847,343,2025-08-31,9239.23
3848,521,2026-08-28,6995.29
3849,188,2024-06-11,245.2
3850,900,2024-02-13,11534.74
3851,587,2026-03-07,7771.1
3852,281,2026-07-15,5671.94
3853,102,2025-05-17,2760.47
3854,536,2024-08-15,5283.03
3855,404,2024-02-28,575.75
3856,607,2026-06-07,5096.94
3857,537,2026-02-17,7476.7
3858,577,2026-05-24,4493.12
3859,751,2026-02-07,2727.1
3860,473,2025-02-26,9513.35
3861,653,2025-04-15,17180.06
3862,324,2025-01-07,5595.65
3863,849,2025-12-13,7356.87
3864,368,2024-04-07,3361.95
3865,612,2024-02-09,2275.06
3866,899,2026-07-26,7840.5
3867,315,2024-11-06,14260.18
3868,92,2024-02-03,1750.15
3869,209,2025-10-18,1128.26
3870,220,2025-01-23,2081.25
3871,51,2024-08-12,1651.19
3872,490,2025-02-27,10064.12
3873,250,2025-03-15,9184.62
3874,88,2025-08-19,1984.95
3875,124,2026-06-27,4274.34
3876,247,2026-05-09,1158.55
3877,333,2026-03-17,3231.78
3878,878,2025-04-24,1091.98
3879,633,2025-06-28,2763.16
3880,644,2024-05-08,1125.7
3881,623,2025-07-16,9452.3
3882,723,2025-10-16,4411.5
3883,287,2026-05-14,5007.87
3884,90,2024-02-15,1728.98
3885,458,2026-04-21,2421.44
3886,2,2025-05-20,4101.19
3887,196,2024-03-27,14201.37
3888,678,2026-08-28,3673.14
3889,453,2025-03-29,10829.55
3890,622,2025-02-05,2615.97
3891,460,2024-07-05,3843.66
3892,489,2024-03-12,8933.2
3893,272,2024-03-22,6705.53
3894,197,2024-09-17,1619.42
3895,234,2024-10-12,5113.48
3896,719,2025-03-27,5390.37
3897,882,2025-08-18,6140.33
3898,74,2026-08-25,1764.06
3899,484,2026-02-13,910.96
3900,424,2025-04-18,11323.18
3901,506,2026-06-08,17397.22
3902,210,2025-06-27,6032.57
3903,8,2025-02-16,2482.82
3904,184,2024-07-30,10028.18
3905,164,2025-02-15,1423.05
3906,48,2024-02-09,1550.57
3907,321,2024-05-29,11929.84
3908,616,2026-07-10,16279.88
3909,870,2024-07-08,2196.47
3910,592,2025-07-06,1716.58
3911,158,2024-04-09,3742.92
3912,326,2025-08-09,1263.73
3913,273,2026-08-09,734.66
3914,191,2025-03-22,772.56
3915,892,2024-05-04,4985.77
3916,591,2024-01-23,3536.62
3917,433,2026-01-07,8860.03
3918,394,2024-04-10,11959.98
3919,287,2024-11-05,5821.49
3920,376,2026-04-02,1265.25
3921,571,2025-06-07,281.64
3922,836,2026-05-01,2671.23
3923,447,2026-04-30,2338.61
3924,167,2025-10-06,1342.77
3925,862,2026-07-01,5679.68
3926,284,2024-02-05,6044.0
3927,75,2024-08-22,4837.5
3928,490,2024-09-27,16907.08
3929,712,2026-06-07,814.08
3930,232,2025-08-29,2833.53
3931,252,2024-09-02,3679.01
3932,261,2024-07-22,2485.15
3933,727,2026-02-23,2171.57
3934,862,2026-04-17,6887.4
3935,763,2024-01-15,1791.28
3936,204,2024-12-22,1453.41
3937,765,2025-06-05,6007.91
3938,279,2024-08-17,5871.22
3939,781,2025-12-08,659.57
3940,893,2026-01-08,8971.91
3941,647,2026-03-28,14847.85
3942,860,2026-02-05,414.49
3943,129,2026-03-31,6942.79
3944,590,2024-12-22,4609.9
3945,47,2024-10-18,4209.58
3946,588,2024-11-04,9405.22
3947,307,2026-04-11,4532.23
3948,873,2025-09-24,4372.61
3949,446,2024-11-11,2346.95
3950,687,2025-12-04,9764.49
3951,273,2024-08-15,623.51
3952,68,2024-09-16,7994.43
3953,668,2024-01-02,1698.49
3954,200,2026-07-31,3549.15
3955,651,2024-08-17,1286.0
3956,419,2026-01-03,2619.28
3957,875,2024-04-25,1537.09
3958,318,2024-02-05,2875.63
3959,361,2025-10-20,8447.13
3960,667,2024-04-05,2285.92
3961,708,2024-05-21,5631.31
3962,114,2024-11-18,2038.6
3963,668,2025-07-24,1534.0
3964,443,2024-01-18,3811.27
3965,890,2024-05-03,118.06
3966,568,2024-11-25,2154.74
3967,697,2025-11-17,9968.49
3968,310,2024-04-05,5348.13
3969,256,2024-10-05,3618.32
3970,707,2024-07-07,3317.56
3971,14,2024-10-27,8448.44
3972,523,2024-09-08,2050.54
3973,872,2025-09-16,2739.75
3974,893,2024-03-06,130.72
3975,645,2026-07-04,3343.73
3976,448,2024-08-26,5611.22
3977,732,2026-08-24,2236.04
3978,14,2025-12-12,4975.91
3979,714,2024-12-14,2727.57
3980,171,2024-10-21,5172.34
3981,663,2026-07-11,4058.36
3982,314,2026-08-29,1707.35
3983,677,2025-08-20,2794.81
3984,543,2024-02-15,3354.88
3985,837,2026-06-02,3281.76
3986,709,2025-04-09,12053.44
3987,823,2024-01-28,3194.57
3988,137,2026-02-20,10122.39
3989,342,2024-02-02,1210.87
3990,394,2024-12-28,5019.82
3991,28,2024-03-13,6925.87
3992,21,2025-03-02,632.42
3993,35,2026-02-23,5744.18
3994,691,2024-05-05,229.43
3995,402,2024-05-14,1965.26
3996,677,2026-07-21,3746.84
3997,752,2024-06-21,12224.0
3998,33,2024-04-19,5763.34
3999,763,2025-07-24,1898.88
4000,204,2024-09-26,8301.11
4001,364,2026-07-22,882.72
4002,867,2024-06-08,353.47
4003,272,2025-07-06,4956.02
4004,846,2026-06-16,2180.16
4005,456,2025-12-15,3880.7
4006,13,2024-01-29,859.33
4007,750,2024-07-02,9008.24
4008,40,2024-05-02,8331.79
4009,573,2026-06-10,614.03
4010,413,2024-07-15,1174.08
4011,126,2024-02-24,10195.57
4012,464,2025-01-08,2144.1
4013,327,2024-10-02,916.9
4014,89,2024-06-08,4305.49
4015,500,2025-03-18,2294.68
4016,40,2026-05-27,868.96
4017,485,2024-08-08,12543.77
4018,204,2026-08-14,337.89
4019,748,2025-10-09,3043.57
4020,856,2025-01-07,7063.8
4021,839,2025-10-23,9503.18
4022,844,2024-12-05,5862.52
4023,91,2024-07-25,7420.95
4024,459,2024-08-16,6479.01
4025,202,2024-01-09,3743.49
4026,88,2025-09-24,1489.25
4027,353,2024-03-13,2427.73
4028,387,2024-07-12,1080.79
4029,267,2024-01-01,4037.96
4030,103,2024-03-04,1459.35
4031,368,2026-06-01,3129.6
4032,140,2024-01-24,2818.02
4033,37,2025-08-29,4682.08
4034,407,2024-11-15,3118.85
4035,60,2024-05-14,3392.7
4036,870,2024-10-19,734.79
4037,755,2024-03-31,1906.08
4038,834,2024-11-01,5644.98
4039,93,2026-03-08,2654.08
4040,419,2025-08-27,2301.35
4041,742,2026-03-01,4149.08
4042,518,2025-11-10,3627.66
4043,276,2026-06-23,4070.7
4044,749,2024-04-15,4706.32
4045,279,2024-06-04,3051.72
4046,877,2025-02-05,1057.2
4047,91,2025-05-24,855.32
4048,636,2026-02-03,1748.29
4049,12,2024-04-28,11307.74
4050,823,2024-04-17,3485.05
4051,320,2026-02-14,5230.96
4052,19,2025-06-19,2388.84
4053,752,2025-02-06,2849.51
4054,871,2024-08-04,1506.74
4055,828,2025-11-09,5424.74
4056,438,2026-02-21,2620.75
4057,56,2024-01-30,5878.58
4058,205,2024-02-22,157.06
4059,28,2026-01-28,6120.59
4060,40,2026-05-11,1254.65
4061,143,2024-08-11,1521.58
4062,507,2025-11-19,7324.65
4063,690,2026-04-01,8150.28
4064,527,2024-04-20,3751.71
4065,185,2024-06-30,7715.51
4066,542,2024-05-07,1915.06
4067,208,2026-02-09,2291.23
4068,415,2026-01-22,9697.85
4069,801,2024-05-10,273.06
4070,122,2024-06-19,5331.95
4071,788,2025-10-08,3000.85
4072,244,2026-05-24,4220.87
4073,604,2026-01-29,3672.81
4074,236,2024-06-12,5339.83
4075,148,2025-01-11,4655.49
4076,406,2024-03-05,3660.94
4077,344,2024-08-26,4466.06
4078,457,2025-07-03,4498.54
4079,213,2024-12-01,1635.17
4080,881,2025-08-14,12351.05
4081,605,2024-10-16,7469.98
4082,757,2025-07-03,2812.49
4083,702,2025-09-09,5462.98
4084,652,2024-07-08,4092.82
4085,128,2024-02-13,9446.12
4086,530,2024-11-25,13761.11
4087,809,2024-02-10,2207.28
4088,87,2024-06-04,1252.66
4089,417,2024-10-07,8971.91
4090,166,2024-11-25,7826.88
4091,716,2024-09-27,997.46
4092,839,2024-02-22,3776.09
4093,47,2024-06-21,5466.76
4094,722,2026-05-10,5271.08
4095,325,2025-11-29,580.34
4096,868,2025-03-09,2340.92
4097,14,2024-01-24,7967.22
4098,173,2024-12-15,3935.41
4099,647,2026-06-20,7258.62
4100,701,2026-02-28,1233.4
4101,72,2026-01-08,714.05
4102,145,2024-08-30,2545.44
4103,305,2025-01-27,3318.89
4104,32,2024-01-28,5704.44
4105,704,2026-04-17,2527.36
4106,603,2024-04-20,3404.13
4107,675,2025-08-25,582.94
4108,423,2024-10-01,1047.44
4109,577,2025-07-09,4298.22
4110,516,2026-03-17,7280.81
4111,625,2024-11-01,7504.75
4112,406,2024-01-17,763.12
4113,587,2025-10-08,3269.06
4114,581,2025-06-02,867.87
4115,578,2024-05-16,762.61
4116,786,2024-02-17,608.45
4117,315,2025-05-26,13207.06
4118,792,2025-08-21,438.69
4119,26,2024-04-23,2064.87
4120,438,2025-08-07,3283.23
4121,398,2025-03-10,4563.76
4122,782,2024-05-13,270.68
4123,41,2025-08-23,8148.84
4124,196,2025-09-21,2548.39
4125,422,2024-05-31,1021.21
4126,734,2025-10-18,1353.17
4127,418,2024-08-04,4956.67
4128,576,2025-08-05,7149.37
4129,161,2026-03-03,7861.19
4130,849,2026-07-02,5944.29
4131,706,2024-09-06,1595.81
4132,39,2024-11-26,5876.6
4133,634,2024-04-03,1451.55
4134,117,2026-08-02,2711.36
4135,504,2024-11-18,14090.59
4136,638,2026-02-21,3864.96
4137,834,2026-06-30,6576.26
4138,64,2025-04-08,236.07
4139,259,2025-11-07,3738.57
4140,622,2025-04-05,154.62
4141,236,2025-07-15,2067.39
4142,642,2024-08-31,2713.0
4143,166,2026-03-30,1910.28
4144,148,2024-04-29,5722.71
4145,490,2025-10-05,2528.51
4146,621,2026-06-15,6170.63
4147,185,2026-03-01,3407.16
4148,787,2026-01-09,3544.64
4149,783,2025-10-02,4796.8
4150,74,2026-07-11,4260.88
4151,274,2026-04-22,3436.61
4152,501,2024-09-25,4653.85
4153,442,2025-08-31,2797.53
4154,230,2025-02-21,8008.76
4155,477,2024-09-15,4033.44
4156,867,2026-03-08,5095.75
4157,277,2024-02-10,296.77
4158,198,2024-05-05,39.04
4159,665,2024-04-12,6251.43
4160,514,2024-07-15,445.67
4161,623,2025-05-14,8316.65
4162,582,2026-07-07,9506.5
4163,685,2026-08-05,8455.16
4164,657,2026-05-27,4850.64
4165,546,2026-01-10,208.36
4166,410,2025-03-24,199.0
4167,415,2026-01-26,572.57
4168,239,2024-09-18,1534.85
4169,405,2025-10-09,7121.15
4170,545,2024-01-09,2278.24
4171,645,2026-05-30,8699.88
4172,696,2026-08-05,1865.54
4173,340,2025-12-18,19566.59
4174,660,2024-06-19,10567.88
4175,394,2024-09-08,2114.76
4176,323,2025-12-22,1329.09
4177,148,2025-05-01,10672.86
4178,240,2025-06-17,980.84
4179,612,2025-01-29,1950.27
4180,195,2026-03-25,960.25
4181,70,2024-06-10,4262.23
4182,245,2025-03-06,9176.24
4183,892,2024-08-04,2197.56
4184,135,2025-11-05,7725.64
4185,130,2024-10-05,4534.13
4186,363,2024-10-18,923.32
4187,345,2024-06-18,2021.36
4188,829,2026-04-21,528.04
4189,215,2024-07-30,13152.3
4190,376,2026-04-26,3885.61
4191,262,2026-06-12,3348.19
4192,225,2026-07-28,3798.94
4193,291,2024-11-30,1287.99
4194,232,2025-09-30,2301.3
4195,647,2026-03-17,4811.38
4196,712,2024-03-17,349.76
4197,160,2024-03-03,125.43
4198,447,2024-07-20,1824.19
4199,238,2026-08-15,1517.58
4200,781,2024-03-28,9653.24
4201,92,2026-01-15,1283.65
4202,369,2026-03-28,4913.03
4203,299,2026-06-03,1511.32
4204,328,2025-05-30,4656.65
4205,848,2025-05-27,3952.16
4206,487,2025-12-24,11616.4
4207,343,2025-09-10,1143.21
4208,728,2026-02-05,1149.34
4209,700,2024-12-17,8909.28
4210,131,2026-06-29,1987.37
4211,416,2025-02-25,1225.56
4212,371,2024-08-29,1029.85
4213,405,2026-01-01,8597.08
4214,315,2025-08-28,1644.99
4215,742,2024-02-18,1331.51
4216,897,2024-06-11,1290.2
4217,25,2024-02-05,5588.1
4218,771,2025-07-15,2632.45
4219,779,2026-05-03,8830.06
4220,330,2024-11-10,15338.1
4221,437,2024-04-17,3958.66
4222,92,2026-04-10,4349.47
4223,317,2025-12-04,2486.62
4224,215,2025-06-15,3801.98
4225,817,2024-07-13,4725.43
4226,97,2025-10-17,7318.85
4227,306,2024-12-23,942.49
4228,433,2024-08-26,13377.96
4229,880,2024-10-13,1865.88
4230,736,2024-02-29,10713.19
4231,843,2025-04-23,6030.71
4232,280,2026-01-04,805.26
4233,242,2026-03-16,8428.81
4234,515,2025-12-06,3379.07
4235,307,2026-05-03,5149.58
4236,15,2026-07-28,2551.94
4237,731,2024-08-04,2962.1
4238,86,2025-02-26,359.98
4239,177,2024-11-25,5501.67
4240,849,2025-10-29,3300.71
4241,659,2026-03-26,4383.24
4242,579,2026-05-17,5275.36
4243,117,2024-03-28,4937.49
4244,226,2025-05-16,5700.81
4245,186,2024-04-23,345.7
4246,578,2024-11-17,2620.84
4247,451,2025-04-12,783.44
4248,325,2025-08-27,5066.34
4249,672,2026-02-09,15114.3
4250,701,2026-08-27,5533.44
4251,666,2024-11-23,2334.32
4252,96,2025-06-29,2980.72
4253,549,2024-03-08,5375.29
4254,190,2024-04-18,4732.04
4255,245,2026-08-01,2549.72
4256,881,2026-07-03,1872.7
4257,374,2026-07-04,4779.84
4258,709,2024-09-11,134.15
4259,222,2025-09-27,5331.17
4260,876,2024-08-11,2345.2
4261,250,2025-10-26,9913.74
4262,164,2025-04-17,3237.64
4263,291,2026-06-29,9518.39
4264,157,2024-12-30,1086.66
4265,539,2025-09-19,975.7
4266,130,2025-10-04,1457.9
4267,187,2026-02-07,11333.73
4268,632,2024-02-20,3112.58
4269,39,2025-03-27,1790.91
4270,397,2025-03-16,4701.56
4271,624,2024-08-10,1555.73
4272,401,2026-02-23,4652.32
4273,20,2026-03-22,3092.99
4274,143,2024-03-20,1718.12
4275,874,2025-10-29,3266.12
4276,695,2026-04-20,3271.23
4277,316,2024-10-09,6758.67
4278,787,2025-09-08,733.47
4279,6,2025-08-30,2041.91
4280,43,2024-01-19,4029.59
4281,797,2026-03-07,1363.38
4282,607,2026-01-01,2739.16
4283,540,2024-09-20,1681.62
4284,311,2024-11-02,2245.34
4285,736,2026-01-18,986.64
4286,548,2026-02-20,15152.41
4287,392,2024-03-11,149.99
4288,343,2024-12-15,1670.64
4289,319,2025-09-01,3217.82
4290,518,2024-05-03,3187.01
4291,590,2026-08-31,8693.01
4292,725,2024-07-22,722.29
4293,366,2026-04-24,381.24
4294,229,2024-03-03,1941.11
4295,501,2026-05-03,3221.69
4296,526,2024-02-09,2407.82
4297,251,2025-10-25,7252.73
4298,66,2024-12-17,858.26
4299,300,2025-03-25,1744.91
4300,64,2024-04-15,5266.43
4301,74,2025-10-22,3274.12
4302,870,2025-08-29,8839.02
4303,704,2024-11-09,3281.86
4304,32,2025-04-05,709.25
4305,314,2025-06-22,7983.54
4306,230,2025-11-01,7269.72
4307,878,2025-06-10,4647.05
4308,394,2024-02-27,17234.47
4309,234,2025-06-14,3428.18
4310,572,2024-12-05,3678.88
4311,428,2025-02-05,7119.77
4312,169,2024-12-27,4207.35
4313,275,2024-12-09,3640.62
4314,115,2024-08-18,367.01
4315,625,2024-11-18,600.54
4316,874,2025-11-25,597.91
4317,728,2024-08-07,2292.71
4318,338,2026-01-09,9181.09
4319,439,2025-03-03,12981.68
4320,55,2025-08-18,10162.66
4321,331,2024-04-24,10513.04
4322,29,2024-07-21,1190.58
4323,671,2026-05-29,3271.54
4324,819,2026-03-21,1007.19
4325,173,2024-03-08,4482.51
4326,607,2026-05-30,2316.25
4327,540,2026-03-27,388.33
4328,377,2024-05-13,5006.34
4329,661,2024-08-23,1508.57
4330,612,2024-06-22,2956.4
4331,243,2026-04-11,1891.9
4332,719,2026-04-12,5602.36
4333,591,2025-12-03,3768.19
4334,282,2024-08-31,3232.47
4335,662,2026-06-16,9889.09
4336,577,2026-04-06,2031.78
4337,106,2026-04-28,4744.23
4338,150,2024-12-16,2109.77
4339,292,2025-11-14,19904.6
4340,40,2025-10-20,8230.52
4341,366,2024-05-27,12417.4
4342,416,2025-07-22,3674.49
4343,699,2025-06-19,8508.21
4344,155,2025-07-24,709.02
4345,511,2024-11-27,2647.34
4346,599,2025-10-14,4371.16
4347,405,2026-05-13,9237.9
4348,817,2025-08-12,3407.18
4349,287,2026-04-30,2615.05
4350,368,2026-01-22,6564.63
4351,4,2024-11-02,11894.77
4352,370,2025-12-18,6939.4
4353,19,2025-10-16,5043.98
4354,886,2026-07-09,8451.85
4355,217,2024-11-25,7932.29
4356,731,2024-06-08,6965.2
4357,106,2025-10-23,8088.53
4358,247,2025-09-08,4491.51
4359,108,2025-08-21,13798.84
4360,332,2025-12-22,732.1
4361,543,2025-05-13,5817.36
4362,378,2024-01-30,1642.68
4363,545,2026-05-06,4100.42
4364,726,2024-09-27,806.15
4365,41,2024-08-27,2245.1
4366,382,2026-03-04,2569.51
4367,535,2026-02-16,5236.49
4368,472,2025-05-07,2047.33
4369,132,2025-11-03,2788.56
4370,186,2024-03-19,6810.94
4371,340,2024-10-01,9403.71
4372,587,2024-08-24,2456.76
4373,891,2025-02-15,10593.78
4374,332,2024-12-14,6430.8
4375,470,2024-03-08,10480.17
4376,276,2025-11-02,3860.72
4377,31,2025-08-05,2736.6
4378,359,2025-01-04,3330.84
4379,313,2026-05-15,5114.74
4380,136,2024-12-17,3784.04
4381,604,2024-04-24,3886.86
4382,233,2026-04-06,6383.12
4383,203,2024-05-08,2076.17
4384,351,2024-03-10,4244.8
4385,869,2025-04-07,793.1
4386,573,2025-07-18,3521.0
4387,383,2024-10-01,2524.9
4388,739,2026-03-29,2620.51
4389,19,2024-09-27,1039.61
4390,304,2026-07-28,1956.01
4391,487,2025-09-14,5235.65
4392,440,2024-06-28,1331.45
4393,609,2025-02-03,322.61
4394,632,2024-03-15,5896.18
4395,411,2026-04-03,16400.99
4396,837,2025-09-23,1835.21
4397,836,2025-02-22,13588.23
4398,428,2025-10-24,261.37
4399,812,2025-08-22,5607.52
4400,577,2025-08-07,1634.91
4401,126,2025-01-22,16095.46
4402,108,2024-12-08,3034.64
4403,72,2024-09-06,1977.37
4404,191,2026-02-05,7205.88
4405,282,2025-04-04,6835.27
4406,63,2025-04-02,10186.31
4407,548,2025-12-03,4472.21
4408,371,2025-06-01,2727.68
4409,542,2026-07-17,8836.8
4410,453,2024-08-22,2256.54
4411,245,2024-02-11,705.56
4412,554,2025-02-14,5454.27
4413,856,2025-06-02,8053.74
4414,286,2026-03-11,512.31
4415,277,2025-09-12,4183.28
4416,465,2026-07-04,7232.03
4417,724,2024-03-24,2066.58
4418,479,2025-06-07,13450.65
4419,749,2026-03-19,1835.66
4420,67,2025-05-04,1836.85
4421,89,2024-09-26,2288.77
4422,366,2026-01-19,1243.33
4423,210,2026-05-03,1835.43
4424,21,2024-09-09,4055.96
4425,194,2025-06-22,1448.19
4426,244,2026-02-23,5941.12
4427,828,2024-05-28,594.53
4428,705,2024-01-11,1470.81
4429,316,2025-12-21,13652.69
4430,863,2026-01-03,1775.72
4431,753,2024-06-02,3487.56
4432,226,2025-08-05,3762.5
4433,431,2025-12-03,1125.55
4434,830,2026-07-27,1602.74
4435,412,2026-02-26,4896.58
4436,334,2024-08-02,1786.16
4437,814,2025-07-15,1681.23
4438,595,2025-12-15,1592.41
4439,397,2024-09-21,10067.9
4440,783,2024-06-07,8523.76
4441,671,2025-03-02,4115.79
4442,314,2025-12-02,2976.75
4443,382,2025-05-29,3916.41
4444,43,2025-08-12,5207.95
4445,92,2025-10-11,5238.08
4446,859,2026-07-20,1811.76
4447,48,2025-09-10,2446.0
4448,754,2024-05-11,2205.76
4449,188,2025-01-25,4432.53
4450,488,2024-06-14,9687.02
4451,651,2026-01-09,3505.78
4452,893,2026-08-30,3812.58
4453,337,2026-01-22,1449.63
4454,833,2024-08-27,468.38
4455,409,2025-11-09,2375.88
4456,781,2024-01-21,6168.54
4457,92,2024-09-22,1485.59
4458,242,2024-10-22,333.61
4459,561,2025-04-02,5406.24
4460,636,2024-11-08,4934.72
4461,724,2025-02-25,1888.18
4462,323,2024-01-10,1656.28
4463,563,2026-03-07,2570.61
4464,559,2025-01-20,2038.22
4465,887,2026-02-26,11628.92
4466,106,2024-02-26,2497.82
4467,15,2026-04-24,4630.02
4468,518,2025-09-02,2888.24
4469,15,2024-08-13,4771.96
4470,177,2026-01-03,1954.17
4471,451,2025-12-30,1882.24
4472,242,2025-12-09,3483.9
4473,240,2026-04-28,1621.59
4474,312,2026-07-19,2376.73
4475,618,2024-06-11,5948.53
4476,330,2024-10-02,8763.56
4477,714,2024-02-08,14578.96
4478,144,2024-03-05,5568.93
4479,93,2024-04-12,4434.19
4480,150,2025-11-05,1275.53
4481,826,2025-08-14,7981.66
4482,250,2024-02-03,11240.82
4483,27,2025-02-15,2266.57
4484,284,2024-04-17,13682.08
4485,620,2024-07-09,8646.33
4486,326,2024-02-24,5626.31
4487,347,2025-05-30,2964.02
4488,78,2024-03-20,848.44
4489,601,2026-02-04,11662.99
4490,199,2026-06-27,736.45
4491,88,2026-04-14,12076.72
4492,644,2026-03-14,13114.91
4493,844,2026-01-02,1303.42
4494,550,2026-06-06,726.6
4495,844,2026-05-13,2196.15
4496,362,2024-07-29,3164.89
4497,468,2025-08-12,2009.87
4498,322,2024-10-25,2161.27
4499,459,2026-03-27,3277.98
4500,804,2024-01-11,11329.57
4501,572,2025-02-10,2900.79
4502,25,2025-01-04,6012.2
4503,523,2026-04-11,893.83
4504,340,2024-10-14,3704.76
4505,490,2026-05-23,2377.63
4506,502,2025-04-28,5850.29
4507,531,2025-10-31,804.26
4508,780,2025-06-01,9414.25
4509,773,2025-02-24,2280.13
4510,875,2024-10-23,1546.58
4511,550,2024-10-01,13003.73
4512,257,2025-09-16,4288.34
4513,177,2024-11-13,3204.68
4514,765,2026-04-22,793.66
4515,823,2024-05-09,1284.25
4516,34,2024-07-29,839.01
4517,195,2024-02-15,3486.21
4518,612,2026-04-22,8553.55
4519,149,2025-02-08,4590.87
4520,46,2024-02-04,3685.99
4521,898,2024-02-11,3287.21
4522,87,2026-06-14,6972.66
4523,193,2026-05-08,2751.61
4524,891,2024-09-26,582.51
4525,91,2025-09-25,7815.17
4526,720,2024-09-03,1035.72
4527,506,2026-04-02,475.59
4528,486,2025-11-28,4411.26
4529,745,2025-03-09,238.85
4530,20,2026-06-24,3343.15
4531,55,2024-08-06,3931.49
4532,176,2026-08-29,5052.53
4533,442,2024-10-10,4620.26
4534,867,2026-05-16,730.58
4535,62,2026-04-13,6984.69
4536,379,2025-07-02,3241.97
4537,386,2024-04-28,2337.34
4538,177,2026-01-02,800.55
4539,310,2025-11-11,8194.06
4540,181,2026-04-23,7566.14
4541,124,2024-08-08,2002.92
4542,470,2024-08-21,5075.53
4543,838,2024-12-10,6182.03
4544,364,2024-12-25,2604.53
4545,572,2024-01-03,7634.95
4546,604,2024-05-29,7958.88
4547,759,2025-04-12,372.18
4548,743,2026-07-31,5991.82
4549,816,2024-05-05,2056.65
4550,734,2024-08-23,1372.62
4551,838,2026-04-18,249.31
4552,870,2024-02-08,3657.44
4553,674,2024-04-05,2535.17
4554,444,2026-05-17,1952.67
4555,277,2024-09-01,6319.84
4556,515,2024-10-27,27057.72
4557,747,2024-01-15,5119.24
4558,679,2025-01-31,2524.57
4559,469,2026-08-26,7829.64
4560,69,2026-08-18,1122.22
4561,245,2025-09-17,2077.54
4562,520,2025-10-20,3888.82
4563,348,2025-09-19,3927.0
4564,411,2025-11-08,7158.04
4565,272,2025-05-20,11032.91
4566,69,2024-07-19,7018.46
4567,420,2026-04-26,11108.46
4568,401,2026-05-07,11498.79
4569,704,2024-05-20,4402.98
4570,101,2024-04-02,2948.72
4571,437,2026-02-12,5804.61
4572,769,2024-02-16,438.73
4573,242,2026-02-25,7133.41
4574,285,2026-08-15,6415.63
4575,79,2024-02-05,1074.46
4576,518,2026-02-17,10270.9
4577,771,2024-05-09,8172.92
4578,434,2024-10-09,5525.1
4579,376,2025-06-17,2908.79
4580,675,2025-10-25,10567.87
4581,398,2024-03-28,499.38
4582,359,2024-04-16,3230.4
4583,688,2024-10-02,6051.03
4584,256,2025-10-26,8800.7
4585,765,2025-01-28,7991.11
4586,242,2024-09-25,968.58
4587,461,2024-06-02,5018.78
4588,226,2026-08-02,3979.8
4589,570,2025-11-17,386.55
4590,391,2026-08-19,867.13
4591,216,2025-04-27,252.11
4592,670,2026-03-09,384.04
4593,842,2025-09-15,970.18
4594,26,2025-05-26,3008.86
4595,512,2025-04-07,3171.97
4596,647,2025-05-02,4878.65
4597,648,2025-02-06,1752.64
4598,199,2025-09-15,9174.14
4599,103,2025-04-25,7598.83
4600,463,2026-08-04,4702.04
4601,574,2026-05-27,12395.36
4602,261,2025-03-28,4337.83
4603,333,2025-01-21,609.64
4604,479,2026-01-10,5903.15
4605,406,2025-09-18,3759.98
4606,436,2024-08-14,2287.95
4607,614,2026-03-24,2627.66
4608,886,2025-10-27,5183.93
4609,717,2025-08-28,4544.55
4610,8,2026-02-01,14389.53
4611,315,2024-08-08,4051.99
4612,9,2026-02-18,4340.07
4613,786,2024-04-28,3717.16
4614,580,2026-02-12,3670.82
4615,198,2025-07-30,1048.89
4616,756,2025-07-21,1991.66
4617,507,2025-12-10,5063.41
4618,47,2024-10-29,608.68
4619,137,2026-01-19,2744.83
4620,729,2024-01-25,9693.05
4621,261,2025-11-07,2592.46
4622,473,2026-02-13,11849.14
4623,806,2024-01-04,2651.02
4624,261,2025-11-08,8010.99
4625,11,2026-01-24,3838.09
4626,76,2025-05-24,1074.56
4627,825,2025-08-12,14061.26
4628,540,2024-02-27,946.69
4629,296,2026-08-21,2166.3
4630,71,2026-07-31,15387.58
4631,627,2026-01-15,4318.22
4632,36,2024-01-15,1587.86
4633,83,2025-02-23,3696.64
4634,535,2026-03-08,5787.29
4635,578,2025-10-21,2581.57
4636,513,2026-06-01,10484.19
4637,819,2025-08-23,1723.89
4638,243,2025-11-26,254.44
4639,500,2024-11-24,7349.96
4640,276,2026-03-03,3124.51
4641,326,2025-06-04,7995.11
4642,136,2026-02-19,2463.01
4643,715,2024-07-18,5070.44
4644,634,2024-09-18,2341.04
4645,642,2024-03-26,2842.05
4646,128,2025-10-20,668.42
4647,106,2025-12-15,1028.96
4648,704,2024-10-03,4624.24
4649,600,2025-01-09,7349.07
4650,27,2025-07-09,5019.37
4651,599,2026-01-06,1293.2
4652,883,2024-10-22,5446.43
4653,677,2025-04-21,4560.21
4654,250,2024-06-29,1738.26
4655,285,2026-02-28,3018.66
4656,677,2026-05-01,1930.74
4657,362,2025-12-22,5636.63
4658,664,2026-03-06,2259.73
4659,865,2026-01-15,5789.45
4660,365,2026-03-25,124.62
4661,517,2025-02-22,7662.53
4662,441,2024-07-19,1280.2
4663,458,2026-07-26,11200.46
4664,69,2024-01-03,2428.2
4665,889,2025-01-30,9594.81
4666,487,2025-12-09,367.64
4667,207,2026-02-12,8531.12
4668,517,2025-10-30,1536.33
4669,359,2025-04-22,8475.35
4670,740,2026-06-18,3480.68
4671,684,2024-08-17,2681.05
4672,344,2024-05-18,9778.98
4673,642,2025-09-05,2049.35
4674,30,2024-11-08,11832.63
4675,871,2025-04-02,2799.57
4676,460,2025-03-21,3744.19
4677,589,2024-09-14,4135.03
4678,581,2026-08-31,971.21
4679,282,2025-01-07,4830.33
4680,621,2025-10-15,1533.05
4681,358,2024-06-04,1202.4
4682,613,2026-08-24,1182.29
4683,81,2026-08-20,2422.09
4684,132,2024-03-08,10089.43
4685,832,2025-09-19,1748.14
4686,663,2025-08-02,4717.67
4687,116,2024-06-18,9443.62
4688,193,2026-01-20,2812.71
4689,492,2026-01-15,4069.96
4690,6,2026-04-03,10699.14
4691,362,2025-08-09,5534.43
4692,294,2025-11-20,4978.83
4693,121,2025-12-05,3479.3
4694,270,2026-01-18,11573.41
4695,264,2025-07-23,2440.73
4696,61,2025-12-27,2123.14
4697,571,2024-02-28,2569.18
4698,246,2025-08-25,5929.13
4699,29,2024-07-17,4459.92
4700,20,2025-01-31,1348.82
4701,870,2026-01-19,6525.42
4702,107,2024-04-20,5457.87
4703,819,2026-01-05,1760.24
4704,150,2024-09-10,4767.07
4705,77,2026-01-05,7771.15
4706,491,2026-01-17,2706.74
4707,782,2024-01-15,384.12
4708,65,2024-08-15,3195.15
4709,296,2026-02-24,2548.98
4710,678,2024-11-29,234.39
4711,61,2025-03-04,2168.88
4712,153,2024-01-16,1041.15
4713,276,2025-11-07,9642.88
4714,726,2024-03-31,9728.09
4715,728,2024-09-22,5142.53
4716,639,2025-04-09,3012.95
4717,600,2026-01-20,2421.37
4718,24,2025-04-30,7313.35
4719,215,2026-08-15,2807.92
4720,830,2025-05-24,3345.4
4721,648,2024-09-04,4321.76
4722,217,2024-07-05,11467.58
4723,638,2026-02-03,474.91
4724,652,2025-03-24,1822.14
4725,669,2025-08-12,754.72
4726,883,2024-12-26,5019.82
4727,487,2024-09-23,497.53
4728,54,2025-08-07,1519.92
4729,738,2024-10-13,3984.92
4730,14,2026-09-01,6484.37
4731,578,2025-12-14,3162.8
4732,717,2026-03-10,1549.88
4733,113,2024-10-04,2519.47
4734,718,2024-01-29,2401.73
4735,730,2024-02-16,7213.56
4736,589,2026-04-17,1733.5
4737,292,2026-05-02,6859.23
4738,182,2025-10-24,3100.81
4739,635,2025-07-28,8265.11
4740,142,2024-07-22,3733.28
4741,608,2026-01-09,1957.44
4742,153,2025-05-18,8148.86
4743,303,2025-08-11,15725.91
4744,456,2024-01-24,3963.44
4745,146,2025-05-18,7280.63
4746,716,2025-11-07,3812.18
4747,626,2026-01-20,1664.88
4748,15,2024-05-21,8544.35
4749,765,2024-02-01,912.91
4750,646,2026-04-14,758.94
4751,755,2024-10-31,8625.54
4752,542,2025-04-06,2620.95
4753,564,2025-09-03,1061.93
4754,346,2025-04-24,11878.44
4755,205,2026-07-09,6196.8
4756,212,2026-04-01,3165.82
4757,285,2025-01-18,4635.34
4758,262,2024-07-05,4174.24
4759,680,2026-08-08,6115.07
4760,472,2025-11-21,3051.61
4761,370,2026-01-06,6553.07
4762,653,2025-03-28,3929.21
4763,660,2025-04-17,267.24
4764,842,2024-06-26,2074.86
4765,279,2025-02-22,5614.29
4766,219,2025-06-13,734.27
4767,6,2024-05-06,3931.58
4768,144,2025-09-11,2627.4
4769,544,2025-08-22,12054.91
4770,729,2026-03-30,6735.31
4771,541,2024-02-21,786.19
4772,893,2024-08-08,5849.29
4773,565,2025-02-22,2576.11
4774,795,2026-05-07,3633.95
4775,242,2024-08-19,2605.71
4776,292,2026-08-05,12338.66
4777,730,2026-07-21,11594.93
4778,595,2024-04-02,1722.71
4779,439,2024-12-20,8261.69
4780,861,2024-09-09,2018.43
4781,687,2025-04-22,1614.9
4782,266,2026-06-20,3935.69
4783,550,2025-01-01,3455.79
4784,357,2025-10-08,1332.11
4785,375,2024-05-13,527.08
4786,725,2025-07-09,3627.14
4787,612,2024-12-09,1332.73
4788,12,2026-06-13,2781.21
4789,518,2026-01-29,8908.51
4790,583,2024-07-28,2971.02
4791,460,2025-08-28,488.09
4792,270,2024-11-29,8127.44
4793,584,2025-03-02,5221.52
4794,853,2025-03-27,7108.85
4795,78,2026-03-11,3396.06
4796,543,2024-10-09,3376.14
4797,820,2024-01-05,16456.66
4798,361,2024-07-07,5256.07
4799,302,2026-03-16,8021.71
4800,223,2024-10-16,26783.57
4801,203,2024-02-28,16088.75
4802,352,2025-01-25,977.55
4803,695,2026-04-28,1271.23
4804,164,2026-05-01,755.48
4805,209,2026-07-12,3332.0
4806,899,2025-10-28,18837.67
4807,897,2026-03-09,2002.49
4808,205,2026-01-23,3389.12
4809,379,2024-01-20,1136.79
4810,364,2025-02-11,2681.74
4811,267,2025-05-28,2861.0
4812,138,2025-03-28,662.2
4813,56,2026-03-19,6933.07
4814,553,2026-08-15,2713.57
4815,38,2025-06-15,1029.31
4816,559,2024-04-03,3439.28
4817,86,2024-12-16,6737.44
4818,139,2024-07-11,3159.06
4819,5,2025-04-03,1153.97
4820,359,2024-08-16,4050.73
4821,295,2024-03-19,15257.92
4822,300,2024-06-16,1913.38
4823,280,2025-04-28,1370.57
4824,845,2024-05-17,2236.35
4825,388,2024-01-28,1487.38
4826,729,2024-09-30,1558.82
4827,210,2025-09-20,892.27
4828,435,2025-09-06,7996.56
4829,57,2025-01-15,6247.31
4830,233,2025-10-08,2527.27
4831,65,2024-07-05,1836.29
4832,19,2025-12-05,4855.61
4833,164,2024-01-17,3983.98
4834,144,2024-05-11,3855.57
4835,285,2026-06-18,10012.67
4836,670,2025-04-01,5358.3
4837,134,2025-06-26,34675.47
4838,550,2025-01-22,2027.11
4839,329,2025-09-22,15738.1
4840,363,2025-12-30,5135.99
4841,830,2026-01-29,1095.76
4842,419,2024-08-30,1648.96
4843,236,2025-09-02,5948.78
4844,215,2026-02-03,796.33
4845,152,2025-02-06,3151.08
4846,722,2025-01-07,20166.32
4847,599,2025-09-03,38.36
4848,241,2025-07-13,3130.26
4849,442,2024-09-03,1649.6
4850,455,2026-07-22,16196.9
4851,43,2025-07-01,2913.3
4852,818,2025-07-04,1372.37
4853,710,2024-07-19,812.27
4854,482,2025-10-20,960.69
4855,644,2026-06-13,14410.9
4856,99,2025-12-08,118.33
4857,880,2025-05-11,5299.09
4858,577,2025-09-12,10775.62
4859,845,2024-08-15,3092.62
4860,778,2024-02-29,982.73
4861,526,2025-09-15,5282.35
4862,260,2024-06-26,1273.79
4863,618,2024-03-29,1795.29
4864,462,2026-01-25,1468.89
4865,369,2025-02-27,1547.32
4866,641,2026-04-11,7601.37
4867,800,2026-04-24,2754.58
4868,155,2024-04-29,5577.37
4869,498,2026-01-18,5566.84
4870,701,2024-11-22,3341.32
4871,293,2025-11-16,11274.21
4872,308,2024-02-12,1151.58
4873,9,2025-04-03,2992.11
4874,291,2025-09-04,279.39
4875,528,2025-03-11,3557.99
4876,875,2025-06-21,7217.96
4877,473,2024-01-12,655.75
4878,262,2024-01-08,1872.6
4879,731,2025-08-08,1499.38
4880,169,2025-02-09,968.2
4881,169,2025-07-16,5940.7
4882,470,2024-12-16,3202.76
4883,734,2024-01-06,4476.18
4884,192,2025-11-13,7241.46
4885,14,2024-05-13,13463.22
4886,652,2026-02-04,959.83
4887,529,2024-01-13,5378.34
4888,618,2026-06-24,1794.07
4889,358,2024-09-03,1076.0
4890,107,2026-05-20,2489.41
4891,299,2024-01-04,5595.75
4892,423,2025-03-14,3494.96
4893,390,2025-02-10,2177.88
4894,801,2024-06-09,6106.24
4895,202,2025-04-09,5715.39
4896,281,2024-07-28,2039.36
4897,166,2025-03-02,5336.44
4898,514,2024-12-31,3403.99
4899,725,2024-07-13,1510.63
4900,795,2026-02-07,5687.26
4901,205,2025-05-25,5845.73
4902,387,2026-03-28,862.89
4903,664,2026-03-04,5303.11
4904,42,2024-09-12,8032.81
4905,641,2024-10-10,988.0
4906,121,2026-07-16,4002.36
4907,31,2024-10-31,1014.76
4908,102,2024-04-02,1142.78
4909,793,2025-06-13,428.46
4910,613,2026-07-31,8902.05
4911,711,2024-08-15,8095.56
4912,622,2025-09-13,8478.39
4913,717,2024-11-25,2261.63
4914,447,2025-01-10,7225.79
4915,729,2025-03-17,1065.68
4916,51,2024-05-19,846.14
4917,525,2025-01-11,2306.38
4918,680,2024-09-23,7695.2
4919,895,2026-03-08,4117.28
4920,324,2024-08-10,2027.06
4921,162,2026-04-07,1917.35
4922,649,2024-01-17,8914.52
4923,66,2025-01-27,6268.76
4924,699,2024-09-18,9292.97
4925,634,2025-03-12,8788.4
4926,622,2026-01-21,310.85
4927,265,2026-07-21,7959.39
4928,109,2025-12-10,6368.09
4929,548,2025-05-05,1206.5
4930,327,2025-05-14,2293.07
4931,353,2026-08-26,2822.74
4932,169,2026-08-24,13223.19
4933,301,2026-01-13,3531.04
4934,749,2024-06-09,6139.62
4935,804,2024-09-14,7862.89
4936,315,2024-09-22,2142.52
4937,128,2024-08-11,8732.63
4938,31,2026-08-01,3175.42
4939,171,2024-06-04,1182.73
4940,9,2026-04-11,2885.61
4941,602,2026-02-24,8164.44
4942,579,2025-05-30,1578.2
4943,705,2024-10-26,6707.31
4944,300,2024-09-16,2428.96
4945,749,2025-10-20,972.0
4946,153,2025-10-16,751.49
4947,209,2025-06-10,3979.51
4948,825,2025-07-08,5049.98
4949,794,2026-03-16,1110.18
4950,539,2026-01-05,5442.07
4951,549,2026-01-02,670.88
4952,631,2024-09-30,2177.83
4953,741,2024-03-03,3101.9
4954,209,2025-03-23,2866.91
4955,62,2024-11-25,3803.68
4956,167,2024-11-22,2985.93
4957,322,2025-05-22,2601.46
4958,213,2026-06-21,2590.18
4959,473,2026-02-22,1743.29
4960,125,2025-10-20,5538.32
4961,520,2025-11-27,2625.23
4962,640,2025-02-07,1536.91
4963,90,2025-06-19,5242.72
4964,259,2025-02-26,4589.91
4965,485,2026-02-27,1051.26
4966,60,2026-08-23,10050.7
4967,599,2025-02-28,2201.61
4968,679,2025-12-03,2302.86
4969,326,2024-02-24,3202.47
4970,9,2025-01-26,4462.27
4971,451,2026-04-28,3347.12
4972,783,2025-10-31,1387.86
4973,264,2025-05-28,355.52
4974,765,2024-07-27,9899.32
4975,784,2026-02-27,1190.89
4976,253,2026-08-04,4924.08
4977,540,2025-01-17,3321.36
4978,38,2026-02-28,230.97
4979,497,2025-07-27,1707.92
4980,792,2025-01-22,11785.04
4981,850,2024-11-18,400.08
4982,180,2025-05-05,2394.03
4983,599,2025-02-03,4459.91
4984,60,2025-08-24,1198.08
4985,252,2024-05-23,3663.05
4986,752,2025-04-10,5311.06
4987,578,2025-12-24,4749.31
4988,353,2026-04-03,3654.05
4989,866,2024-09-30,2790.89
4990,683,2025-08-08,1255.51
4991,22,2024-10-21,5173.4
4992,72,2026-02-09,3261.32
4993,564,2024-12-11,12999.36
4994,790,2025-10-18,6325.05
4995,142,2025-02-25,2012.81
4996,485,2024-09-17,4041.53
4997,735,2025-07-15,855.01
4998,777,2025-08-31,329.73
4999,577,2025-10-27,1945.01
5000,900,2026-02-10,656.0
5001,844,2025-10-20,5792.52
5002,751,2026-04-10,12116.05
5003,603,2025-02-17,7973.82
5004,887,2025-05-10,2289.82
5005,16,2025-04-14,6005.39
5006,81,2025-07-17,1841.66
5007,460,2024-05-16,8806.14
5008,604,2026-04-12,5313.37
5009,814,2025-05-23,3215.51
5010,611,2025-06-23,3020.02
5011,210,2026-05-05,5304.26
5012,818,2025-03-29,3048.48
5013,75,2025-03-24,7628.21
5014,86,2025-07-05,2242.17
5015,648,2026-07-03,2740.37
5016,868,2024-09-04,2895.79
5017,453,2024-05-31,2550.34
5018,122,2024-04-15,1353.97
5019,43,2025-12-19,2077.6
5020,882,2024-01-11,3163.08
5021,252,2025-11-21,2948.01
5022,576,2026-05-12,10894.82
5023,295,2025-10-26,4479.59
5024,194,2024-06-15,9148.16
5025,602,2025-10-08,547.03
5026,666,2025-03-07,6855.18
5027,425,2024-01-22,4481.42
5028,457,2024-07-11,2906.08
5029,439,2025-12-24,1231.34
5030,533,2025-06-30,5699.79
5031,726,2025-05-02,5050.08
5032,640,2026-01-26,5877.77
5033,251,2025-05-26,2023.98
5034,223,2026-08-02,7599.72
5035,606,2024-02-19,5386.43
5036,581,2024-10-06,2203.72
5037,331,2024-07-02,10066.81
5038,755,2025-02-07,3935.88
5039,377,2026-06-07,395.13
5040,303,2025-02-03,2200.42
5041,501,2024-11-03,7530.3
5042,174,2024-03-23,2267.86
5043,627,2025-01-19,3370.55
5044,808,2024-08-11,7708.92
5045,851,2024-07-03,2295.52
5046,403,2024-05-10,6213.77
5047,243,2025-09-08,893.08
5048,432,2025-11-22,4351.89
5049,94,2025-12-23,4134.95
5050,602,2024-02-22,4680.67
5051,386,2026-06-17,5170.52
5052,110,2025-05-09,3500.69
5053,493,2025-07-02,3140.63
5054,647,2026-05-05,3356.43
5055,206,2024-09-25,9775.66
5056,365,2025-05-05,3813.44
5057,802,2024-03-10,15622.19
5058,639,2025-04-25,5151.69
5059,719,2024-09-16,3814.99
5060,405,2024-06-26,992.29
5061,445,2025-08-25,6556.7
5062,448,2024-05-06,2660.12
5063,406,2026-08-07,7375.24
5064,130,2024-08-14,1660.77
5065,37,2024-03-18,3341.09
5066,750,2025-03-11,2559.27
5067,484,2025-01-13,6162.08
5068,480,2025-10-03,10380.79
5069,537,2025-10-12,3276.85
5070,372,2025-07-31,2366.7
5071,803,2025-07-14,1057.1
5072,423,2026-01-27,2117.54
5073,451,2025-09-27,10482.1
5074,479,2024-05-15,3320.31
5075,142,2025-03-27,4948.04
5076,157,2025-11-01,694.72
5077,163,2024-09-17,658.36
5078,229,2026-04-22,557.71
5079,144,2025-04-15,8547.17
5080,202,2024-11-09,3437.46
5081,845,2025-01-06,1596.9
5082,325,2025-08-26,6714.33
5083,715,2025-11-22,2531.04
5084,354,2024-09-06,7353.28
5085,743,2024-06-16,3269.88
5086,678,2024-03-30,7436.08
5087,757,2025-04-28,1401.13
5088,260,2026-06-22,4801.98
5089,87,2026-07-24,5819.84
5090,278,2025-06-29,602.61
5091,632,2025-06-02,3441.25
5092,589,2025-05-05,1024.23
5093,634,2024-08-19,686.34
5094,895,2025-02-09,2712.24
5095,203,2026-07-01,4973.6
5096,400,2025-08-23,1663.66
5097,442,2024-08-26,2836.2
5098,135,2024-03-26,1925.1
5099,597,2026-01-02,6955.86
5100,45,2026-05-30,9016.32
5101,808,2024-04-16,17876.2
5102,80,2024-12-31,8102.98
5103,100,2026-04-10,5347.62
5104,157,2024-09-03,6950.34
5105,803,2024-06-25,1947.62
5106,776,2025-01-19,2659.63
5107,831,2025-01-19,4198.33
5108,750,2025-04-14,572.47
5109,832,2026-07-30,1793.57
5110,425,2026-08-06,16012.04
5111,5,2025-07-18,2680.54
5112,395,2024-03-14,449.14
5113,199,2024-09-14,2159.85
5114,221,2024-06-25,3953.21
5115,623,2024-01-01,5103.0
5116,151,2025-01-08,3277.13
5117,290,2024-01-07,4675.8
5118,354,2025-07-13,1766.69
5119,55,2024-09-24,9214.42
5120,632,2025-12-07,7722.4
5121,687,2025-05-28,350.3
5122,503,2026-07-16,1191.58
5123,26,2025-04-17,6744.9
5124,709,2024-06-01,4425.0
5125,402,2026-06-17,4227.24
5126,240,2024-10-28,3756.37
5127,853,2026-01-14,8128.47
5128,774,2026-02-02,4304.06
5129,397,2026-06-20,5156.47
5130,399,2025-09-16,3852.53
5131,821,2025-05-13,1324.78
5132,173,2025-01-10,7111.82
5133,369,2025-03-11,2473.22
5134,514,2026-01-30,2448.65
5135,313,2025-07-05,2946.83
5136,285,2024-02-17,889.71
5137,97,2024-12-28,14263.66
5138,241,2026-06-10,6715.53
5139,323,2024-07-24,1223.64
5140,754,2025-04-05,11074.65
5141,304,2026-03-26,2072.11
5142,146,2024-10-10,2435.09
5143,762,2025-10-25,2046.59
5144,317,2026-02-04,9579.24
5145,828,2024-11-13,8388.02
5146,99,2026-05-23,3029.92
5147,20,2025-03-11,3264.11
5148,830,2024-10-15,6495.59
5149,89,2024-08-07,6347.89
5150,8,2024-09-16,3443.71
5151,579,2025-07-02,3536.2
5152,286,2024-08-07,6807.66
5153,437,2024-12-15,505.08
5154,368,2025-11-24,4873.85
5155,268,2026-05-03,4617.47
5156,434,2025-10-23,9632.65
5157,234,2025-05-30,5244.53
5158,203,2025-11-09,5720.95
5159,203,2025-02-05,1827.71
5160,107,2024-09-21,1961.68
5161,473,2025-12-31,4780.19
5162,494,2024-05-11,236.54
5163,16,2026-06-01,2606.23
5164,414,2025-02-21,970.77
5165,665,2026-03-07,2064.06
5166,2,2024-04-06,340.93
5167,271,2025-04-27,1108.45
5168,865,2025-02-15,8843.68
5169,385,2024-12-13,1016.26
5170,15,2025-05-14,1478.23
5171,475,2025-10-07,2235.99
5172,370,2026-07-07,5757.11
5173,191,2026-03-07,2952.37
5174,67,2024-08-13,536.39
5175,796,2026-08-12,277.03
5176,732,2025-04-30,2593.98
5177,614,2025-03-21,2897.8
5178,16,2024-01-11,7155.59
5179,784,2025-10-13,1151.44
5180,426,2026-05-14,10503.48
5181,428,2024-10-12,545.6
5182,790,2026-04-25,553.99
5183,390,2024-03-26,2519.42
5184,213,2026-07-31,6971.52
5185,214,2024-09-03,4211.81
5186,835,2025-04-14,1100.56
5187,491,2024-01-15,14755.23
5188,522,2026-05-25,4048.11
5189,534,2025-05-11,4391.57
5190,199,2026-08-04,6439.16
5191,378,2024-12-29,4522.95
5192,857,2024-02-28,2130.18
5193,131,2025-10-23,11666.28
5194,857,2024-06-08,9736.35
5195,246,2025-08-22,13188.82
5196,267,2024-02-04,2372.6
5197,13,2024-06-12,11323.96
5198,598,2025-09-13,1034.55
5199,288,2025-10-18,3504.05
5200,414,2024-05-28,6278.4
5201,523,2024-07-01,762.5
5202,571,2026-04-17,12496.87
5203,861,2024-01-06,2141.37
5204,501,2024-08-12,10067.11
5205,161,2026-08-03,868.5
5206,634,2025-06-17,3430.58
5207,50,2024-01-27,1735.53
5208,760,2026-05-20,1749.39
5209,267,2024-11-29,1003.35
5210,651,2025-11-28,914.84
5211,142,2025-09-13,1155.46
5212,367,2024-12-23,1111.59
5213,626,2024-12-27,8449.39
5214,560,2025-06-20,9432.62
5215,6,2025-01-06,714.28
5216,32,2024-06-18,2738.86
5217,883,2025-12-05,8308.48
5218,476,2025-10-19,5688.71
5219,771,2025-08-10,2545.63
5220,66,2025-12-24,1808.04
5221,442,2025-05-20,732.22
5222,519,2026-06-24,11993.77
5223,829,2026-05-14,4455.44
5224,640,2026-08-14,3804.62
5225,566,2024-04-15,1359.11
5226,265,2024-04-09,3177.78
5227,895,2025-04-03,8410.44
5228,295,2025-11-06,630.49
5229,251,2024-08-21,1331.02
5230,652,2024-04-22,820.39
5231,898,2024-02-05,10153.38
5232,772,2025-06-24,596.03
5233,163,2026-08-12,4267.11
5234,734,2025-03-28,832.35
5235,319,2025-12-16,3887.52
5236,200,2024-02-20,797.76
5237,842,2024-07-29,1972.35
5238,855,2025-10-25,11408.5
5239,334,2025-01-27,5011.4
5240,24,2024-01-26,3705.68
5241,189,2024-08-08,4721.68
5242,488,2026-02-12,12129.94
5243,54,2025-10-29,3929.22
5244,205,2026-02-28,7977.52
5245,135,2024-12-07,8172.72
5246,857,2026-06-24,7343.06
5247,320,2026-06-15,18601.15
5248,343,2024-12-24,5824.6
5249,380,2024-07-21,7576.39
5250,12,2026-07-26,2010.28
5251,489,2024-12-07,3453.56
5252,822,2025-04-28,3299.46
5253,733,2026-06-27,1324.11
5254,226,2024-09-19,1491.59
5255,13,2026-05-12,3251.12
5256,697,2024-06-05,4104.36
5257,758,2024-10-12,11796.49
5258,830,2025-01-13,1320.89
5259,520,2025-04-15,1237.58
5260,427,2024-08-25,655.92
5261,681,2026-05-11,6556.19
5262,622,2025-10-10,13881.97
5263,682,2025-10-15,3075.72
5264,256,2025-12-14,4278.67
5265,813,2025-09-13,3138.54
5266,34,2025-09-19,6039.08
5267,85,2025-10-06,1033.62
5268,590,2025-12-03,5025.4
5269,515,2026-06-16,3135.05
5270,499,2024-07-10,6749.55
5271,819,2025-05-19,6553.1
5272,784,2024-06-28,4550.03
5273,648,2024-06-26,2677.4
5274,149,2026-07-15,1377.5
5275,87,2025-04-05,6436.39
5276,126,2025-11-17,3556.82
5277,553,2025-12-11,3486.86
5278,642,2024-01-31,2283.1
5279,720,2025-04-24,10402.91
5280,93,2024-06-24,10766.89
5281,248,2024-11-01,2468.07
5282,305,2024-07-02,1602.32
5283,570,2025-10-11,2691.2
5284,42,2024-05-08,1743.81
5285,757,2025-03-14,4930.22
5286,73,2024-10-25,3449.45
5287,472,2026-07-27,6188.58
5288,840,2026-02-07,2498.04
5289,175,2024-12-09,19640.11
5290,619,2024-10-13,702.65
5291,495,2025-11-30,3338.48
5292,738,2025-09-07,16853.61
5293,530,2025-06-25,6262.85
5294,764,2024-03-11,2904.07
5295,363,2024-03-16,4702.34
5296,148,2025-09-12,909.03
5297,612,2025-04-03,3533.58
5298,871,2026-03-19,886.24
5299,390,2024-01-29,397.78
5300,738,2024-06-30,9882.34
5301,790,2026-02-09,1843.82
5302,581,2026-08-12,809.2
5303,713,2025-12-17,2544.13
5304,507,2024-01-13,5935.06
5305,725,2024-02-19,892.15
5306,303,2026-05-06,2105.83
5307,474,2025-05-02,6557.13
5308,71,2025-04-29,3691.88
5309,177,2026-07-26,10092.7
5310,522,2024-08-29,6642.68
5311,652,2024-10-04,5395.96
5312,27,2025-10-30,6454.19
5313,63,2026-05-31,671.96
5314,6,2024-12-22,3297.14
5315,466,2024-05-27,2314.69
5316,302,2024-02-24,3352.86
5317,48,2024-01-07,1880.49
5318,715,2024-12-30,1863.87
5319,476,2025-06-01,7232.85
5320,10,2025-04-22,14605.43
5321,618,2024-08-21,11134.13
5322,821,2025-10-21,332.83
5323,378,2026-05-07,3149.87
5324,855,2024-08-15,2363.75
5325,376,2025-10-19,1009.26
5326,70,2025-06-15,7482.76
5327,111,2025-10-31,2539.78
5328,61,2024-01-15,1165.53
5329,272,2025-10-18,4734.11
5330,347,2025-12-29,883.98
5331,400,2025-10-23,8873.82
5332,433,2026-03-30,9420.17
5333,778,2025-12-29,6348.03
5334,11,2026-08-18,5206.9
5335,809,2025-10-15,3121.13
5336,216,2025-03-11,4467.48
5337,859,2026-03-24,3049.12
5338,122,2025-11-08,628.95
5339,91,2025-06-28,6094.3
5340,110,2025-07-18,10478.03
5341,267,2024-12-07,1887.05
5342,848,2025-08-21,6982.1
5343,417,2025-03-31,3442.55
5344,149,2024-05-07,2046.56
5345,578,2025-03-05,220.58
5346,458,2026-07-15,6261.86
5347,633,2024-11-20,5248.34
5348,668,2025-10-22,1136.64
5349,708,2025-02-09,2678.59
5350,137,2024-10-05,3418.47
5351,447,2025-01-10,4668.93
5352,568,2026-07-24,8170.41
5353,501,2024-04-18,2944.49
5354,876,2025-10-13,500.73
5355,865,2026-03-20,3572.4
5356,731,2024-06-29,2316.09
5357,217,2026-01-07,1555.26
5358,477,2025-09-12,7189.62
5359,724,2024-11-25,1379.43
5360,242,2024-06-21,781.54
5361,641,2026-07-10,2143.36
5362,225,2024-07-11,3350.19
5363,127,2026-07-14,3777.33
5364,216,2025-09-23,8979.85
5365,834,2026-04-15,1754.88
5366,896,2024-10-15,6312.94
5367,770,2024-01-29,2148.47
5368,245,2025-10-01,286.58
5369,702,2024-12-27,8313.29
5370,197,2025-06-20,621.33
5371,115,2025-03-21,4260.27
5372,233,2024-11-09,727.23
5373,126,2025-12-01,5020.71
5374,577,2025-05-03,967.9
5375,615,2025-09-10,464.75
5376,33,2025-10-17,2731.46
5377,97,2025-10-23,150.25
5378,432,2024-11-18,2975.93
5379,102,2026-01-18,6287.3
5380,746,2024-08-02,14976.37
5381,361,2026-07-13,3957.49
5382,372,2026-02-28,3179.14
5383,5,2025-06-21,8571.26
5384,632,2024-06-24,867.66
5385,650,2026-05-31,1401.19
5386,681,2025-06-24,6159.07
5387,487,2026-03-05,2086.9
5388,243,2024-01-27,2517.06
5389,71,2024-11-25,3546.7
5390,285,2024-10-19,1010.37
5391,490,2026-03-04,484.67
5392,105,2025-03-28,1306.0
5393,49,2024-04-24,2309.36
5394,196,2025-08-22,5024.62
5395,64,2024-06-03,3306.47
5396,13,2025-03-11,5982.13
5397,437,2026-08-25,3258.44
5398,671,2025-02-27,6744.24
5399,450,2025-02-21,2543.58
5400,83,2024-02-09,186.38
5401,306,2025-03-25,1716.9
5402,32,2026-07-22,3636.5
5403,560,2026-07-16,5511.35
5404,210,2026-07-28,1910.65
5405,349,2024-12-18,4000.13
5406,812,2024-03-04,2192.1
5407,529,2024-08-19,1423.32
5408,689,2024-07-25,5513.46
5409,315,2024-03-16,4642.72
5410,838,2025-11-22,18721.95
5411,644,2025-05-24,1914.46
5412,465,2025-12-04,9252.94
5413,522,2024-07-13,622.0
5414,561,2025-11-09,9258.57
5415,145,2024-03-04,3327.08
5416,227,2025-12-04,2312.13
5417,618,2026-03-03,4661.73
5418,397,2024-09-04,4969.05
5419,706,2024-11-16,8377.21
5420,474,2025-02-28,1203.08
5421,60,2025-07-18,611.71
5422,599,2025-05-30,4687.28
5423,549,2024-04-12,4439.63
5424,329,2025-01-04,8263.94
5425,712,2025-05-07,2075.37
5426,316,2025-08-21,1674.39
5427,104,2025-09-08,4569.76
5428,110,2025-10-11,3501.0
5429,812,2025-03-14,5410.91
5430,339,2025-05-04,1565.02
5431,374,2024-11-25,9191.49
5432,275,2024-09-21,4316.96
5433,665,2024-10-30,8102.85
5434,545,2025-03-03,2860.67
5435,810,2024-04-16,1477.4
5436,806,2024-08-01,4815.48
5437,891,2024-04-22,5997.77
5438,297,2025-02-02,494.7
5439,526,2025-04-28,13981.09
5440,312,2024-06-08,1657.26
5441,634,2024-05-15,3840.16
5442,674,2025-05-27,5729.38
5443,227,2024-08-05,3471.84
5444,774,2026-04-26,3671.58
5445,262,2024-06-09,3756.53
5446,885,2025-04-14,263.62
5447,766,2026-02-21,3973.66
5448,17,2024-04-11,2038.11
5449,359,2025-03-14,7966.67
5450,350,2025-04-05,6855.01
5451,741,2025-06-22,662.47
5452,652,2026-05-13,617.81
5453,46,2025-07-22,14426.08
5454,757,2025-01-02,74.44
5455,197,2025-01-21,1740.67
5456,333,2025-08-31,912.74
5457,154,2024-10-17,8981.16
5458,142,2025-10-29,2979.67
5459,475,2025-01-07,1648.44
5460,77,2024-02-28,3550.95
5461,73,2025-06-05,13506.2
5462,708,2024-09-02,5226.26
5463,310,2024-12-15,5131.97
5464,584,2024-11-11,464.61
5465,888,2024-05-13,8307.79
5466,46,2024-10-08,1180.8
5467,715,2026-06-09,4850.48
5468,99,2024-11-08,1477.98
5469,685,2025-12-15,3518.76
5470,276,2025-02-02,3347.69
5471,122,2024-03-05,22035.19
5472,206,2026-03-27,2220.23
5473,329,2026-06-02,4399.41
5474,657,2024-08-17,2942.71
5475,613,2024-06-15,848.39
5476,656,2026-06-26,4844.02
5477,20,2024-04-05,7182.58
5478,878,2026-05-16,1011.58
5479,391,2024-06-17,2627.57
5480,101,2026-04-25,3609.55
5481,836,2026-06-28,6564.43
5482,714,2024-08-22,6784.59
5483,75,2024-08-03,419.34
5484,394,2024-04-13,14314.17
5485,816,2026-02-06,5250.92
5486,615,2024-12-06,3425.03
5487,176,2025-09-18,6520.73
5488,631,2025-08-21,10103.82
5489,171,2025-05-20,2900.6
5490,317,2024-08-24,2581.16
5491,176,2024-12-22,868.18
5492,625,2025-05-03,2615.04
5493,839,2024-03-31,5566.72
5494,41,2025-01-28,2618.81
5495,544,2025-11-23,2518.79
5496,224,2025-02-15,12125.23
5497,676,2025-01-19,4341.67
5498,126,2026-03-30,4350.41
5499,330,2025-06-05,5638.35
5500,186,2025-12-19,7516.67
5501,786,2024-02-20,3692.85
5502,75,2026-06-23,1380.52
5503,524,2026-01-26,5197.69
5504,109,2026-03-17,8326.84
5505,540,2025-11-05,5127.75
5506,692,2025-06-08,6475.34
5507,678,2025-05-31,2519.46
5508,31,2025-08-31,1652.98
5509,697,2025-04-28,4095.09
5510,268,2025-12-12,2090.53
5511,614,2024-11-24,10332.33
5512,868,2026-01-20,5340.26
5513,108,2024-11-29,2245.12
5514,327,2025-04-08,1089.43
5515,781,2024-03-07,8112.68
5516,128,2026-05-27,1300.61
5517,235,2025-10-31,3516.92
5518,495,2024-08-31,4389.21
5519,897,2024-02-13,1320.53
5520,266,2026-04-10,3048.11
5521,347,2024-01-02,9153.28
5522,717,2025-04-14,673.31
5523,108,2024-01-31,8072.0
5524,295,2025-11-07,4130.51
5525,285,2024-07-17,1858.24
5526,361,2025-02-20,614.52
5527,517,2025-07-09,3132.58
5528,200,2024-12-27,1966.31
5529,353,2025-10-26,3095.8
5530,826,2025-05-10,5728.95
5531,746,2025-02-14,552.13
5532,861,2024-11-10,3925.1
5533,614,2025-02-02,12630.55
5534,525,2024-11-09,2253.39
5535,193,2025-07-16,5068.29
5536,143,2026-01-15,546.79
5537,485,2025-08-04,1716.84
5538,365,2024-02-01,9505.72
5539,709,2026-04-03,2028.12
5540,9,2026-02-05,5205.31
5541,803,2026-03-09,2003.88
5542,154,2024-02-18,885.67
5543,356,2026-03-13,2764.54
5544,321,2025-03-31,5605.16
5545,833,2026-04-03,8129.48
5546,649,2026-01-31,3139.3
5547,33,2026-05-07,5192.25
5548,768,2024-04-28,3655.27
5549,610,2025-06-25,3968.44
5550,62,2025-12-11,1348.85
5551,704,2025-08-03,1511.78
5552,31,2026-03-02,999.27
5553,383,2025-12-10,2149.94
5554,146,2024-02-04,7215.65
5555,10,2024-07-13,11341.61
5556,504,2025-09-10,7204.9
5557,619,2024-12-17,4983.1
5558,432,2024-12-13,3563.47
5559,309,2026-06-08,7188.48
5560,463,2024-03-28,25890.49
5561,137,2025-05-24,4310.41
5562,45,2024-10-30,5549.2
5563,142,2024-02-20,4343.33
5564,49,2024-12-31,13754.4
5565,693,2025-01-30,3041.93
5566,548,2025-03-19,1494.55
5567,169,2024-06-05,6160.64
5568,513,2025-12-10,1500.28
5569,436,2024-12-13,4581.87
5570,101,2025-07-13,3585.78
5571,874,2025-06-15,5108.22
5572,845,2025-07-04,3732.37
5573,683,2025-05-07,384.47
5574,728,2024-10-20,5712.44
5575,493,2025-04-23,4713.6
5576,724,2025-06-01,8627.49
5577,476,2024-01-18,1669.96
5578,150,2025-12-06,305.32
5579,151,2025-03-09,6112.45
5580,769,2024-10-12,5900.24
5581,402,2024-01-29,5606.45
5582,657,2024-10-24,15501.26
5583,131,2025-01-29,38.16
5584,404,2026-03-26,298.19
5585,76,2025-09-22,843.24
5586,199,2025-02-11,6677.3
5587,99,2024-05-02,9166.76
5588,188,2024-09-24,3743.78
5589,546,2026-06-12,5759.71
5590,5,2024-05-04,1555.48
5591,175,2025-09-06,1152.19
5592,622,2025-05-19,489.65
5593,135,2024-07-31,5740.94
5594,501,2026-05-01,8660.29
5595,781,2025-01-19,727.51
5596,703,2025-10-06,1454.09
5597,110,2024-04-04,2103.66
5598,133,2026-07-30,888.78
5599,636,2024-01-22,4661.79
5600,312,2024-10-29,2447.46
5601,376,2026-06-11,9848.28
5602,430,2025-09-13,1582.51
5603,522,2025-10-20,7219.85
5604,405,2024-11-02,545.86
5605,22,2026-01-30,1820.98
5606,86,2026-06-27,3897.74
5607,1,2025-08-29,4698.55
5608,239,2024-07-31,11011.58
5609,736,2026-06-03,4544.97
5610,875,2024-01-05,4609.48
5611,428,2026-05-23,1173.36
5612,25,2024-01-10,1379.54
5613,65,2024-02-26,2067.75
5614,734,2024-02-10,3341.53
5615,310,2024-07-03,3036.63
5616,794,2025-12-10,4733.02
5617,456,2025-01-20,10101.91
5618,792,2024-03-18,3491.4
5619,122,2024-11-28,6486.97
5620,773,2026-08-30,1360.53
5621,492,2025-05-27,11248.23
5622,394,2025-12-11,3379.78
5623,476,2024-09-16,11111.8
5624,295,2025-05-22,2641.33
5625,543,2026-02-16,2239.65
5626,694,2025-10-19,1773.36
5627,730,2024-01-08,970.48
5628,881,2025-08-14,7689.05
5629,372,2026-02-10,1453.53
5630,692,2024-05-11,4601.01
5631,800,2025-01-18,841.03
5632,16,2025-09-20,13691.88
5633,428,2024-01-06,7835.77
5634,631,2025-11-23,7417.45
5635,412,2026-04-05,3946.3
5636,91,2025-05-28,3025.79
5637,591,2025-03-11,1921.08
5638,366,2024-03-30,10962.52
5639,556,2025-12-07,527.07
5640,2,2026-07-08,5841.97
5641,11,2026-05-06,1528.74
5642,543,2025-06-19,835.41
5643,885,2024-02-03,2401.59
5644,576,2024-10-05,2440.35
5645,849,2024-09-12,4821.2
5646,763,2024-01-08,8493.77
5647,254,2024-04-25,2927.8
5648,93,2025-07-14,328.34
5649,503,2024-04-05,1403.23
5650,559,2024-02-07,2889.05
5651,694,2026-07-11,2157.74
5652,469,2025-08-12,5848.27
5653,829,2026-02-24,4651.33
5654,760,2024-08-30,6731.65
5655,528,2024-12-21,123.75
5656,497,2025-08-18,7925.32
5657,18,2025-11-01,381.57
5658,703,2024-12-24,5473.07
5659,613,2026-06-15,9583.68
5660,807,2025-11-16,90.59
5661,84,2024-08-03,3053.53
5662,132,2024-04-05,2173.52
5663,605,2024-01-14,719.0
5664,441,2026-04-03,91.84
5665,529,2026-03-14,8057.23
5666,392,2025-04-11,780.65
5667,577,2025-12-05,22164.69
5668,593,2026-05-11,870.07
5669,171,2024-06-05,963.44
5670,685,2026-08-14,777.03
5671,445,2025-04-22,1194.11
5672,519,2025-03-03,3170.85
5673,557,2024-06-05,5479.55
5674,671,2025-10-17,1792.56
5675,271,2025-08-10,5421.91
5676,7,2024-01-30,12240.28
5677,164,2025-09-23,2516.6
5678,870,2024-05-17,1905.85
5679,201,2024-09-26,964.49
5680,225,2025-08-19,3251.88
5681,773,2026-01-31,10841.23
5682,213,2024-05-10,3098.76
5683,419,2025-04-06,5601.96
5684,334,2024-10-04,3277.56
5685,595,2025-11-19,3014.45
5686,536,2026-03-18,19417.89
5687,464,2025-09-15,4551.43
5688,452,2026-02-14,7222.82
5689,751,2025-03-15,5152.47
5690,524,2025-08-05,3173.98
5691,458,2024-10-12,1721.74
5692,799,2026-08-21,10635.61
5693,84,2024-07-18,288.69
5694,751,2026-06-17,1463.57
5695,179,2025-12-28,1495.68
5696,299,2026-08-20,7639.93
5697,12,2025-09-17,11023.61
5698,515,2024-12-09,584.77
5699,749,2024-09-30,2734.67
5700,344,2024-06-24,7445.57
5701,597,2026-07-31,1600.81
5702,354,2024-04-13,5539.82
5703,684,2026-03-01,2593.9
5704,899,2025-11-12,1762.73
5705,644,2024-05-03,6369.51
5706,307,2026-06-11,2090.11
5707,743,2024-06-07,3791.98
5708,35,2024-06-05,685.69
5709,889,2025-06-14,5584.36
5710,756,2024-04-10,8627.98
5711,589,2024-04-09,526.61
5712,559,2025-08-31,1366.52
5713,228,2026-07-29,7914.21
5714,389,2024-02-21,2268.98
5715,92,2025-09-14,2921.39
5716,305,2025-08-09,861.01
5717,531,2024-03-05,8779.18
5718,326,2024-05-25,687.61
5719,694,2025-03-08,2919.4
5720,768,2025-11-06,1726.55
5721,506,2024-08-04,6564.74
5722,307,2025-02-27,19691.81
5723,274,2025-04-23,341.97
5724,493,2025-11-25,1597.37
5725,648,2024-08-28,2218.66
5726,115,2025-11-02,646.6
5727,404,2026-03-22,3246.31
5728,397,2025-07-22,7076.26
5729,258,2025-12-04,4155.51
5730,214,2024-06-12,5719.03
5731,757,2026-06-02,1478.15
5732,390,2024-10-20,5775.75
5733,519,2024-07-12,4027.04
5734,35,2025-06-18,807.31
5735,256,2025-01-10,3423.47
5736,202,2025-03-25,1734.84
5737,296,2026-02-24,26899.58
5738,758,2025-06-06,7473.43
5739,515,2024-12-30,3807.93
5740,812,2026-02-19,9987.8
5741,381,2025-01-04,5895.84
5742,694,2026-07-23,824.93
5743,145,2026-08-19,12432.78
5744,734,2025-04-02,578.54
5745,550,2026-01-21,11244.22
5746,35,2025-11-21,4123.09
5747,621,2026-04-19,3236.15
5748,432,2025-03-25,1434.15
5749,1,2025-01-31,4327.54
5750,763,2024-09-26,5587.15
5751,484,2025-07-25,5189.58
5752,546,2025-08-23,4070.52
5753,520,2025-03-15,2818.64
5754,82,2024-10-29,6187.17
5755,299,2025-03-15,2211.21
5756,632,2025-05-04,3097.95
5757,305,2024-05-04,4867.03
5758,800,2025-10-05,3385.72
5759,286,2026-04-01,591.67
5760,414,2024-11-09,4112.1
5761,401,2025-01-15,4132.26
5762,18,2024-03-31,3809.88
5763,731,2025-07-21,2862.74
5764,123,2025-02-20,2407.41
5765,423,2026-04-15,3463.6
5766,818,2026-06-03,1464.79
5767,895,2026-01-24,10539.91
5768,208,2024-07-23,4966.37
5769,339,2024-07-12,4503.41
5770,510,2025-04-18,8483.61
5771,630,2025-08-26,1244.68
5772,226,2024-01-31,2028.04
5773,495,2025-04-28,1849.72
5774,751,2024-03-25,4699.75
5775,687,2024-09-10,1188.73
5776,740,2024-12-16,6635.74
5777,800,2024-02-09,4576.85
5778,776,2024-09-12,1728.42
5779,461,2025-09-06,699.32
5780,877,2026-08-30,4462.8
5781,446,2026-01-30,387.15
5782,639,2024-10-25,1566.68
5783,849,2026-07-07,3015.04
5784,39,2025-03-05,2804.45
5785,841,2024-12-12,1783.83
5786,740,2026-04-06,6305.34
5787,898,2025-01-24,1346.0
5788,696,2025-12-21,1757.59
5789,141,2024-06-07,3742.8
5790,272,2024-11-20,3752.75
5791,4,2026-08-18,865.79
5792,548,2024-08-25,3580.22
5793,394,2026-04-08,1983.59
5794,428,2025-03-30,1852.36
5795,661,2026-07-22,4351.95
5796,739,2025-02-09,1168.8
5797,66,2025-04-27,2649.02
5798,826,2025-01-19,3176.49
5799,337,2024-07-23,4411.1
5800,677,2026-04-02,1647.09
5801,524,2025-07-12,5245.83
5802,400,2025-05-07,6498.98
5803,192,2024-12-28,6378.91
5804,171,2026-01-23,801.41
5805,659,2024-12-05,6236.09
5806,290,2024-08-19,6457.88
5807,207,2024-03-21,12229.16
5808,6,2026-05-01,942.12
5809,757,2024-03-12,9576.79
5810,357,2026-04-03,372.48
5811,314,2025-01-04,6642.08
5812,335,2024-01-03,7718.33
5813,539,2026-06-22,6413.27
5814,434,2025-12-23,566.11
5815,490,2025-12-05,9102.5
5816,251,2025-06-18,18413.28
5817,267,2026-01-11,1102.84
5818,777,2024-05-09,2484.46
5819,396,2024-08-16,1602.54
5820,876,2025-06-14,5573.53
5821,762,2025-12-17,2139.18
5822,641,2025-07-27,5853.07
5823,494,2025-01-31,2857.95
5824,754,2025-10-17,3777.24
5825,51,2024-02-27,3315.98
5826,450,2025-05-10,391.4
5827,642,2025-01-19,3608.46
5828,98,2025-04-30,590.95
5829,165,2024-05-07,727.03
5830,59,2026-05-30,9245.82
5831,438,2026-04-12,5476.08
5832,488,2026-07-08,5111.77
5833,422,2026-03-30,3661.45
5834,50,2025-10-09,16022.08
5835,438,2024-10-07,3578.37
5836,800,2024-04-21,3038.77
5837,28,2025-08-19,2939.88
5838,699,2026-07-11,8090.28
5839,246,2024-12-20,3424.27
5840,68,2026-08-26,4362.83
5841,46,2024-05-30,8586.91
5842,12,2024-10-03,5215.18
5843,374,2025-09-25,6999.08
5844,449,2025-04-25,1589.13
5845,560,2026-01-11,955.28
5846,74,2024-12-02,10739.81
5847,589,2026-01-25,6809.1
5848,666,2024-10-20,5685.4
5849,59,2024-05-25,4621.9
5850,608,2025-07-08,3371.47
5851,108,2025-05-14,1655.58
5852,396,2025-07-06,1596.59
5853,596,2024-01-24,932.62
5854,784,2025-02-04,605.23
5855,479,2024-03-28,1317.84
5856,392,2026-02-23,2354.15
5857,751,2024-03-20,10676.43
5858,195,2026-06-27,570.33
5859,185,2024-02-25,3782.64
5860,420,2025-08-18,11483.39
5861,109,2024-11-21,8039.89
5862,21,2024-04-17,3440.85
5863,326,2024-12-14,1714.34
5864,138,2024-02-08,247.29
5865,574,2025-11-11,3885.66
5866,494,2026-04-29,6103.6
5867,438,2024-11-17,1758.11
5868,447,2025-03-04,8489.55
5869,89,2024-05-16,3077.77
5870,363,2025-04-15,4465.47
5871,65,2026-07-12,3445.99
5872,320,2025-06-08,8400.06
5873,610,2026-05-03,8612.01
5874,888,2026-01-30,5382.82
5875,268,2024-05-01,2599.4
5876,238,2024-02-21,3325.59
5877,603,2024-12-19,16556.16
5878,827,2026-07-05,11998.7
5879,266,2024-06-12,3611.35
5880,755,2024-02-13,1005.55
5881,284,2026-07-24,7337.37
5882,576,2024-07-11,2156.43
5883,189,2024-12-13,10286.21
5884,236,2026-01-30,1736.76
5885,886,2024-04-05,2183.51
5886,351,2024-06-15,877.92
5887,15,2025-12-09,13674.84
5888,695,2024-01-07,1255.12
5889,115,2025-11-24,6870.83
5890,100,2025-06-12,2908.63
5891,753,2024-08-23,2217.16
5892,314,2025-08-21,2089.68
5893,125,2024-11-09,10121.61
5894,879,2026-07-14,23675.57
5895,253,2025-02-08,9275.22
5896,570,2025-12-30,366.58
5897,237,2024-09-18,6898.54
5898,524,2026-03-23,2930.07
5899,628,2024-10-08,3103.34
5900,682,2025-05-10,4159.52
5901,371,2026-02-20,3478.92
5902,555,2026-06-21,5396.61
5903,757,2026-01-03,2802.54
5904,757,2025-10-12,7483.58
5905,673,2025-11-06,3720.6
5906,360,2025-01-31,3791.63
5907,478,2025-10-31,3419.9
5908,871,2025-07-14,6878.64
5909,225,2025-05-23,2366.3
5910,624,2024-11-01,5411.76
5911,714,2024-12-08,3893.68
5912,433,2024-04-30,10244.85
5913,780,2025-12-03,2520.58
5914,386,2024-01-22,7610.39
5915,753,2024-04-23,4625.24
5916,580,2024-10-12,9648.42
5917,47,2024-05-17,3777.5
5918,742,2025-12-31,2285.8
5919,629,2024-05-03,2263.91
5920,201,2025-03-21,4247.46
5921,634,2025-12-15,3500.55
5922,461,2025-07-28,2430.52
5923,849,2025-07-30,4330.43
5924,275,2024-12-01,79.2
5925,238,2025-03-14,2963.9
5926,53,2026-01-17,3605.63
5927,708,2025-04-09,499.51
5928,887,2025-11-13,1165.69
5929,621,2026-03-17,1256.79
5930,333,2024-08-26,3326.49
5931,791,2024-04-28,2760.9
5932,229,2025-03-27,2798.03
5933,624,2025-01-08,510.76
5934,538,2024-05-26,8161.87
5935,768,2026-01-11,9908.08
5936,875,2025-08-31,730.46
5937,324,2025-10-03,2618.55
5938,86,2025-11-22,2737.91
5939,142,2025-02-28,4950.21
5940,666,2025-05-12,2257.65
5941,328,2024-08-06,7552.55
5942,126,2025-12-14,1069.69
5943,734,2026-07-11,6136.61
5944,584,2026-05-02,4821.67
5945,119,2025-02-01,852.45
5946,642,2024-02-18,2506.11
5947,575,2026-05-05,979.04
5948,887,2025-07-14,14362.26
5949,889,2026-01-28,2993.39
5950,878,2024-10-20,2190.96
5951,806,2026-04-19,390.55
5952,714,2026-03-28,4584.43
5953,605,2024-01-17,2456.9
5954,491,2025-07-04,6076.0
5955,714,2025-04-10,11242.37
5956,870,2025-10-03,6788.51
5957,105,2024-09-09,1180.03
5958,123,2024-04-05,2217.13
5959,449,2024-09-24,754.23
5960,265,2025-05-27,1708.97
5961,479,2024-09-20,7878.55
5962,281,2025-03-28,1848.09
5963,705,2025-01-14,6129.86
5964,809,2025-11-07,2084.57
5965,255,2025-02-04,6678.1
5966,696,2024-05-20,1148.12
5967,96,2025-09-10,907.14
5968,718,2024-07-26,14266.14
5969,629,2024-10-19,1280.2
5970,640,2025-11-20,8036.88
5971,444,2024-09-22,5313.56
5972,97,2024-03-01,1639.75
5973,759,2024-12-17,2598.25
5974,99,2025-01-13,8172.41
5975,434,2025-10-31,2170.76
5976,157,2025-11-22,6097.33
5977,762,2024-01-01,4777.25
5978,517,2026-01-07,4907.49
5979,458,2025-12-29,14635.56
5980,286,2024-06-18,5694.94
5981,705,2024-11-26,4846.21
5982,190,2026-01-17,392.21
5983,649,2025-07-15,9891.69
5984,873,2024-11-27,6811.55
5985,240,2026-01-12,4688.11
5986,618,2025-09-07,2579.13
5987,279,2025-05-13,425.95
5988,837,2024-01-06,5583.73
5989,810,2025-09-22,3546.46
5990,283,2024-06-24,13810.46
5991,208,2026-06-15,6126.28
5992,75,2024-07-03,3981.57
5993,628,2024-01-30,17096.28
5994,828,2025-01-01,3530.5
5995,131,2024-12-06,12924.25
5996,735,2024-12-09,291.66
5997,680,2026-06-22,19626.24
5998,425,2024-09-24,8134.13
5999,201,2026-03-27,1442.35
6000,588,2024-06-07,15752.92
6001,535,2025-08-24,172.12
6002,731,2024-05-07,941.33
6003,508,2024-08-11,5428.03
6004,44,2024-05-24,9945.32
6005,184,2024-11-18,4743.63
6006,343,2025-03-24,474.67
6007,443,2026-04-16,1615.81
6008,315,2026-01-07,2125.65
6009,792,2025-11-11,5218.91
6010,254,2025-04-21,3169.47
6011,613,2024-10-05,9331.95
6012,326,2024-10-16,423.81
6013,894,2024-05-08,6157.45
6014,825,2025-10-10,951.84
6015,707,2026-01-31,11390.39
6016,689,2025-06-18,6220.31
6017,580,2025-07-15,3172.88
6018,529,2024-12-29,2482.12
6019,507,2026-07-28,5013.1
6020,25,2026-05-15,9105.0
6021,844,2025-01-31,4800.41
6022,884,2026-01-06,3153.44
6023,475,2024-12-06,1280.95
6024,784,2024-04-30,3019.17
6025,363,2024-10-10,9156.16
6026,102,2026-03-24,7041.01
6027,752,2025-04-14,10157.03
6028,459,2026-04-23,1199.63
6029,847,2024-11-10,465.21
6030,192,2025-03-24,6526.77
6031,432,2024-03-12,666.48
6032,601,2026-01-31,10148.17
6033,124,2024-10-31,6699.92
6034,897,2024-03-29,4674.35
6035,548,2024-08-01,1007.12
6036,155,2025-10-10,3561.07
6037,667,2026-03-06,3023.05
6038,791,2026-07-19,4856.41
6039,337,2024-08-17,12649.21
6040,549,2025-07-29,1226.32
6041,674,2025-03-23,2578.36
6042,131,2025-11-28,3238.81
6043,478,2025-10-17,10645.77
6044,504,2024-03-09,3918.02
6045,272,2024-05-25,6180.16
6046,270,2025-07-29,11323.29
6047,567,2025-06-02,4660.17
6048,677,2026-05-13,2612.77
6049,351,2026-04-06,9606.51
6050,132,2024-02-26,12305.89
6051,709,2025-07-23,5782.23
6052,157,2025-01-31,1805.1
6053,3,2025-04-15,2360.2
6054,291,2024-03-04,12210.51
6055,737,2026-03-28,6683.51
6056,682,2024-06-10,2779.49
6057,276,2026-07-12,367.64
6058,468,2026-06-27,6803.28
6059,864,2026-03-11,5812.02
6060,647,2024-04-24,6698.28
6061,684,2025-02-02,1522.48
6062,79,2024-01-24,2625.6
6063,217,2025-08-19,8647.24
6064,94,2026-04-22,2595.32
6065,881,2025-05-28,589.98
6066,309,2024-01-23,1316.23
6067,450,2024-10-22,7639.35
6068,497,2024-06-14,3112.17
6069,471,2025-02-28,1040.03
6070,47,2024-12-28,5417.49
6071,819,2026-03-19,1972.42
6072,343,2024-08-03,2993.47
6073,827,2024-10-19,4217.03
6074,689,2024-08-19,10203.41
6075,628,2026-05-17,4217.09
6076,633,2024-10-14,2420.91
6077,881,2026-08-24,5162.29
6078,274,2025-10-11,5461.36
6079,296,2024-10-26,2196.55
6080,604,2025-08-02,3110.66
6081,210,2024-04-29,3451.0
6082,724,2026-05-31,8893.68
6083,27,2026-07-22,90.29
6084,808,2024-10-13,4919.1
6085,312,2024-06-15,7187.25
6086,5,2025-02-21,8677.91
6087,543,2026-01-22,525.57
6088,248,2025-09-03,500.1
6089,275,2024-02-08,1872.29
6090,434,2024-01-09,6287.71
6091,522,2024-08-17,7867.14
6092,123,2026-01-05,396.09
6093,44,2024-09-10,4313.6
6094,416,2026-05-22,7524.31
6095,319,2024-10-16,2307.69
6096,524,2026-05-20,4627.16
6097,674,2026-06-15,846.36
6098,554,2025-12-10,5767.15
6099,94,2024-06-19,2941.86
6100,897,2024-03-11,2650.01
6101,644,2024-06-18,4450.74
6102,45,2025-09-09,302.29
6103,687,2025-11-05,1943.86
6104,793,2026-08-18,7529.08
6105,512,2026-07-17,388.98
6106,750,2024-10-27,469.14
6107,798,2025-01-14,2175.25
6108,868,2026-01-22,3419.91
6109,860,2026-01-23,4223.78
6110,175,2024-11-01,13726.89
6111,32,2024-01-31,4363.63
6112,587,2024-04-04,4885.01
6113,612,2026-03-14,8706.14
6114,512,2024-12-05,1416.22
6115,214,2025-12-06,5043.5
6116,854,2026-02-19,6226.35
6117,368,2026-05-24,5520.09
6118,668,2025-04-24,4232.14
6119,561,2025-09-13,3963.67
6120,807,2024-07-09,1044.04
6121,642,2026-07-06,2436.08
6122,572,2026-05-11,11315.15
6123,757,2025-01-15,1893.36
6124,49,2024-12-24,3627.81
6125,635,2025-12-15,3408.82
6126,528,2025-02-07,5048.49
6127,700,2025-12-08,3381.91
6128,202,2024-03-29,2876.09
6129,540,2024-09-18,7329.64
6130,256,2026-01-30,4356.42
6131,106,2026-06-16,3969.95
6132,518,2024-01-26,2035.98
6133,20,2026-01-29,2505.35
6134,84,2024-03-08,4514.43
6135,477,2026-04-24,7919.5
6136,809,2024-09-03,10122.66
6137,644,2024-12-19,4844.11
6138,14,2025-11-30,15607.15
6139,98,2026-03-31,2722.75
6140,388,2025-02-08,2704.77
6141,387,2024-11-03,9184.36
6142,36,2026-08-13,4131.7
6143,231,2026-07-29,2105.22
6144,115,2025-05-25,3524.68
6145,511,2024-01-24,1221.31
6146,593,2026-08-02,3045.49
6147,352,2025-08-26,1059.21
6148,515,2025-06-23,1219.07
6149,182,2024-04-19,4471.53
6150,767,2026-08-26,166.92
6151,4,2025-12-01,1074.83
6152,454,2024-07-31,1627.79
6153,290,2024-12-20,2408.71
6154,406,2024-12-01,5804.43
6155,465,2026-04-28,2324.36
6156,582,2025-04-08,11005.26
6157,837,2026-04-30,1868.8
6158,506,2025-11-01,197.53
6159,205,2024-12-24,1157.54
6160,472,2025-01-30,4415.1
6161,462,2026-02-28,1214.04
6162,779,2025-05-02,1815.54
6163,510,2025-10-26,9125.71
6164,782,2024-04-29,11361.08
6165,585,2025-02-19,682.91
6166,515,2025-07-16,2848.15
6167,296,2024-11-30,4323.62
6168,231,2026-04-06,7600.54
6169,90,2024-07-24,2298.24
6170,494,2026-04-08,4292.64
6171,830,2024-03-02,8697.41
6172,12,2025-02-20,3625.41
6173,858,2025-05-19,50.66
6174,774,2024-09-04,2820.74
6175,395,2025-06-10,1493.0
6176,283,2026-05-28,1612.36
6177,523,2025-03-08,1758.34
6178,770,2025-06-09,158.42
6179,27,2026-07-15,10774.11
6180,405,2026-06-19,7993.59
6181,43,2024-01-14,12052.71
6182,580,2025-12-08,16501.62
6183,70,2026-04-09,4157.36
6184,285,2026-07-07,2073.88
6185,665,2026-02-19,5246.91
6186,677,2024-03-21,5443.45
6187,205,2026-01-09,2065.59
6188,462,2026-04-03,2005.06
6189,167,2025-05-26,3240.84
6190,533,2024-01-21,1852.51
6191,8,2024-07-04,5491.92
6192,733,2024-09-25,876.62
6193,21,2026-04-21,6550.73
6194,548,2024-05-02,9913.72
6195,365,2025-12-26,11511.64
6196,202,2024-06-23,18400.62
6197,488,2026-03-23,5566.51
6198,128,2024-01-12,689.01
6199,522,2024-08-17,3888.36
6200,581,2024-04-09,15514.4
6201,413,2025-06-24,11238.84
6202,326,2026-01-31,2670.13
6203,414,2025-02-09,252.28
6204,861,2025-06-04,5325.13
6205,678,2025-09-15,630.34
6206,6,2025-03-19,5197.99
6207,261,2026-01-03,5744.13
6208,23,2024-10-03,10819.15
6209,214,2024-06-18,304.43
6210,701,2024-07-01,7662.48
6211,769,2024-06-18,3269.72
6212,412,2024-02-06,13072.97
6213,621,2024-02-12,7255.16
6214,334,2024-02-21,4186.81
6215,430,2024-06-02,1438.02
6216,747,2025-09-10,3588.83
6217,248,2024-08-22,9205.92
6218,287,2025-07-23,3610.93
6219,123,2024-03-11,3500.72
6220,197,2026-02-19,3674.21
6221,34,2024-12-12,2077.62
6222,735,2025-03-06,1264.35
6223,768,2025-10-20,1507.91
6224,380,2026-08-30,3987.46
6225,535,2026-02-12,7960.05
6226,224,2025-01-26,4498.51
6227,42,2024-12-03,9349.21
6228,465,2024-11-26,11392.76
6229,143,2024-03-22,16271.83
6230,764,2024-11-25,754.49
6231,252,2026-01-10,6105.59
6232,664,2024-09-26,2457.03
6233,237,2025-01-16,1588.34
6234,114,2024-03-08,3035.51
6235,494,2024-09-02,12357.08
6236,165,2024-03-07,9241.94
6237,360,2025-04-03,4026.11
6238,264,2024-10-16,6959.47
6239,794,2026-08-03,5423.27
6240,453,2025-07-28,3042.2
6241,648,2024-12-29,1841.19
6242,530,2025-06-08,3585.12
6243,820,2026-07-24,7340.98
6244,396,2024-06-24,13461.02
6245,777,2024-09-03,6161.68
6246,809,2025-06-15,2229.59
6247,830,2024-04-12,1354.71
6248,627,2025-05-21,5258.42
6249,883,2024-06-02,322.01
6250,671,2026-04-22,23392.41
6251,281,2026-01-24,6060.48
6252,142,2024-02-17,10748.78
6253,189,2025-06-08,8787.23
6254,517,2024-07-23,5971.9
6255,149,2025-07-21,5652.67
6256,214,2025-06-15,7673.91
6257,566,2026-08-01,2781.77
6258,300,2024-06-22,4090.71
6259,613,2025-05-07,8038.32
6260,898,2026-07-30,751.73
6261,80,2024-04-24,3964.15
6262,578,2024-09-04,3534.8
6263,739,2025-12-01,287.98
6264,127,2024-04-15,6487.65
6265,705,2024-07-21,4830.1
6266,457,2026-07-22,3957.37
6267,566,2025-07-20,9312.78
6268,47,2024-02-24,8142.21
6269,393,2026-04-13,8657.64
6270,331,2025-05-25,3579.92
6271,139,2025-04-10,2700.47
6272,687,2026-08-25,4731.44
6273,456,2024-11-02,5924.97
6274,791,2025-01-04,7193.22
6275,144,2025-07-15,1584.22
6276,658,2024-08-23,5595.62
6277,545,2024-05-03,10181.38
6278,586,2024-05-14,1826.17
6279,279,2024-10-26,261.6
6280,622,2024-03-18,73.32
6281,223,2025-05-06,2670.74
6282,687,2026-08-26,1266.0
6283,397,2024-09-04,6258.23
6284,432,2024-02-09,5407.64
6285,523,2024-02-08,390.06
6286,76,2024-06-11,9815.33
6287,331,2025-07-24,2004.8
6288,183,2025-04-03,1476.61
6289,868,2025-01-26,5170.3
6290,380,2026-01-05,2471.84
6291,6,2025-01-15,4772.55
6292,24,2025-08-23,3421.41
6293,822,2026-08-29,10713.65
6294,142,2024-06-14,4868.45
6295,1,2024-04-18,3046.84
6296,191,2024-07-31,3835.3
6297,196,2024-05-30,9002.61
6298,72,2026-03-19,1604.98
6299,897,2026-05-04,6547.26
6300,54,2025-06-29,4038.74
6301,656,2024-05-07,4157.52
6302,754,2026-04-10,1275.22
6303,581,2026-06-13,2688.06
6304,120,2025-02-01,2174.28
6305,654,2025-10-17,4019.28
6306,297,2025-08-16,797.73
6307,368,2025-05-29,219.64
6308,227,2024-12-10,2454.14
6309,706,2024-09-28,9147.27
6310,522,2024-09-25,6061.86
6311,140,2024-12-16,3649.3
6312,367,2026-01-10,1384.28
6313,715,2026-03-16,1988.88
6314,844,2024-04-20,3192.09
6315,846,2024-02-26,1078.62
6316,122,2025-04-11,5683.51
6317,772,2026-01-19,5562.29
6318,510,2025-06-30,2411.91
6319,666,2026-03-18,3379.75
6320,348,2025-11-26,3312.7
6321,587,2025-11-19,5241.69
6322,233,2025-06-09,1550.29
6323,469,2024-02-23,22037.02
6324,204,2024-06-24,790.75
6325,356,2025-12-25,1575.62
6326,368,2024-10-28,4594.84
6327,780,2025-12-06,13619.04
6328,566,2024-11-26,2221.22
6329,583,2024-01-13,1327.54
6330,256,2025-10-21,2918.09
6331,392,2026-05-19,6704.6
6332,426,2025-03-10,6989.51
6333,707,2024-05-08,6036.03
6334,167,2025-02-08,14747.18
6335,49,2026-07-25,7019.35
6336,455,2024-11-06,8199.65
6337,732,2024-03-10,8861.02
6338,661,2026-01-18,1150.1
6339,730,2024-08-20,3263.33
6340,355,2024-02-06,1607.99
6341,206,2025-11-03,1777.08
6342,594,2024-11-25,2646.9
6343,34,2024-05-13,5132.46
6344,806,2024-02-22,13120.91
6345,643,2024-06-29,6474.03
6346,454,2024-05-25,5538.77
6347,180,2024-01-11,2707.24
6348,226,2024-12-27,14148.81
6349,897,2026-03-16,715.1
6350,14,2025-01-20,7170.95
6351,9,2024-02-06,4299.09
6352,313,2026-05-09,8933.74
6353,207,2025-09-08,3875.13
6354,610,2026-07-29,10903.36
6355,38,2025-07-21,1379.33
6356,707,2025-04-10,49.07
6357,705,2025-05-13,794.98
6358,207,2024-01-07,2776.61
6359,521,2024-12-31,5154.52
6360,605,2025-03-06,1952.4
6361,764,2024-10-19,4321.58
6362,660,2026-03-27,6092.55
6363,867,2026-07-22,1490.38
6364,105,2025-04-11,1542.26
6365,550,2026-02-04,587.0
6366,696,2024-08-05,10905.85
6367,209,2026-06-18,11110.44
6368,197,2025-11-16,4281.74
6369,84,2025-12-16,894.44
6370,888,2025-08-02,12636.72
6371,780,2026-03-19,1545.34
6372,109,2025-06-04,631.3
6373,221,2026-07-29,1497.69
6374,413,2025-10-07,1289.11
6375,805,2025-03-18,952.95
6376,744,2024-07-22,1922.7
6377,791,2026-06-03,3979.76
6378,746,2024-02-24,7099.31
6379,566,2024-02-11,2969.1
6380,262,2024-01-31,2989.93
6381,544,2024-04-15,2897.48
6382,445,2024-08-28,631.51
6383,856,2025-04-23,6946.3
6384,404,2024-09-26,8988.15
6385,681,2025-03-18,12175.5
6386,157,2025-03-12,2542.68
6387,615,2025-03-03,11617.28
6388,409,2024-02-28,7692.95
6389,393,2025-06-07,1026.42
6390,680,2024-10-19,1550.14
6391,436,2025-06-08,4058.37
6392,54,2024-02-29,2988.46
6393,351,2026-04-28,805.66
6394,867,2025-12-05,4029.61
6395,852,2024-12-03,4123.39
6396,553,2024-12-16,7616.44
6397,575,2024-11-04,2129.25
6398,237,2026-08-24,1603.7
6399,703,2025-11-15,572.46
6400,540,2025-03-24,4737.13
6401,34,2025-09-24,4252.6
6402,855,2024-03-03,13454.21
6403,768,2026-03-20,7196.98
6404,74,2025-08-03,2145.18
6405,376,2024-10-28,3788.22
6406,669,2025-11-06,781.63
6407,664,2024-01-07,2521.94
6408,151,2025-04-23,4422.37
6409,37,2026-07-09,13947.69
6410,887,2026-01-10,1276.12
6411,805,2024-02-13,10633.15
6412,665,2025-07-29,4687.32
6413,594,2025-10-25,7062.15
6414,618,2025-05-28,3659.58
6415,412,2024-11-09,1770.92
6416,616,2025-10-23,10189.5
6417,274,2025-02-16,2337.52
6418,76,2026-07-14,6733.24
6419,280,2026-03-28,874.26
6420,265,2026-06-05,1183.55
6421,274,2025-02-13,266.84
6422,424,2025-10-22,3283.33
6423,118,2024-05-20,4693.0
6424,367,2026-01-03,3781.87
6425,418,2026-01-05,560.64
6426,170,2026-01-26,1210.72
6427,409,2024-01-20,6967.0
6428,607,2025-03-20,2089.55
6429,371,2024-09-24,3955.48
6430,3,2026-06-11,1931.32
6431,633,2025-06-08,6310.85
6432,521,2025-08-19,1954.0
6433,378,2025-03-02,3024.82
6434,21,2024-04-21,8510.21
6435,81,2025-08-27,3855.78
6436,72,2025-08-18,1386.64
6437,767,2025-01-06,5485.22
6438,278,2025-09-05,559.11
6439,383,2025-01-15,1319.82
6440,627,2025-10-05,634.12
6441,590,2024-12-05,6449.39
6442,58,2026-01-23,5148.57
6443,837,2026-05-15,5882.68
6444,239,2025-04-17,4491.75
6445,691,2024-01-17,10030.42
6446,749,2025-10-27,4396.82
6447,485,2026-07-05,2058.98
6448,146,2025-11-23,1454.59
6449,491,2024-12-15,4339.78
6450,221,2025-07-04,9385.27
6451,765,2024-12-21,838.5
6452,680,2026-01-24,5755.63
6453,742,2025-12-08,3023.76
6454,746,2025-09-01,8289.23
6455,161,2025-01-13,455.38
6456,28,2024-06-17,13494.89
6457,564,2025-08-24,2985.65
6458,553,2024-11-24,330.62
6459,780,2026-05-31,815.11
6460,575,2024-03-02,14958.08
6461,723,2026-04-05,5733.63
6462,314,2026-01-30,2666.69
6463,113,2025-05-17,17565.26
6464,35,2026-08-26,4233.27
6465,393,2025-11-29,7888.06
6466,2,2024-02-10,1189.89
6467,467,2025-01-17,2561.57
6468,361,2026-03-30,4169.94
6469,233,2026-01-26,2255.05
6470,533,2024-06-05,9935.57
6471,612,2024-06-14,5589.38
6472,36,2026-06-19,808.7
6473,429,2024-02-14,2838.83
6474,846,2026-07-14,1497.42
6475,268,2025-06-11,5706.74
6476,703,2026-02-26,2241.6
6477,304,2024-07-28,330.86
6478,245,2024-12-01,4919.52
6479,772,2025-12-11,2113.82
6480,321,2024-06-07,11093.63
6481,780,2024-04-08,984.79
6482,590,2025-08-16,1609.73
6483,732,2024-01-09,2709.13
6484,734,2026-07-04,5164.89
6485,823,2025-10-20,8493.08
6486,500,2025-11-26,2561.73
6487,858,2025-05-03,4286.9
6488,54,2025-08-31,508.99
6489,443,2026-07-17,1633.02
6490,357,2024-01-05,2305.43
6491,88,2024-08-29,2701.0
6492,786,2025-11-10,6269.66
6493,721,2024-04-30,15618.41
6494,674,2024-08-27,1740.94
6495,571,2024-01-23,5683.45
6496,542,2024-02-23,9894.73
6497,343,2025-03-09,9506.06
6498,616,2025-10-05,1273.64
6499,878,2024-04-08,9071.8
6500,227,2026-08-16,858.42
6501,305,2026-01-26,832.96
6502,99,2025-10-08,3757.01
6503,817,2024-03-11,2287.44
6504,478,2025-05-20,11795.18
6505,534,2026-06-16,310.68
6506,240,2024-08-20,3805.62
6507,33,2025-06-11,8004.72
6508,725,2025-07-04,265.49
6509,775,2025-11-09,2442.76
6510,307,2026-06-14,7827.47
6511,686,2024-05-07,3465.89
6512,515,2024-03-02,3463.57
6513,579,2024-03-28,8514.54
6514,156,2024-09-17,5323.27
6515,554,2024-12-10,1659.77
6516,146,2026-05-06,13428.02
6517,197,2025-05-22,2981.73
6518,322,2025-12-27,786.76
6519,194,2025-07-15,3638.9
6520,819,2026-07-17,3246.16
6521,27,2024-11-17,5159.13
6522,814,2025-10-14,5953.69
6523,139,2024-09-22,555.23
6524,784,2024-08-15,2738.04
6525,303,2026-08-14,5356.63
6526,830,2024-01-24,3520.3
6527,487,2024-09-22,2087.05
6528,441,2025-01-11,6825.86
6529,118,2024-05-14,6781.58
6530,391,2026-01-22,3241.7
6531,502,2024-12-16,83.9
6532,886,2025-03-23,1747.35
6533,237,2024-10-23,9904.71
6534,75,2026-05-19,2482.51
6535,229,2025-02-15,12986.13
6536,219,2026-02-06,1346.31
6537,854,2025-08-31,886.62
6538,136,2026-07-20,11723.11
6539,894,2025-08-11,709.32
6540,102,2026-08-19,2375.8
6541,731,2025-11-11,2771.83
6542,374,2024-02-27,1300.76
6543,49,2024-06-01,7502.06
6544,553,2026-02-08,2971.91
6545,656,2024-02-14,546.06
6546,755,2024-07-04,1057.6
6547,161,2026-02-10,1674.78
6548,556,2024-12-11,3773.81
6549,513,2024-07-30,740.07
6550,399,2024-07-11,15308.48
6551,805,2024-11-03,1924.81
6552,381,2026-03-27,8910.28
6553,343,2025-03-20,2243.93
6554,473,2026-07-19,1245.93
6555,836,2025-11-29,7954.07
6556,781,2024-09-18,9550.11
6557,638,2024-06-08,82.12
6558,73,2026-07-09,4242.39
6559,271,2026-05-29,1518.1
6560,14,2024-04-29,4025.77
6561,86,2024-11-09,2703.98
6562,749,2025-12-25,5163.62
6563,734,2026-08-16,12736.41
6564,93,2026-05-31,965.44
6565,413,2024-10-05,2590.01
6566,252,2026-05-24,7975.17
6567,66,2025-12-08,1036.5
6568,344,2025-03-27,9442.02
6569,93,2025-01-02,3904.77
6570,663,2026-03-03,608.12
6571,871,2026-03-26,410.11
6572,381,2026-06-10,1708.46
6573,219,2025-03-26,2024.5
6574,450,2024-09-17,441.58
6575,870,2026-04-28,5349.01
6576,144,2024-10-22,6081.32
6577,614,2026-01-05,5807.58
6578,84,2025-05-11,7341.91
6579,271,2025-07-25,2206.68
6580,396,2024-07-23,4690.32
6581,346,2024-08-31,7281.99
6582,161,2025-09-28,5406.45
6583,700,2024-09-10,4311.08
6584,606,2025-10-14,9725.1
6585,392,2026-08-24,2441.04
6586,377,2024-03-21,2424.08
6587,68,2026-06-21,3902.05
6588,595,2024-06-16,3886.22
6589,207,2024-05-14,3747.69
6590,271,2026-03-24,496.82
6591,775,2024-07-17,8088.68
6592,578,2025-09-23,4678.47
6593,627,2024-04-14,249.19
6594,239,2024-03-25,9655.48
6595,451,2024-07-15,1983.82
6596,13,2025-05-22,3645.36
6597,221,2024-10-09,1127.38
6598,721,2024-08-05,21589.59
6599,428,2026-03-27,3153.7
6600,572,2024-06-18,2085.69
6601,710,2024-04-02,7613.34
6602,844,2024-04-17,913.53
6603,74,2026-05-10,8476.17
6604,523,2025-04-08,2858.32
6605,896,2026-08-05,6411.27
6606,180,2026-02-26,4390.12
6607,774,2024-10-01,2675.02
6608,523,2026-02-09,491.05
6609,287,2025-03-20,3862.44
6610,705,2025-06-30,1442.58
6611,784,2025-05-31,3761.06
6612,129,2026-01-09,7049.05
6613,614,2024-07-19,5402.73
6614,843,2024-02-27,25.4
6615,600,2025-12-14,2420.24
6616,493,2026-07-19,1764.62
6617,126,2025-07-19,2010.8
6618,406,2024-04-24,4102.37
6619,816,2024-04-19,2125.38
6620,720,2025-06-15,1417.09
6621,406,2026-05-23,735.37
6622,279,2025-08-21,2299.43
6623,723,2024-10-21,6619.23
6624,871,2025-08-28,6897.38
6625,270,2024-06-01,4464.08
6626,730,2025-04-12,166.68
6627,278,2026-08-15,4083.13
6628,745,2025-09-05,10567.86
6629,869,2024-04-10,826.84
6630,597,2024-07-15,2201.36
6631,447,2024-02-28,6672.99
6632,283,2025-01-26,216.32
6633,54,2024-08-19,2251.57
6634,48,2026-08-13,12451.67
6635,753,2024-11-07,11396.27
6636,596,2024-02-03,11462.72
6637,205,2025-02-26,2288.04
6638,497,2025-12-19,9579.27
6639,791,2025-10-30,4222.78
6640,584,2026-08-10,1353.25
6641,825,2024-12-22,1833.64
6642,106,2025-05-24,5039.45
6643,66,2025-06-29,178.22
6644,600,2024-01-24,2955.65
6645,525,2024-01-06,3816.88
6646,620,2026-02-15,5876.78
6647,884,2025-01-10,313.48
6648,99,2025-11-02,2992.42
6649,838,2026-07-10,7388.99
6650,55,2024-08-26,15025.89
6651,473,2026-01-25,1354.49
6652,749,2024-07-27,9532.15
6653,613,2025-12-23,7052.46
6654,201,2024-06-04,10785.74
6655,544,2024-10-23,202.79
6656,812,2025-04-03,6192.83
6657,183,2025-04-20,9355.09
6658,844,2024-01-30,3380.05
6659,588,2026-04-03,2516.08
6660,79,2024-01-06,3857.15
6661,300,2026-05-08,8766.3
6662,776,2024-07-20,1440.02
6663,305,2025-11-23,1317.35
6664,853,2025-11-24,89.72
6665,378,2025-03-21,3060.07
6666,309,2025-06-07,619.93
6667,767,2024-03-12,3120.58
6668,707,2026-05-28,1127.54
6669,215,2024-04-26,1923.45
6670,703,2025-10-03,2275.89
6671,226,2024-01-01,4015.36
6672,807,2025-12-28,4317.16
6673,7,2024-12-16,2688.5
6674,596,2025-04-14,2143.86
6675,140,2024-01-23,1895.68
6676,610,2024-08-01,400.59
6677,881,2025-02-28,8776.71
6678,601,2025-11-30,1357.08
6679,391,2025-08-05,3491.77
6680,741,2024-09-11,775.87
6681,176,2025-08-03,6070.69
6682,489,2024-08-05,3586.62
6683,870,2025-06-25,4621.42
6684,321,2025-06-10,736.27
6685,25,2024-08-08,4826.7
6686,398,2024-07-14,215.65
6687,436,2025-05-21,1672.8
6688,731,2025-07-26,876.41
6689,725,2026-08-13,3534.57
6690,307,2025-04-28,9264.94
6691,696,2025-03-09,5545.39
6692,129,2025-04-08,10843.04
6693,171,2026-05-02,3679.52
6694,544,2024-10-26,6176.97
6695,638,2025-01-06,7852.98
6696,727,2024-12-25,7779.85
6697,561,2025-08-30,686.84
6698,115,2025-11-12,1321.29
6699,608,2025-04-14,7128.28
6700,387,2024-09-14,10940.89
6701,240,2025-11-02,1215.18
6702,306,2024-09-25,1433.98
6703,730,2026-05-24,5492.12
6704,160,2025-08-31,2143.18
6705,504,2025-03-05,7498.24
6706,75,2024-08-15,5909.18
6707,653,2026-01-08,8360.77
6708,135,2025-08-17,2489.85
6709,846,2026-05-10,2019.64
6710,794,2025-11-20,1463.91
6711,770,2026-02-08,10732.48
6712,314,2024-03-30,734.94
6713,705,2024-01-24,617.81
6714,122,2025-10-03,3782.21
6715,261,2024-01-01,1981.25
6716,120,2026-05-18,7905.22
6717,49,2026-05-10,547.8
6718,331,2025-07-24,2762.27
6719,518,2025-12-12,286.25
6720,777,2025-02-15,2337.66
6721,32,2026-07-23,3701.88
6722,367,2024-02-05,3167.67
6723,643,2024-10-12,2963.09
6724,182,2025-11-11,5957.19
6725,664,2026-02-07,1134.06
6726,514,2024-08-24,4709.0
6727,507,2026-02-20,2855.89
6728,113,2025-03-25,2377.73
6729,152,2026-04-15,5173.03
6730,790,2024-09-17,3975.13
6731,789,2025-11-05,4972.5
6732,408,2024-07-21,14400.56
6733,537,2024-05-14,2827.08
6734,488,2025-11-18,650.57
6735,464,2025-10-25,1174.7
6736,641,2024-10-13,10659.58
6737,511,2025-08-12,2284.06
6738,113,2026-07-07,5925.06
6739,75,2024-11-21,3157.86
6740,766,2025-05-04,937.85
6741,667,2024-07-22,3932.23
6742,179,2025-05-20,1562.22
6743,55,2026-05-12,1794.33
6744,198,2025-09-11,3176.79
6745,521,2024-05-18,381.35
6746,526,2025-12-23,5808.61
6747,153,2025-02-15,2028.18
6748,159,2024-01-18,6499.22
6749,187,2025-08-30,6295.89
6750,399,2024-10-18,2721.12
6751,210,2026-08-05,3704.3
6752,411,2026-08-28,4753.1
6753,13,2025-10-16,2270.47
6754,843,2025-09-07,253.42
6755,803,2024-10-24,3903.69
6756,305,2024-03-10,7819.81
6757,724,2024-02-29,1499.36
6758,482,2025-03-28,6801.38
6759,29,2024-11-05,789.53
6760,257,2026-07-25,2538.9
6761,52,2024-10-12,2940.4
6762,638,2024-07-28,3242.98
6763,705,2026-03-09,1251.93
6764,556,2026-03-25,804.04
6765,7,2025-01-02,2638.7
6766,213,2024-03-20,5302.09
6767,423,2024-04-05,1473.62
6768,131,2025-05-22,2863.44
6769,97,2026-04-28,14408.67
6770,274,2025-01-12,4194.07
6771,533,2024-01-18,2627.06
6772,80,2024-12-31,3126.35
6773,899,2024-01-03,12358.62
6774,414,2025-02-16,5456.03
6775,155,2025-04-07,1567.45
6776,19,2025-12-13,5875.25
6777,862,2024-03-08,1030.72
6778,536,2025-04-13,3593.4
6779,779,2024-06-21,8919.01
6780,699,2025-03-30,3627.55
6781,888,2026-08-18,936.81
6782,801,2025-12-23,3319.37
6783,690,2026-04-03,8865.8
6784,767,2024-02-07,1444.31
6785,772,2026-01-14,5801.3
6786,230,2026-04-24,9251.15
6787,536,2025-10-16,4664.18
6788,888,2026-02-01,3445.3
6789,781,2024-02-16,1585.23
6790,95,2025-12-21,1811.73
6791,101,2026-03-26,2603.01
6792,181,2024-08-12,5921.85
6793,668,2025-04-04,17058.14
6794,355,2025-02-16,1462.64
6795,566,2024-04-05,5291.13
6796,126,2024-05-05,7608.13
6797,54,2024-10-20,3394.23
6798,694,2024-04-16,3263.79
6799,263,2025-05-04,541.12
6800,39,2024-02-24,3903.31
6801,195,2024-01-14,3125.3
6802,291,2025-09-05,2346.5
6803,365,2024-09-03,4489.27
6804,808,2025-01-03,1139.1
6805,179,2024-11-23,1416.73
6806,544,2025-04-02,3978.75
6807,248,2025-03-28,10645.22
6808,449,2024-05-09,2807.6
6809,267,2024-01-02,3404.34
6810,310,2025-03-08,3300.48
6811,540,2025-07-05,1081.92
6812,531,2026-01-19,2481.73
6813,122,2024-07-11,3813.38
6814,142,2024-03-22,3739.27
6815,217,2025-08-05,4801.51
6816,810,2026-05-29,1025.82
6817,286,2024-08-21,1733.31
6818,521,2024-03-24,381.34
6819,405,2025-01-27,9465.55
6820,319,2025-06-30,2156.37
6821,35,2025-08-31,4159.54
6822,398,2024-04-19,3226.63
6823,900,2025-10-02,90.95
6824,847,2024-11-30,804.05
6825,271,2024-01-30,3098.5
6826,480,2026-06-18,5231.56
6827,259,2025-06-05,4889.11
6828,830,2024-10-24,664.75
6829,500,2026-03-07,1075.16
6830,829,2026-02-16,4528.48
6831,769,2024-07-20,4852.87
6832,295,2026-07-25,612.38
6833,412,2025-06-02,4507.17
6834,513,2024-09-12,3077.92
6835,224,2025-03-12,2563.13
6836,749,2024-07-02,10893.32
6837,510,2026-04-08,2812.0
6838,187,2024-09-18,1892.15
6839,435,2025-03-03,6234.06
6840,740,2024-03-07,6023.33
6841,381,2026-07-09,9070.98
6842,640,2024-10-22,5700.72
6843,886,2025-09-28,5516.38
6844,302,2024-12-10,3314.8
6845,897,2025-07-01,1145.5
6846,373,2025-06-30,4970.68
6847,506,2024-10-11,1003.1
6848,696,2025-02-25,3308.84
6849,62,2025-08-04,3221.07
6850,632,2024-07-30,3301.62
6851,511,2024-05-07,332.45
6852,590,2024-06-22,2147.36
6853,858,2025-02-09,18144.44
6854,437,2024-07-27,3649.67
6855,834,2024-10-04,7324.96
6856,511,2025-10-30,4499.97
6857,194,2025-10-15,14633.9
6858,588,2026-07-08,4543.08
6859,172,2026-01-14,3668.24
6860,810,2025-02-17,743.12
6861,138,2026-06-24,787.52
6862,449,2026-06-16,1801.37
6863,738,2024-08-04,2730.6
6864,9,2024-06-16,893.72
6865,442,2026-05-12,3634.89
6866,456,2026-05-18,3514.81
6867,305,2026-04-04,11953.78
6868,606,2025-03-24,13277.49
6869,293,2026-04-20,6243.38
6870,337,2026-01-19,6388.64
6871,248,2025-12-22,8313.2
6872,562,2025-08-10,4571.42
6873,795,2024-09-18,8670.31
6874,160,2025-12-29,655.78
6875,369,2026-05-05,6962.48
6876,204,2026-05-12,956.85
6877,220,2025-08-07,1127.48
6878,875,2024-02-08,8232.86
6879,640,2025-12-23,1610.0
6880,851,2024-09-04,1174.07
6881,572,2024-07-19,4850.22
6882,600,2024-03-17,1434.62
6883,644,2024-06-02,1175.96
6884,588,2025-04-22,554.83
6885,740,2024-09-26,2067.48
6886,294,2025-01-07,6190.9
6887,92,2025-05-13,6963.51
6888,440,2025-05-28,2598.94
6889,2,2025-02-10,11765.96
6890,43,2025-03-17,5087.63
6891,46,2026-05-15,8359.53
6892,70,2024-10-03,1829.02
6893,637,2024-01-13,2394.3
6894,538,2026-02-19,2754.38
6895,842,2024-03-19,2362.92
6896,261,2026-01-25,118.69
6897,298,2024-11-13,3465.95
6898,442,2026-03-31,4508.62
6899,704,2024-06-12,4258.82
6900,838,2024-06-09,12776.63
6901,657,2025-01-31,13545.17
6902,457,2025-02-12,339.8
6903,881,2025-11-30,10089.2
6904,164,2025-09-23,12225.69
6905,424,2026-08-26,181.15
6906,223,2025-10-22,5989.4
6907,150,2024-07-16,3553.6
6908,357,2024-03-27,11749.94
6909,689,2024-09-16,11165.28
6910,288,2026-08-16,23491.18
6911,737,2026-01-19,6176.16
6912,550,2025-12-23,5274.8
6913,637,2024-09-22,1426.57
6914,219,2025-04-02,2013.88
6915,777,2025-11-17,5495.43
6916,184,2026-07-12,1914.06
6917,335,2025-07-22,3530.9
6918,705,2024-01-21,425.5
6919,622,2026-04-13,3767.41
6920,270,2026-06-29,232.96
6921,238,2024-02-02,8129.23
6922,390,2025-01-17,3953.55
6923,402,2026-08-13,1753.15
6924,54,2026-07-18,2910.5
6925,219,2026-07-29,1938.63
6926,140,2026-08-09,1327.63
6927,140,2024-01-22,2228.6
6928,319,2024-05-27,2245.76
6929,33,2025-05-02,2629.8
6930,610,2025-08-11,97.38
6931,605,2025-01-26,8642.0
6932,199,2024-09-18,8781.16
6933,788,2024-09-04,3260.48
6934,535,2025-08-11,14042.8
6935,283,2026-08-11,2401.38
6936,175,2026-03-16,3679.99
6937,387,2024-06-19,5210.44
6938,865,2024-05-24,3584.55
6939,4,2024-09-13,1763.29
6940,19,2025-12-15,3434.79
6941,372,2024-01-09,649.46
6942,828,2025-11-17,1335.02
6943,254,2025-07-19,7327.02
6944,673,2025-10-05,20465.75
6945,517,2026-04-19,1694.88
6946,180,2025-07-30,2786.28
6947,818,2025-08-29,2625.3
6948,147,2025-04-13,4183.17
6949,456,2025-09-27,8077.47
6950,597,2025-01-05,3825.57
6951,608,2024-03-05,696.39
6952,769,2024-01-25,1851.38
6953,635,2025-11-27,4710.81
6954,592,2025-09-13,2334.76
6955,138,2025-02-02,2429.37
6956,276,2025-12-28,2497.93
6957,312,2025-04-06,9050.91
6958,334,2024-09-05,936.4
6959,102,2025-07-24,6593.96
6960,86,2025-01-03,1790.57
6961,397,2026-08-08,3941.46
6962,651,2025-12-04,5669.79
6963,799,2025-12-30,3119.08
6964,847,2025-11-01,7660.52
6965,433,2025-10-28,11670.94
6966,809,2026-01-23,13278.42
6967,411,2025-02-25,4992.82
6968,427,2026-03-12,1916.56
6969,189,2024-02-03,666.17
6970,566,2025-10-11,1195.55
6971,280,2025-06-09,10575.68
6972,437,2024-01-09,4788.2
6973,843,2025-10-06,2952.03
6974,492,2024-01-03,571.85
6975,273,2025-11-17,2412.64
6976,604,2025-05-26,10302.48
6977,659,2025-08-15,3931.42
6978,546,2025-08-17,2728.64
6979,38,2024-10-19,1752.54
6980,204,2025-08-29,2430.48
6981,116,2024-08-03,2006.44
6982,861,2026-01-09,6511.37
6983,281,2024-03-28,1287.87
6984,427,2024-05-18,1177.93
6985,812,2025-11-16,1522.74
6986,893,2024-02-26,2091.73
6987,198,2026-08-04,3519.89
6988,774,2024-01-31,4767.49
6989,655,2025-05-26,9824.77
6990,553,2026-08-17,7269.04
6991,151,2025-10-18,2501.11
6992,623,2025-09-08,2523.58
6993,552,2025-11-06,6953.88
6994,402,2025-11-19,2071.0
6995,529,2024-06-06,5544.93
6996,190,2024-10-28,571.46
6997,560,2024-07-06,4951.8
6998,138,2024-07-25,4385.56
6999,258,2024-07-21,2101.68
7000,446,2025-09-13,808.96
7001,146,2026-06-28,653.02
7002,823,2025-06-29,4109.82
7003,798,2024-01-16,4728.49
7004,427,2025-11-05,264.14
7005,513,2025-06-11,248.06
7006,263,2026-01-27,1035.29
7007,191,2025-01-02,1216.64
7008,865,2025-02-21,1614.6
7009,372,2025-10-04,4130.63
7010,859,2025-11-20,7952.03
7011,61,2024-08-02,8053.91
7012,97,2025-07-25,6051.37
7013,428,2026-07-26,7767.06
7014,704,2024-03-03,1279.5
7015,382,2024-11-18,5919.15
7016,756,2025-06-04,6587.31
7017,120,2026-06-21,477.78
7018,771,2026-08-01,9917.58
7019,400,2025-07-28,6841.04
7020,257,2025-06-17,1847.59
7021,576,2025-02-08,350.74
7022,701,2025-03-10,4037.18
7023,836,2025-12-16,2492.54
7024,79,2025-06-14,770.76
7025,633,2025-06-23,3455.78
7026,284,2026-04-02,2113.54
7027,453,2024-05-15,6885.01
7028,416,2026-07-22,233.41
7029,694,2025-11-17,7470.93
7030,359,2025-07-26,3221.03
7031,252,2025-07-19,5972.45
7032,439,2025-07-16,10580.11
7033,602,2025-07-05,4838.23
7034,762,2024-12-07,7372.21
7035,5,2025-12-20,559.67
7036,512,2024-09-03,660.4
7037,66,2025-09-29,2452.79
7038,558,2025-05-28,1734.66
7039,562,2024-12-23,5188.41
7040,770,2026-02-22,5182.93
7041,174,2024-11-06,8825.62
7042,716,2025-10-05,3198.45
7043,620,2024-09-01,560.77
7044,599,2024-07-14,8901.9
7045,574,2025-07-14,8566.24
7046,495,2026-08-09,2485.68
7047,58,2024-10-19,8766.2
7048,732,2024-04-21,2674.13
7049,354,2024-04-27,991.92
7050,95,2025-04-24,7222.85
7051,552,2026-02-02,1770.59
7052,853,2025-11-25,7970.92
7053,643,2024-07-22,889.27
7054,222,2026-03-25,15541.8
7055,735,2024-06-09,2433.37
7056,762,2025-06-29,2180.82
7057,298,2026-04-07,6794.83
7058,471,2026-02-26,4828.45
7059,754,2025-11-15,2459.62
7060,142,2024-11-18,2106.46
7061,319,2026-01-17,12132.66
7062,411,2025-01-11,3024.92
7063,7,2024-12-07,3141.78
7064,151,2025-06-03,893.15
7065,550,2025-08-25,10181.68
7066,238,2024-07-22,1267.52
7067,218,2026-06-27,1117.09
7068,267,2026-04-25,7518.06
7069,112,2024-10-02,3962.32
7070,574,2024-08-23,2169.94
7071,233,2024-03-08,2758.43
7072,587,2025-01-30,1317.14
7073,746,2024-06-15,1738.02
7074,431,2026-06-26,266.53
7075,823,2026-05-25,6799.96
7076,177,2026-03-18,2474.99
7077,866,2024-10-01,7982.68
7078,290,2025-11-03,929.99
7079,273,2025-04-23,5704.42
7080,882,2024-09-23,1082.71
7081,411,2025-06-05,1508.19
7082,673,2024-06-10,3002.0
7083,723,2026-07-25,15079.34
7084,404,2024-06-08,2283.77
7085,287,2024-10-20,2917.31
7086,443,2024-08-03,3972.3
7087,347,2025-05-23,2859.29
7088,375,2025-10-17,925.33
7089,214,2026-07-23,8527.64
7090,824,2025-01-13,2041.08
7091,516,2024-07-15,543.66
7092,717,2024-01-22,4302.43
7093,594,2025-08-05,8962.48
7094,318,2026-08-12,1299.3
7095,287,2024-03-03,2509.08
7096,885,2026-08-29,3117.79
7097,22,2024-09-13,1872.03
7098,266,2026-06-04,3227.42
7099,663,2024-03-08,11811.24
7100,492,2026-05-19,3292.36
7101,555,2024-11-17,5152.12
7102,20,2024-09-24,2186.12
7103,198,2024-07-20,4202.82
7104,540,2024-05-10,4694.59
7105,284,2026-02-17,6456.15
7106,424,2024-03-08,1964.86
7107,862,2025-03-27,2620.03
7108,575,2026-07-13,7019.19
7109,568,2025-01-29,2162.34
7110,177,2026-03-17,920.93
7111,536,2025-11-06,1881.19
7112,865,2026-02-14,6830.95
7113,576,2026-07-12,7700.66
7114,707,2024-04-05,5844.71
7115,860,2024-10-21,8747.89
7116,812,2024-11-09,11104.52
7117,306,2024-03-06,6111.81
7118,267,2024-04-13,2853.46
7119,253,2024-04-17,598.79
7120,694,2026-07-14,838.87
7121,340,2026-04-15,1402.18
7122,741,2025-07-27,7940.74
7123,721,2026-04-04,1520.05
7124,600,2024-12-01,1504.27
7125,109,2025-04-08,1688.99
7126,641,2026-05-11,3213.98
7127,187,2024-05-23,4304.68
7128,498,2024-05-22,4292.55
7129,206,2025-05-28,1748.12
7130,56,2024-09-03,7532.11
7131,573,2025-10-13,2990.52
7132,407,2025-09-12,6699.07
7133,578,2024-11-19,3410.07
7134,442,2024-04-22,1680.7
7135,335,2024-03-21,2252.51
7136,15,2025-03-07,1314.99
7137,249,2024-11-09,511.25
7138,793,2024-02-03,3794.56
7139,680,2025-11-04,1091.63
7140,418,2026-07-22,714.07
7141,29,2026-08-11,6427.46
7142,887,2024-04-24,9197.27
7143,665,2024-07-04,1511.8
7144,20,2025-02-25,28657.38
7145,190,2026-06-10,6269.69
7146,154,2025-07-14,3761.67
7147,813,2025-03-21,264.55
7148,859,2026-06-21,5079.03
7149,373,2025-10-08,931.98
7150,161,2026-08-18,1127.76
7151,579,2026-04-22,5542.55
7152,246,2026-08-31,14089.02
7153,109,2025-06-27,3918.1
7154,234,2024-12-31,7463.84
7155,229,2024-02-29,13889.69
7156,49,2025-12-12,500.78
7157,631,2024-09-16,5616.69
7158,317,2024-01-11,9445.34
7159,496,2026-02-21,8306.58
7160,496,2025-02-17,8903.48
7161,694,2025-06-23,1970.34
7162,687,2026-02-03,4441.14
7163,508,2024-11-16,9529.81
7164,755,2026-03-07,5444.21
7165,513,2025-07-22,787.79
7166,24,2025-07-07,1006.55
7167,773,2024-09-18,8509.43
7168,693,2026-02-08,5740.79
7169,383,2024-08-22,6703.9
7170,348,2025-08-26,4888.34
7171,806,2026-03-18,6734.21
7172,384,2024-04-23,6683.67
7173,335,2025-01-25,93.21
7174,660,2025-10-22,303.35
7175,296,2024-09-24,1534.76
7176,364,2024-01-28,4871.45
7177,702,2025-02-02,4427.13
7178,201,2025-04-29,1039.38
7179,11,2026-06-16,11143.88
7180,303,2026-02-26,6536.44
7181,155,2024-06-25,304.96
7182,326,2024-09-27,3956.3
7183,65,2024-06-29,921.44
7184,531,2026-06-07,4752.39
7185,461,2024-12-10,3282.09
7186,246,2026-05-18,2368.74
7187,566,2024-02-28,7737.22
7188,131,2025-06-28,7625.48
7189,10,2024-03-14,1801.41
7190,430,2025-06-24,8334.7
7191,146,2024-01-11,1904.25
7192,771,2024-06-01,656.68
7193,273,2024-05-22,316.75
7194,386,2025-11-22,2058.48
7195,265,2025-09-16,2265.19
7196,391,2025-06-28,4066.6
7197,88,2024-07-10,1528.12
7198,841,2024-09-16,8221.44
7199,156,2025-01-03,401.6
7200,356,2026-08-12,1863.66
7201,763,2025-11-18,811.41
7202,384,2024-01-31,3184.73
7203,631,2024-02-01,396.73
7204,62,2024-12-04,2443.91
7205,267,2024-07-22,1794.69
7206,684,2025-01-31,2460.92
7207,238,2026-08-28,2747.64
7208,373,2024-07-09,12809.37
7209,73,2025-08-05,4973.98
7210,455,2025-04-15,4921.35
7211,315,2025-10-05,1754.54
7212,775,2025-06-17,7418.13
7213,359,2025-05-18,8201.01
7214,745,2024-09-26,5859.46
7215,814,2026-07-30,5404.2
7216,756,2024-09-17,593.23
7217,669,2024-05-20,4778.64
7218,526,2024-04-03,10523.84
7219,432,2024-03-06,4987.69
7220,74,2024-12-10,6606.65
7221,122,2026-03-06,2471.55
7222,343,2024-05-30,1602.11
7223,591,2024-01-04,930.57
7224,5,2025-05-31,9205.55
7225,843,2025-07-01,3024.53
7226,894,2025-07-03,8268.69
7227,71,2024-01-02,2165.78
7228,87,2024-07-17,8722.05
7229,764,2024-12-05,3661.04
7230,180,2025-12-22,2447.99
7231,163,2025-09-26,2469.27
7232,169,2026-03-05,7190.62
7233,632,2025-06-17,4976.62
7234,120,2025-01-28,7228.51
7235,166,2025-06-29,10408.17
7236,358,2025-01-10,2810.03
7237,541,2024-06-02,5949.92
7238,892,2025-07-15,3203.29
7239,214,2024-10-14,2271.98
7240,230,2024-09-14,5039.04
7241,488,2025-11-23,585.93
7242,376,2024-03-05,7864.81
7243,541,2024-01-23,4544.97
7244,222,2024-12-13,1686.39
7245,557,2025-08-03,4640.82
7246,833,2026-03-29,357.86
7247,615,2025-05-19,891.56
7248,662,2024-09-09,898.48
7249,63,2024-12-01,776.42
7250,813,2025-01-04,2888.32
7251,634,2024-11-22,4620.98
7252,565,2025-10-14,21629.5
7253,140,2026-02-17,8863.49
7254,499,2025-11-22,216.7
7255,610,2025-01-07,13069.5
7256,562,2024-10-07,1711.4
7257,112,2024-03-18,5574.79
7258,37,2026-02-16,2971.91
7259,432,2026-07-26,13722.03
7260,646,2024-02-23,8265.56
7261,349,2024-05-07,12227.47
7262,619,2024-07-28,5843.82
7263,871,2026-02-16,2154.68
7264,801,2024-07-29,6596.97
7265,568,2024-01-14,10412.49
7266,656,2024-11-23,1413.21
7267,80,2024-12-21,5225.02
7268,77,2025-01-20,7524.51
7269,631,2025-05-17,1948.83
7270,721,2024-08-23,2485.97
7271,175,2024-01-30,3230.74
7272,534,2024-04-14,5271.07
7273,258,2025-12-16,3666.11
7274,98,2025-10-05,4027.84
7275,341,2024-09-11,14863.65
7276,403,2026-07-06,3533.51
7277,699,2025-06-11,11534.08
7278,779,2026-02-16,20027.87
7279,850,2026-02-11,1568.16
7280,95,2024-10-19,8450.02
7281,832,2025-07-30,2308.29
7282,467,2025-08-01,8143.11
7283,154,2025-03-20,2225.34
7284,583,2025-09-11,171.11
7285,55,2024-11-23,7164.86
7286,416,2024-04-05,4142.41
7287,746,2024-02-13,10738.23
7288,875,2025-03-11,2190.82
7289,260,2026-06-09,3498.66
7290,158,2024-07-27,2072.66
7291,525,2025-07-31,854.17
7292,142,2024-06-08,5094.35
7293,881,2025-09-07,3515.53
7294,296,2024-06-28,333.18
7295,168,2025-03-05,11029.05
7296,215,2026-02-27,3952.16
7297,338,2024-12-29,2007.6
7298,668,2026-06-29,7248.06
7299,781,2024-02-15,9066.23
7300,663,2024-03-22,979.62
7301,585,2024-06-13,788.81
7302,244,2024-08-25,2489.09
7303,844,2025-02-18,5397.24
7304,900,2026-06-10,12575.8
7305,569,2024-08-23,34.16
7306,705,2024-12-14,15629.09
7307,274,2024-02-13,4336.74
7308,403,2025-11-27,10387.62
7309,725,2025-06-16,9815.79
7310,382,2024-02-13,3520.0
7311,684,2025-03-28,2431.24
7312,774,2024-08-01,5737.18
7313,841,2025-02-14,4439.79
7314,263,2024-10-04,1884.25
7315,429,2026-02-03,3526.42
7316,348,2024-02-26,2690.19
7317,453,2025-08-07,3847.91
7318,669,2026-02-12,9051.04
7319,292,2024-01-02,2668.79
7320,210,2026-05-31,4856.67
7321,242,2026-01-12,3461.91
7322,690,2024-09-29,3422.71
7323,897,2025-04-15,2953.06
7324,93,2025-10-25,5881.3
7325,880,2025-05-18,73.59
7326,29,2026-01-07,5964.5
7327,477,2026-05-17,4577.49
7328,121,2024-12-15,4308.71
7329,860,2024-04-16,407.56
7330,686,2025-02-24,8812.01
7331,321,2025-08-07,2863.22
7332,618,2026-01-25,2699.68
7333,765,2024-10-02,1452.08
7334,196,2026-06-23,1680.58
7335,572,2024-02-05,382.38
7336,270,2025-07-20,3990.71
7337,646,2025-03-02,2172.55
7338,511,2025-11-08,7687.49
7339,647,2024-10-03,5085.92
7340,574,2026-06-27,4448.41
7341,573,2024-01-02,2422.18
7342,77,2026-03-06,3098.89
7343,768,2025-04-25,12252.29
7344,155,2025-05-18,2387.78
7345,353,2024-10-30,2966.89
7346,460,2025-01-16,1238.01
7347,765,2025-02-27,2733.36
7348,567,2024-10-30,3799.36
7349,166,2024-01-12,1264.19
7350,258,2025-01-25,337.59
7351,180,2025-01-26,3023.92
7352,532,2025-12-04,10981.58
7353,646,2025-04-03,3618.33
7354,639,2025-06-19,4700.88
7355,676,2025-03-30,2593.2
7356,632,2025-02-17,5459.75
7357,813,2025-11-30,6794.79
7358,816,2025-10-20,9421.18
7359,248,2026-08-24,11710.33
7360,274,2025-04-29,4972.08
7361,51,2024-01-28,9637.72
7362,241,2025-07-24,7722.07
7363,457,2025-01-21,5576.35
7364,593,2024-04-03,3544.81
7365,788,2026-04-15,197.1
7366,535,2025-09-09,17219.86
7367,875,2025-09-02,4045.29
7368,498,2025-09-12,2331.16
7369,773,2026-08-17,2339.86
7370,728,2025-11-01,6715.82
7371,441,2025-11-26,920.63
7372,786,2026-01-02,10957.42
7373,778,2025-12-07,4912.67
7374,282,2025-11-17,1847.06
7375,193,2024-03-15,5974.55
7376,110,2025-01-27,7204.99
7377,830,2024-09-25,1762.74
7378,398,2026-05-18,5798.78
7379,511,2025-07-23,2621.76
7380,246,2025-05-17,2672.57
7381,351,2025-05-24,2964.88
7382,363,2025-10-27,70.89
7383,524,2026-01-13,8838.75
7384,158,2024-07-15,2732.78
7385,706,2026-08-26,2635.43
7386,352,2026-01-12,9827.29
7387,217,2024-07-20,5302.89
7388,14,2025-08-13,1550.39
7389,92,2025-02-21,4692.27
7390,243,2025-01-02,5459.25
7391,660,2026-04-25,3115.83
7392,770,2024-10-05,13922.39
7393,858,2026-03-28,2990.17
7394,269,2025-09-12,3659.32
7395,574,2026-03-07,3797.15
7396,242,2025-12-27,6823.62
7397,129,2025-08-27,1380.57
7398,489,2024-07-04,7570.23
7399,580,2026-08-26,18490.28
7400,685,2025-09-18,663.89
7401,105,2024-12-14,1493.74
7402,673,2024-09-06,532.26
7403,274,2024-04-23,143.65
7404,251,2024-11-03,1445.41
7405,29,2024-05-09,1561.8
7406,184,2026-05-15,7238.05
7407,439,2025-02-28,9623.79
7408,171,2025-09-02,4661.16
7409,290,2026-02-23,8715.21
7410,478,2026-07-26,6728.86
7411,88,2025-03-17,1959.01
7412,788,2024-02-20,5183.39
7413,279,2025-08-19,1239.75
7414,684,2026-07-12,3659.33
7415,583,2024-12-15,4426.94
7416,677,2024-04-09,6093.99
7417,261,2025-11-27,12800.87
7418,155,2025-08-28,850.38
7419,129,2024-05-29,3568.95
7420,207,2024-01-04,11076.74
7421,491,2025-05-22,1799.07
7422,562,2024-05-24,1308.21
7423,678,2024-06-29,6611.91
7424,868,2024-10-28,5788.08
7425,748,2025-04-01,539.72
7426,322,2026-03-08,2113.45
7427,425,2025-02-23,1069.44
7428,860,2026-03-26,1075.42
7429,640,2025-08-12,5434.75
7430,376,2025-01-17,5424.55
7431,750,2025-05-11,3587.98
7432,123,2024-05-17,834.08
7433,606,2026-08-09,1118.64
7434,854,2024-10-21,5044.12
7435,475,2026-05-27,637.59
7436,552,2025-09-20,317.79
7437,54,2024-10-13,2287.91
7438,545,2025-04-19,3603.58
7439,262,2024-04-28,405.74
7440,896,2025-08-23,5236.4
7441,288,2024-03-04,3236.41
7442,283,2025-09-15,994.3
7443,356,2024-07-12,3915.7
7444,628,2024-05-05,202.96
7445,856,2024-08-04,2482.16
7446,312,2024-03-28,2594.28
7447,188,2026-05-16,3644.56
7448,689,2026-07-01,4063.81
7449,488,2026-06-20,6884.67
7450,410,2025-12-01,3451.19
7451,893,2024-08-12,603.47
7452,447,2026-01-09,1314.46
7453,557,2026-01-09,402.19
7454,884,2024-08-18,15656.8
7455,189,2026-03-25,13956.4
7456,813,2026-08-30,586.21
7457,865,2025-01-03,7936.32
7458,424,2025-07-27,5167.6
7459,303,2026-04-29,9129.59
7460,147,2024-09-12,1381.42
7461,44,2026-08-21,5187.77
7462,886,2024-10-22,1764.95
7463,389,2026-08-01,1016.49
7464,602,2024-08-16,3874.82
7465,217,2025-12-24,6690.68
7466,292,2025-05-27,6183.63
7467,737,2024-12-28,8407.22
7468,591,2025-03-04,1510.62
7469,198,2024-08-09,13880.14
7470,5,2025-10-17,3772.64
7471,738,2026-08-26,948.18
7472,73,2025-07-25,7904.91
7473,33,2024-09-26,3305.93
7474,271,2025-10-15,2019.62
7475,837,2025-03-03,3326.91
7476,581,2026-06-17,299.05
7477,38,2024-09-14,11800.44
7478,826,2025-05-20,5724.01
7479,845,2025-04-28,3778.84
7480,628,2026-05-13,2636.07
7481,67,2024-04-17,8745.54
7482,13,2025-08-25,12336.27
7483,786,2026-02-27,811.2
7484,741,2024-12-18,3773.91
7485,749,2025-05-07,4895.3
7486,438,2024-10-14,8681.16
7487,535,2025-02-13,6470.07
7488,156,2026-07-15,5181.6
7489,33,2024-12-20,3450.84
7490,200,2024-07-15,681.31
7491,560,2025-07-19,4024.29
7492,362,2025-04-03,2754.18
7493,557,2026-01-30,803.91
7494,397,2024-02-05,12359.71
7495,502,2026-05-29,3719.22
7496,857,2025-11-15,6321.3
7497,569,2026-03-31,2881.54
7498,859,2025-02-01,1159.55
7499,872,2025-03-10,6716.57
7500,556,2024-11-22,13010.8
7501,896,2026-03-24,8580.09
7502,225,2024-03-10,5376.9
7503,469,2025-05-30,2790.69
7504,68,2024-09-10,4519.54
7505,83,2025-09-14,6539.1
7506,120,2026-07-28,2554.88
7507,121,2025-10-19,6464.16
7508,370,2024-02-13,3008.22
7509,649,2025-01-24,1241.19
7510,888,2024-01-31,3164.4
7511,884,2025-04-18,4018.5
7512,161,2024-06-18,7903.83
7513,393,2025-11-06,4771.38
7514,389,2025-06-04,450.37
7515,89,2024-10-27,6535.02
7516,36,2026-04-15,2656.57
7517,318,2025-12-29,672.83
7518,771,2025-09-03,6486.24
7519,347,2024-12-11,7358.14
7520,346,2024-09-22,4224.12
7521,897,2025-07-24,4980.65
7522,340,2026-02-09,4099.27
7523,618,2026-03-27,6310.44
7524,884,2026-01-27,3087.74
7525,107,2024-01-23,142.77
7526,460,2026-08-18,1265.61
7527,304,2024-08-22,1573.51
7528,107,2024-01-10,2672.74
7529,44,2025-07-01,2969.65
7530,584,2025-03-19,11426.04
7531,588,2024-04-13,3664.39
7532,506,2024-07-28,4978.24
7533,606,2024-07-19,3203.16
7534,648,2025-03-04,4104.68
7535,52,2025-12-31,4929.66
7536,31,2025-10-26,8607.97
7537,302,2024-01-26,8448.88
7538,512,2024-06-18,640.52
7539,813,2025-08-17,1641.65
7540,882,2026-02-21,2653.24
7541,745,2024-02-03,7922.4
7542,263,2024-11-23,4536.71
7543,517,2024-04-23,2956.79
7544,105,2025-04-18,900.63
7545,437,2025-01-15,6762.79
7546,89,2024-06-18,8920.56
7547,894,2026-07-29,1338.59
7548,406,2026-01-13,425.81
7549,650,2025-06-16,3392.49
7550,94,2026-01-16,3474.08
7551,858,2024-10-31,10968.53
7552,472,2026-06-30,1970.94
7553,65,2025-02-05,1626.12
7554,332,2025-01-11,1555.82
7555,191,2025-07-08,987.96
7556,63,2025-07-17,3027.85
7557,28,2025-08-26,7101.05
7558,642,2026-03-22,7353.73
7559,782,2024-09-18,1047.71
7560,595,2025-11-20,8194.03
7561,625,2024-07-11,3715.61
7562,34,2024-08-22,6449.46
7563,160,2025-04-27,2107.93
7564,31,2025-05-26,3640.38
7565,877,2025-09-20,2927.81
7566,665,2024-05-15,3952.38
7567,861,2026-03-07,2841.13
7568,815,2025-06-27,4314.2
7569,203,2025-07-31,125.34
7570,461,2025-12-29,2017.1
7571,583,2025-11-06,3171.61
7572,668,2025-02-22,5834.66
7573,602,2025-04-16,129.04
7574,408,2024-08-15,8582.7
7575,4,2025-07-06,3663.77
7576,845,2024-07-16,8028.71
7577,620,2025-09-11,4859.08
7578,753,2025-02-11,10337.17
7579,200,2024-08-18,5130.72
7580,96,2025-04-09,471.0
7581,812,2026-06-29,6069.44
7582,726,2025-07-02,3999.5
7583,755,2024-12-02,1879.79
7584,397,2025-03-14,4159.27
7585,815,2025-08-12,5235.96
7586,202,2024-05-29,4364.54
7587,682,2025-06-30,659.05
7588,445,2024-02-02,11121.41
7589,149,2026-04-12,6824.41
7590,646,2025-08-17,3451.63
7591,325,2024-04-20,2648.61
7592,143,2025-03-30,10573.43
7593,639,2026-05-12,4327.86
7594,695,2026-07-29,718.06
7595,291,2024-05-13,10610.28
7596,871,2024-09-20,2258.26
7597,640,2024-05-20,707.75
7598,21,2024-12-25,4406.93
7599,303,2026-04-20,1760.09
7600,877,2025-11-19,3126.64
7601,160,2024-09-07,5035.93
7602,859,2024-11-13,14.36
7603,467,2025-08-19,3928.59
7604,608,2025-08-05,8882.61
7605,618,2025-03-28,804.43
7606,461,2025-02-14,7019.69
7607,466,2026-06-29,3762.26
7608,511,2025-05-05,5565.47
7609,578,2026-02-01,2288.56
7610,664,2026-07-24,4294.69
7611,395,2024-11-22,10703.94
7612,393,2026-01-29,5635.93
7613,701,2026-03-04,934.72
7614,682,2024-08-01,8304.02
7615,585,2024-08-08,3266.98
7616,415,2024-06-06,164.35
7617,518,2025-08-23,1434.02
7618,514,2026-01-12,1090.65
7619,392,2026-01-02,3118.19
7620,161,2025-01-12,8492.78
7621,483,2025-11-16,6756.36
7622,399,2024-01-30,1833.48
7623,46,2025-10-02,5182.57
7624,860,2025-04-07,2114.34
7625,601,2026-03-20,2620.82
7626,103,2026-08-01,4616.31
7627,184,2025-06-26,800.16
7628,515,2025-08-29,2853.59
7629,775,2026-06-24,2893.56
7630,437,2024-11-30,1599.86
7631,732,2024-05-21,5115.16
7632,116,2025-05-08,5153.38
7633,476,2024-12-12,1213.26
7634,745,2025-09-10,761.96
7635,763,2026-02-02,3300.31
7636,217,2025-05-06,1375.44
7637,604,2024-10-27,2324.65
7638,36,2025-07-04,8.92
7639,128,2025-03-07,2866.59
7640,811,2024-06-30,2438.23
7641,667,2026-01-23,841.94
7642,187,2024-11-19,6440.72
7643,897,2025-06-09,2378.56
7644,894,2026-06-04,3684.16
7645,37,2024-07-01,6164.1
7646,24,2025-02-20,5396.41
7647,221,2024-06-19,568.1
7648,715,2025-03-01,3844.59
7649,538,2024-10-20,1570.98
7650,462,2026-06-11,7962.84
7651,374,2024-10-22,12509.62
7652,432,2025-08-21,8811.51
7653,574,2024-05-13,6327.58
7654,58,2025-03-20,3150.5
7655,528,2026-03-24,6775.6
7656,199,2025-10-17,328.72
7657,710,2024-10-02,1774.4
7658,176,2026-08-05,5201.64
7659,64,2026-02-21,2800.63
7660,392,2025-01-27,1012.92
7661,397,2026-08-07,5089.32
7662,467,2024-07-01,10167.31
7663,775,2024-11-19,9486.49
7664,630,2026-06-26,1804.4
7665,327,2026-08-03,11560.37
7666,654,2026-03-13,2168.2
7667,454,2024-07-05,3926.47
7668,202,2024-08-01,7649.3
7669,20,2025-09-23,3720.84
7670,4,2024-02-24,1331.53
7671,202,2026-08-24,2451.31
7672,738,2026-07-06,7647.33
7673,418,2026-02-27,2153.0
7674,407,2026-08-01,3163.17
7675,360,2024-08-11,3325.38
7676,231,2026-05-09,6029.1
7677,644,2024-09-07,7268.91
7678,12,2024-04-28,4410.84
7679,551,2024-09-12,2370.71
7680,844,2026-01-25,4118.04
7681,793,2026-07-08,2267.02
7682,333,2025-08-19,12307.73
7683,770,2024-08-27,3170.22
7684,214,2025-08-08,8633.98
7685,218,2025-05-11,8676.55
7686,310,2025-05-19,4429.21
7687,16,2024-12-07,4923.88
7688,240,2024-05-15,4939.94
7689,770,2024-12-18,5786.34
7690,687,2026-05-18,945.89
7691,297,2025-02-02,16618.01
7692,282,2024-01-21,4067.15
7693,313,2024-12-02,10125.89
7694,108,2025-03-25,4137.64
7695,143,2025-08-07,4353.82
7696,894,2025-09-17,1896.01
7697,624,2025-02-18,2201.34
7698,610,2024-05-19,252.12
7699,253,2025-03-05,14357.99
7700,771,2024-01-04,8854.65
7701,160,2025-05-08,1888.61
7702,872,2025-03-10,3785.08
7703,454,2024-12-13,5854.63
7704,298,2025-10-07,1047.0
7705,676,2026-01-05,1698.56
7706,376,2024-09-14,3326.95
7707,243,2025-05-05,10674.95
7708,616,2025-05-11,1829.63
7709,650,2025-05-11,5990.86
7710,543,2025-01-28,13808.63
7711,416,2024-07-23,8939.31
7712,296,2024-06-16,898.7
7713,364,2024-01-31,2278.6
7714,787,2024-02-20,3347.62
7715,324,2026-02-28,1563.08
7716,871,2024-03-09,7827.71
7717,132,2026-04-14,784.63
7718,147,2026-05-24,1872.81
7719,300,2024-08-23,4880.49
7720,3,2025-03-07,3592.94
7721,792,2024-12-17,1538.89
7722,307,2025-01-19,11586.61
7723,92,2024-12-15,1129.13
7724,557,2024-11-29,6945.04
7725,863,2025-10-29,5625.78
7726,895,2025-02-06,5909.84
7727,97,2024-07-01,501.34
7728,714,2025-01-04,3383.92
7729,326,2026-08-12,4492.9
7730,753,2026-08-21,5089.44
7731,546,2024-03-01,3018.14
7732,659,2025-07-15,6020.61
7733,755,2026-08-07,3182.56
7734,806,2024-07-08,1455.16
7735,130,2024-03-08,1561.87
7736,652,2024-07-25,5297.79
7737,127,2024-11-05,1644.2
7738,850,2026-06-30,6413.15
7739,566,2024-09-01,1631.91
7740,174,2024-11-19,984.8
7741,264,2024-09-10,14515.31
7742,807,2025-01-16,9969.56
7743,581,2026-08-27,3967.43
7744,207,2024-03-22,2193.25
7745,739,2025-03-22,6508.87
7746,647,2025-08-21,16935.51
7747,70,2024-04-26,2465.23
7748,255,2024-02-13,14068.08
7749,761,2026-08-15,2182.14
7750,316,2024-09-19,640.63
7751,34,2024-08-24,3779.85
7752,544,2024-12-05,483.23
7753,809,2024-03-11,6237.08
7754,501,2024-05-23,900.0
7755,879,2024-01-24,5505.4
7756,103,2025-06-05,7412.21
7757,601,2025-03-27,13088.22
7758,585,2024-09-24,651.86
7759,886,2026-06-14,1870.19
7760,470,2024-10-24,2605.81
7761,740,2024-01-17,5777.15
7762,131,2024-04-07,3177.55
7763,40,2025-12-08,1207.75
7764,645,2025-06-03,2159.81
7765,4,2024-09-10,4396.9
7766,788,2024-08-29,2434.32
7767,19,2024-08-01,11708.47
7768,620,2025-02-15,5052.76
7769,407,2025-11-17,1209.18
7770,581,2025-09-14,3473.52
7771,562,2025-12-30,6070.15
7772,400,2024-02-10,4673.33
7773,434,2025-06-29,2290.86
7774,454,2026-01-15,2991.06
7775,610,2024-07-16,3385.29
7776,640,2025-07-22,8095.02
7777,405,2024-01-07,6210.49
7778,318,2026-06-06,627.38
7779,39,2025-12-19,11271.69
7780,702,2025-08-30,14005.3
7781,204,2025-08-07,2517.54
7782,391,2025-10-15,5516.28
7783,894,2025-02-15,21686.2
7784,707,2026-07-31,3652.98
7785,312,2024-07-27,4381.42
7786,428,2026-03-01,6585.03
7787,293,2026-01-12,10171.02
7788,564,2026-03-27,382.07
7789,138,2024-03-10,3554.8
7790,858,2025-03-09,10144.66
7791,889,2025-09-18,6765.28
7792,269,2025-08-26,5073.97
7793,208,2025-11-02,4404.73
7794,486,2025-09-10,9753.95
7795,583,2024-08-05,6117.3
7796,580,2026-03-18,13222.06
7797,38,2025-04-16,3144.05
7798,640,2026-08-04,173.67
7799,60,2025-05-22,8837.11
7800,308,2025-06-08,2835.07
7801,646,2025-07-30,3887.53
7802,799,2026-04-29,4653.82
7803,572,2026-05-28,2235.71
7804,144,2025-07-24,858.3
7805,613,2025-06-16,8393.44
7806,34,2024-02-23,15.9
7807,208,2024-03-06,17385.19
7808,112,2025-12-19,3979.3
7809,887,2024-12-02,180.12
7810,332,2025-03-01,9412.97
7811,503,2025-09-04,368.19
7812,712,2024-08-04,2147.58
7813,873,2024-11-20,14329.41
7814,896,2024-02-11,5718.22
7815,148,2026-01-18,5022.16
7816,355,2025-05-10,5623.73
7817,365,2024-07-04,1454.5
7818,717,2025-08-04,5887.28
7819,303,2024-05-19,5261.79
7820,209,2026-01-31,3337.54
7821,680,2024-08-13,11382.91
7822,446,2024-09-20,7450.08
7823,673,2026-05-04,1050.25
7824,342,2025-12-25,2611.74
7825,438,2025-10-25,2112.59
7826,9,2025-08-09,1504.82
7827,15,2025-05-22,10332.11
7828,1,2024-07-06,2597.84
7829,158,2024-10-19,7563.17
7830,313,2026-07-27,6006.67
7831,46,2026-06-14,1016.34
7832,145,2025-12-09,10329.38
7833,763,2026-05-16,3656.03
7834,770,2026-02-23,2603.83
7835,261,2025-01-24,694.46
7836,852,2025-11-28,1606.89
7837,107,2026-01-03,1230.2
7838,29,2024-05-14,470.78
7839,319,2026-06-09,5643.08
7840,239,2025-04-25,1295.17
7841,70,2024-11-01,4197.52
7842,763,2025-04-07,9512.73
7843,881,2024-11-16,6866.82
7844,244,2024-11-20,4791.49
7845,284,2025-06-16,219.4
7846,647,2026-08-30,474.49
7847,840,2025-02-02,2003.32
7848,259,2024-07-28,5131.04
7849,615,2026-01-12,1267.59
7850,21,2024-10-14,1227.13
7851,510,2025-06-07,9144.75
7852,889,2024-09-04,2956.99
7853,428,2024-07-25,511.75
7854,578,2024-09-02,5240.95
7855,619,2024-12-13,834.01
7856,570,2026-07-20,5123.38
7857,618,2025-10-16,2511.43
7858,799,2025-11-09,3862.4
7859,10,2024-02-22,1184.4
7860,797,2024-01-11,2362.47
7861,818,2024-11-29,2022.44
7862,814,2026-05-15,1373.03
7863,332,2024-01-16,2445.41
7864,525,2026-01-16,221.74
7865,318,2026-03-11,6518.06
7866,757,2024-09-27,6206.11
7867,366,2024-04-24,2596.14
7868,282,2024-05-29,2675.36
7869,617,2024-03-16,2352.61
7870,45,2026-04-02,6502.95
7871,339,2026-02-05,1911.28
7872,186,2025-10-17,7802.59
7873,337,2024-03-28,723.26
7874,404,2026-07-15,7838.16
7875,58,2025-10-29,115.84
7876,779,2026-03-18,2261.39
7877,375,2025-01-05,6609.81
7878,323,2024-07-11,7490.92
7879,135,2026-03-12,767.26
7880,897,2024-02-20,5360.05
7881,771,2024-06-27,4877.23
7882,434,2024-05-29,5622.99
7883,302,2024-03-23,19931.5
7884,421,2025-06-21,21541.46
7885,865,2024-08-10,9446.58
7886,200,2026-07-30,1302.57
7887,617,2026-06-27,2126.68
7888,814,2024-06-13,4001.34
7889,681,2026-03-19,2277.44
7890,784,2024-02-08,1312.22
7891,853,2024-10-05,7596.05
7892,54,2025-10-05,743.8
7893,216,2024-07-19,138.36
7894,130,2024-03-17,6238.96
7895,511,2024-06-01,6055.36
7896,367,2025-10-04,506.32
7897,37,2024-08-03,487.05
7898,502,2024-08-27,3197.87
7899,91,2024-07-18,4289.85
7900,367,2026-05-09,2353.21
7901,330,2026-05-15,1871.96
7902,805,2026-02-23,3016.92
7903,615,2024-01-20,5833.93
7904,562,2024-09-01,542.65
7905,749,2026-05-08,3695.08
7906,163,2025-06-24,1312.7
7907,231,2024-02-10,18067.68
7908,678,2024-08-30,3908.36
7909,675,2026-03-17,10895.69
7910,20,2026-05-07,5563.34
7911,202,2025-02-19,14125.88
7912,205,2024-05-27,3071.69
7913,6,2024-03-16,3487.56
7914,596,2024-08-07,2654.43
7915,49,2026-02-18,1522.68
7916,758,2026-03-16,596.92
7917,528,2024-09-07,4316.36
7918,686,2026-08-10,7375.81
7919,448,2026-05-06,2898.4
7920,874,2026-08-20,1987.91
7921,244,2026-01-03,10603.03
7922,503,2025-07-12,969.78
7923,6,2026-08-15,3340.23
7924,750,2025-11-02,6297.96
7925,512,2026-03-22,1275.31
7926,159,2025-01-27,3384.23
7927,736,2024-08-22,7596.53
7928,891,2025-07-13,1254.08
7929,62,2025-02-02,5687.88
7930,762,2024-12-08,370.01
7931,663,2025-11-10,2845.26
7932,319,2025-08-18,8654.43
7933,572,2024-11-04,5894.31
7934,707,2024-08-23,9094.19
7935,432,2025-06-16,2953.5
7936,600,2024-11-14,1397.77
7937,44,2024-08-19,3104.38
7938,833,2024-08-04,7898.52
7939,832,2025-10-08,11700.59
7940,190,2025-02-08,16061.18
7941,430,2024-11-29,2051.67
7942,215,2024-04-22,289.51
7943,360,2024-02-23,166.13
7944,248,2025-11-08,718.26
7945,776,2026-08-01,7258.64
7946,626,2024-11-12,5019.88
7947,762,2026-04-02,5310.85
7948,714,2025-08-09,3045.91
7949,655,2024-10-23,2043.78
7950,150,2025-07-06,10481.15
7951,747,2024-05-06,64.28
7952,705,2024-11-25,802.88
7953,112,2025-12-17,6107.37
7954,79,2026-04-09,2280.33
7955,685,2024-08-03,7026.57
7956,352,2026-06-06,6431.01
7957,296,2025-08-13,5835.87
7958,357,2024-08-11,5568.68
7959,781,2026-01-29,7613.86
7960,328,2026-05-09,7617.62
7961,334,2024-09-22,3419.45
7962,360,2024-04-13,2617.75
7963,49,2024-10-04,4681.22
7964,34,2026-01-07,9380.82
7965,373,2024-03-01,1418.16
7966,16,2024-10-08,2835.8
7967,682,2024-11-07,1942.43
7968,382,2024-01-17,1123.37
7969,451,2025-08-05,2142.76
7970,303,2026-02-24,663.8
7971,688,2024-05-31,538.47
7972,385,2026-05-14,12733.25
7973,32,2026-07-18,977.28
7974,440,2026-04-28,5791.75
7975,160,2025-12-05,16031.77
7976,536,2025-03-12,8756.99
7977,508,2024-07-17,5597.78
7978,428,2026-06-09,6467.2
7979,347,2025-06-01,1980.33
7980,537,2025-03-16,8926.81
7981,613,2025-01-16,13659.87
7982,791,2024-07-31,2405.3
7983,867,2025-01-07,504.78
7984,75,2026-02-17,7365.18
7985,594,2025-06-29,19658.89
7986,77,2025-01-20,1111.9
7987,376,2024-04-15,2875.89
7988,668,2025-02-08,1826.0
7989,489,2024-07-28,4128.01
7990,728,2025-01-22,1519.38
7991,822,2024-05-25,2775.54
7992,877,2026-07-13,1013.19
7993,606,2024-06-18,178.47
7994,607,2024-05-01,3093.91
7995,723,2025-09-30,6155.68
7996,210,2024-12-01,702.01
7997,272,2026-08-29,17318.92
7998,308,2025-01-28,5261.23
7999,670,2025-09-26,1983.45
8000,317,2026-03-24,10099.74
